unique_id,metric,value,model
19386,mae,673.7777777777778,SeasonalNaive
19392,mae,45.5,SeasonalNaive
19393,mae,357.77777777777777,SeasonalNaive
19514,mae,6.5,SeasonalNaive
19515,mae,63.72222222222222,SeasonalNaive
19517,mae,3.6666666666666665,SeasonalNaive
19519,mae,53.529411764705884,SeasonalNaive
19520,mae,10.428571428571429,SeasonalNaive
19521,mae,26.77777777777778,SeasonalNaive
19522,mae,78.44444444444444,SeasonalNaive
19523,mae,318.3888888888889,SeasonalNaive
19524,mae,16.444444444444443,SeasonalNaive
19526,mae,2.388888888888889,SeasonalNaive
19527,mae,29.11111111111111,SeasonalNaive
19528,mae,11.0,SeasonalNaive
19529,mae,54.833333333333336,SeasonalNaive
19530,mae,8.61111111111111,SeasonalNaive
19531,mae,499.8888888888889,SeasonalNaive
19532,mae,95.05555555555556,SeasonalNaive
19533,mae,22.11111111111111,SeasonalNaive
19534,mae,495.3888888888889,SeasonalNaive
19535,mae,13.055555555555555,SeasonalNaive
19536,mae,29.38888888888889,SeasonalNaive
19537,mae,236.77777777777777,SeasonalNaive
19538,mae,29.333333333333332,SeasonalNaive
19539,mae,28.5,SeasonalNaive
19540,mae,266.3888888888889,SeasonalNaive
19541,mae,13.352941176470589,SeasonalNaive
19542,mae,53.55555555555556,SeasonalNaive
19543,mae,75.0,SeasonalNaive
19544,mae,350.05555555555554,SeasonalNaive
19545,mae,13.555555555555555,SeasonalNaive
19546,mae,83.22222222222223,SeasonalNaive
19547,mae,56.388888888888886,SeasonalNaive
19548,mae,90.61111111111111,SeasonalNaive
19549,mae,191.38888888888889,SeasonalNaive
19550,mae,60.72222222222222,SeasonalNaive
19551,mae,51.611111111111114,SeasonalNaive
19552,mae,29.444444444444443,SeasonalNaive
19553,mae,17.77777777777778,SeasonalNaive
19554,mae,99.55555555555556,SeasonalNaive
19555,mae,53.22222222222222,SeasonalNaive
19556,mae,66.5,SeasonalNaive
19557,mae,18.055555555555557,SeasonalNaive
19558,mae,37.94444444444444,SeasonalNaive
19559,mae,328.5,SeasonalNaive
19561,mae,6.777777777777778,SeasonalNaive
19562,mae,93.33333333333333,SeasonalNaive
19563,mae,2.111111111111111,SeasonalNaive
19564,mae,47.77777777777778,SeasonalNaive
19565,mae,5.882352941176471,SeasonalNaive
19566,mae,41.22222222222222,SeasonalNaive
19567,mae,82.27777777777777,SeasonalNaive
19568,mae,7.777777777777778,SeasonalNaive
19569,mae,5.888888888888889,SeasonalNaive
19570,mae,5.833333333333333,SeasonalNaive
19571,mae,29.833333333333332,SeasonalNaive
19572,mae,105.17647058823529,SeasonalNaive
19573,mae,55.94444444444444,SeasonalNaive
19574,mae,180.05555555555554,SeasonalNaive
19575,mae,1.2222222222222223,SeasonalNaive
19576,mae,81.94444444444444,SeasonalNaive
19577,mae,82.70588235294117,SeasonalNaive
19579,mae,6.411764705882353,SeasonalNaive
19580,mae,32.166666666666664,SeasonalNaive
19614,mae,23.88888888888889,SeasonalNaive
19616,mae,1.0,SeasonalNaive
19620,mae,4.714285714285714,SeasonalNaive
19623,mae,102.55555555555556,SeasonalNaive
19624,mae,12.0,SeasonalNaive
19635,mae,,SeasonalNaive
19650,mae,49.666666666666664,SeasonalNaive
19658,mae,66.0,SeasonalNaive
19662,mae,12.88888888888889,SeasonalNaive
19677,mae,32.294117647058826,SeasonalNaive
19678,mae,,SeasonalNaive
19682,mae,173.61111111111111,SeasonalNaive
19687,mae,81.11111111111111,SeasonalNaive
19690,mae,24.555555555555557,SeasonalNaive
19704,mae,1177.611111111111,SeasonalNaive
19728,mae,2.111111111111111,SeasonalNaive
19746,mae,5.722222222222222,SeasonalNaive
19747,mae,14.11111111111111,SeasonalNaive
19770,mae,552.4444444444445,SeasonalNaive
19778,mae,42.642857142857146,SeasonalNaive
19779,mae,77.5,SeasonalNaive
19789,mae,102.83333333333333,SeasonalNaive
19790,mae,478.8333333333333,SeasonalNaive
19791,mae,60.27777777777778,SeasonalNaive
19795,mae,5.444444444444445,SeasonalNaive
19804,mae,4.470588235294118,SeasonalNaive
19805,mae,902.6666666666666,SeasonalNaive
19812,mae,51.44444444444444,SeasonalNaive
19821,mae,538.5,SeasonalNaive
19829,mae,28.875,SeasonalNaive
19830,mae,78.05555555555556,SeasonalNaive
19839,mae,41.611111111111114,SeasonalNaive
19840,mae,31.88888888888889,SeasonalNaive
19852,mae,113.44444444444444,SeasonalNaive
19855,mae,3.3333333333333335,SeasonalNaive
19856,mae,17.88888888888889,SeasonalNaive
19858,mae,22.714285714285715,SeasonalNaive
19865,mae,23.666666666666668,SeasonalNaive
19869,mae,28.2,SeasonalNaive
19873,mae,46.111111111111114,SeasonalNaive
19874,mae,26.142857142857142,SeasonalNaive
19875,mae,65.66666666666667,SeasonalNaive
19891,mae,20.944444444444443,SeasonalNaive
19892,mae,46.0,SeasonalNaive
19893,mae,32.388888888888886,SeasonalNaive
19894,mae,33.388888888888886,SeasonalNaive
19895,mae,14.625,SeasonalNaive
19896,mae,33.411764705882355,SeasonalNaive
19897,mae,7.777777777777778,SeasonalNaive
19898,mae,80.5,SeasonalNaive
19900,mae,9.777777777777779,SeasonalNaive
19910,mae,9.875,SeasonalNaive
19911,mae,57.0,SeasonalNaive
19912,mae,42.55555555555556,SeasonalNaive
19917,mae,68.55555555555556,SeasonalNaive
19930,mae,125.16666666666667,SeasonalNaive
19932,mae,34.2,SeasonalNaive
19933,mae,30.944444444444443,SeasonalNaive
19949,mae,12.444444444444445,SeasonalNaive
19952,mae,170.11111111111111,SeasonalNaive
19953,mae,57.642857142857146,SeasonalNaive
19954,mae,5.4,SeasonalNaive
19956,mae,62.22222222222222,SeasonalNaive
19958,mae,50.166666666666664,SeasonalNaive
19961,mae,53.35294117647059,SeasonalNaive
19972,mae,17.384615384615383,SeasonalNaive
19976,mae,26.4,SeasonalNaive
19977,mae,742.8333333333334,SeasonalNaive
19985,mae,7.176470588235294,SeasonalNaive
19991,mae,97.16666666666667,SeasonalNaive
19994,mae,32.388888888888886,SeasonalNaive
19995,mae,66.77777777777777,SeasonalNaive
19996,mae,16.88888888888889,SeasonalNaive
20003,mae,7.111111111111111,SeasonalNaive
20005,mae,41.77777777777778,SeasonalNaive
20007,mae,40.5,SeasonalNaive
20010,mae,32.22222222222222,SeasonalNaive
20016,mae,94.27777777777777,SeasonalNaive
20017,mae,80.11111111111111,SeasonalNaive
20019,mae,56.0,SeasonalNaive
20023,mae,5.846153846153846,SeasonalNaive
20025,mae,45.833333333333336,SeasonalNaive
20028,mae,28.944444444444443,SeasonalNaive
20029,mae,27.27777777777778,SeasonalNaive
20030,mae,1.5833333333333333,SeasonalNaive
20034,mae,5.8125,SeasonalNaive
20042,mae,96.88888888888889,SeasonalNaive
20043,mae,2.0555555555555554,SeasonalNaive
20045,mae,4.0,SeasonalNaive
20046,mae,313.8333333333333,SeasonalNaive
20057,mae,12.555555555555555,SeasonalNaive
20059,mae,8.444444444444445,SeasonalNaive
20064,mae,3.4444444444444446,SeasonalNaive
20065,mae,77.83333333333333,SeasonalNaive
20075,mae,11.941176470588236,SeasonalNaive
20080,mae,6.111111111111111,SeasonalNaive
20085,mae,17.666666666666668,SeasonalNaive
20088,mae,50.35294117647059,SeasonalNaive
20089,mae,4.176470588235294,SeasonalNaive
20090,mae,126.75,SeasonalNaive
20095,mae,52.05555555555556,SeasonalNaive
20100,mae,21.77777777777778,SeasonalNaive
20104,mae,5.666666666666667,SeasonalNaive
20105,mae,31.38888888888889,SeasonalNaive
20106,mae,15.764705882352942,SeasonalNaive
20107,mae,95.5,SeasonalNaive
20108,mae,84.55555555555556,SeasonalNaive
20110,mae,3.5,SeasonalNaive
20111,mae,17.166666666666668,SeasonalNaive
20114,mae,1.4444444444444444,SeasonalNaive
20116,mae,79.88888888888889,SeasonalNaive
20119,mae,9.5,SeasonalNaive
20120,mae,18.555555555555557,SeasonalNaive
20123,mae,23.72222222222222,SeasonalNaive
20127,mae,72.0,SeasonalNaive
20133,mae,25.27777777777778,SeasonalNaive
20136,mae,3.6153846153846154,SeasonalNaive
20138,mae,19.055555555555557,SeasonalNaive
20140,mae,23.666666666666668,SeasonalNaive
20147,mae,117.44444444444444,SeasonalNaive
20148,mae,6.555555555555555,SeasonalNaive
20149,mae,26.11111111111111,SeasonalNaive
20151,mae,36.05555555555556,SeasonalNaive
20152,mae,113.05555555555556,SeasonalNaive
20153,mae,29.61111111111111,SeasonalNaive
20155,mae,65.33333333333333,SeasonalNaive
20156,mae,31.11111111111111,SeasonalNaive
20162,mae,10.470588235294118,SeasonalNaive
20166,mae,47.77777777777778,SeasonalNaive
20167,mae,58.27777777777778,SeasonalNaive
20169,mae,10.071428571428571,SeasonalNaive
20170,mae,336.73333333333335,SeasonalNaive
20173,mae,307.8888888888889,SeasonalNaive
20177,mae,10.61111111111111,SeasonalNaive
20183,mae,8.944444444444445,SeasonalNaive
20185,mae,23.11111111111111,SeasonalNaive
20188,mae,24.333333333333332,SeasonalNaive
20190,mae,38.529411764705884,SeasonalNaive
20191,mae,90.0,SeasonalNaive
20193,mae,154.27777777777777,SeasonalNaive
20194,mae,70.88888888888889,SeasonalNaive
20195,mae,32.666666666666664,SeasonalNaive
20200,mae,24.11111111111111,SeasonalNaive
20201,mae,17.764705882352942,SeasonalNaive
20203,mae,59.166666666666664,SeasonalNaive
20204,mae,76.66666666666667,SeasonalNaive
20206,mae,764.8333333333334,SeasonalNaive
20207,mae,115.16666666666667,SeasonalNaive
20208,mae,37.166666666666664,SeasonalNaive
20209,mae,5.333333333333333,SeasonalNaive
20210,mae,13.428571428571429,SeasonalNaive
20211,mae,321.55555555555554,SeasonalNaive
20213,mae,4.352941176470588,SeasonalNaive
20214,mae,3.5384615384615383,SeasonalNaive
20216,mae,13.555555555555555,SeasonalNaive
20218,mae,40.8125,SeasonalNaive
20221,mae,4.555555555555555,SeasonalNaive
20222,mae,5.666666666666667,SeasonalNaive
20227,mae,19.38888888888889,SeasonalNaive
20229,mae,225.5,SeasonalNaive
20230,mae,26.88888888888889,SeasonalNaive
20231,mae,72.05555555555556,SeasonalNaive
20232,mae,56.388888888888886,SeasonalNaive
20233,mae,29.333333333333332,SeasonalNaive
20234,mae,12.166666666666666,SeasonalNaive
20237,mae,354.125,SeasonalNaive
20250,mae,131.83333333333334,SeasonalNaive
20253,mae,194.27777777777777,SeasonalNaive
20254,mae,180.22222222222223,SeasonalNaive
20263,mae,1.3333333333333333,SeasonalNaive
20266,mae,2.4,SeasonalNaive
20268,mae,3.4444444444444446,SeasonalNaive
20272,mae,84.61111111111111,SeasonalNaive
20277,mae,96.5,SeasonalNaive
20278,mae,9.166666666666666,SeasonalNaive
20280,mae,77.22222222222223,SeasonalNaive
20284,mae,13.571428571428571,SeasonalNaive
20286,mae,54.94444444444444,SeasonalNaive
20292,mae,134.66666666666666,SeasonalNaive
20293,mae,1033.4444444444443,SeasonalNaive
20296,mae,23.823529411764707,SeasonalNaive
20302,mae,,SeasonalNaive
20303,mae,6.117647058823529,SeasonalNaive
20304,mae,403.3333333333333,SeasonalNaive
20305,mae,41.333333333333336,SeasonalNaive
20308,mae,30.8125,SeasonalNaive
20309,mae,7.222222222222222,SeasonalNaive
20310,mae,57.8235294117647,SeasonalNaive
20312,mae,46.888888888888886,SeasonalNaive
20313,mae,76.38888888888889,SeasonalNaive
20314,mae,3.4,SeasonalNaive
20331,mae,3.6,SeasonalNaive
20334,mae,35.22222222222222,SeasonalNaive
20335,mae,65.9090909090909,SeasonalNaive
20344,mae,160.26666666666668,SeasonalNaive
20348,mae,2.888888888888889,SeasonalNaive
20355,mae,242.38888888888889,SeasonalNaive
20356,mae,47.72222222222222,SeasonalNaive
20357,mae,19.444444444444443,SeasonalNaive
20359,mae,1.0,SeasonalNaive
20360,mae,5.388888888888889,SeasonalNaive
20362,mae,6.222222222222222,SeasonalNaive
20363,mae,396.22222222222223,SeasonalNaive
20364,mae,37.0,SeasonalNaive
20366,mae,382.0,SeasonalNaive
20368,mae,11.88888888888889,SeasonalNaive
20370,mae,42.833333333333336,SeasonalNaive
20372,mae,20.11111111111111,SeasonalNaive
20373,mae,2.75,SeasonalNaive
20374,mae,596.6666666666666,SeasonalNaive
20375,mae,10.944444444444445,SeasonalNaive
20377,mae,61.94444444444444,SeasonalNaive
20378,mae,214.66666666666666,SeasonalNaive
20380,mae,3.6470588235294117,SeasonalNaive
20387,mae,33.05555555555556,SeasonalNaive
20392,mae,49.333333333333336,SeasonalNaive
20393,mae,281.3333333333333,SeasonalNaive
20394,mae,38.5,SeasonalNaive
20397,mae,192.55555555555554,SeasonalNaive
20398,mae,121.22222222222223,SeasonalNaive
20399,mae,45.888888888888886,SeasonalNaive
20400,mae,77.92857142857143,SeasonalNaive
20401,mae,180.33333333333334,SeasonalNaive
20402,mae,18.58823529411765,SeasonalNaive
20405,mae,19.944444444444443,SeasonalNaive
20406,mae,1.8,SeasonalNaive
20408,mae,5.083333333333333,SeasonalNaive
20409,mae,764.8333333333334,SeasonalNaive
20414,mae,606.3333333333334,SeasonalNaive
20415,mae,36.27777777777778,SeasonalNaive
20416,mae,619.3888888888889,SeasonalNaive
20417,mae,515.1666666666666,SeasonalNaive
20418,mae,111.5,SeasonalNaive
20421,mae,133.27777777777777,SeasonalNaive
20422,mae,58.611111111111114,SeasonalNaive
20423,mae,63.0,SeasonalNaive
20427,mae,182.94444444444446,SeasonalNaive
20428,mae,9.277777777777779,SeasonalNaive
20436,mae,87.55555555555556,SeasonalNaive
20437,mae,260.22222222222223,SeasonalNaive
20440,mae,21.22222222222222,SeasonalNaive
20445,mae,159.88888888888889,SeasonalNaive
20446,mae,5.5,SeasonalNaive
20447,mae,58.411764705882355,SeasonalNaive
20448,mae,319.5,SeasonalNaive
20452,mae,247.55555555555554,SeasonalNaive
20453,mae,150.61111111111111,SeasonalNaive
20500,mae,166.05555555555554,SeasonalNaive
21007,mae,2.5555555555555554,SeasonalNaive
21008,mae,,SeasonalNaive
21035,mae,0.5714285714285714,SeasonalNaive
21040,mae,2.625,SeasonalNaive
21059,mae,3.2222222222222223,SeasonalNaive
21061,mae,49.35294117647059,SeasonalNaive
21080,mae,119.0,SeasonalNaive
21084,mae,23.61111111111111,SeasonalNaive
21094,mae,3.111111111111111,SeasonalNaive
21107,mae,132.55555555555554,SeasonalNaive
21121,mae,74.27777777777777,SeasonalNaive
21131,mae,3.0714285714285716,SeasonalNaive
21134,mae,1.3333333333333333,SeasonalNaive
21136,mae,,SeasonalNaive
21142,mae,16.88888888888889,SeasonalNaive
21147,mae,1.8666666666666667,SeasonalNaive
21158,mae,,SeasonalNaive
21160,mae,3.375,SeasonalNaive
21161,mae,363.0,SeasonalNaive
21167,mae,207.22222222222223,SeasonalNaive
21171,mae,19.61111111111111,SeasonalNaive
21186,mae,1.5,SeasonalNaive
21196,mae,2.6666666666666665,SeasonalNaive
21202,mae,3.388888888888889,SeasonalNaive
21226,mae,124.55555555555556,SeasonalNaive
21231,mae,11.88888888888889,SeasonalNaive
21236,mae,43.05882352941177,SeasonalNaive
21258,mae,60.666666666666664,SeasonalNaive
21261,mae,1.5555555555555556,SeasonalNaive
21262,mae,16.555555555555557,SeasonalNaive
21266,mae,3.6,SeasonalNaive
21271,mae,38.0,SeasonalNaive
21306,mae,1.1428571428571428,SeasonalNaive
21308,mae,2.6875,SeasonalNaive
21309,mae,2.611111111111111,SeasonalNaive
21331,mae,1.6666666666666667,SeasonalNaive
21342,mae,168.55555555555554,SeasonalNaive
21351,mae,268.6111111111111,SeasonalNaive
21352,mae,10.294117647058824,SeasonalNaive
21356,mae,16.055555555555557,SeasonalNaive
21361,mae,134.66666666666666,SeasonalNaive
21366,mae,9.928571428571429,SeasonalNaive
21376,mae,38.333333333333336,SeasonalNaive
21395,mae,8.722222222222221,SeasonalNaive
21402,mae,1.4285714285714286,SeasonalNaive
21406,mae,1.4545454545454546,SeasonalNaive
21407,mae,0.9166666666666666,SeasonalNaive
21411,mae,141.72727272727272,SeasonalNaive
21416,mae,82.55555555555556,SeasonalNaive
21421,mae,1.0,SeasonalNaive
21423,mae,2.1538461538461537,SeasonalNaive
21427,mae,52.111111111111114,SeasonalNaive
21433,mae,58.22222222222222,SeasonalNaive
21437,mae,21.0,SeasonalNaive
21439,mae,2154.294117647059,SeasonalNaive
21440,mae,7.944444444444445,SeasonalNaive
21447,mae,1.9090909090909092,SeasonalNaive
21463,mae,17.61111111111111,SeasonalNaive
21467,mae,2.4705882352941178,SeasonalNaive
21487,mae,54.55555555555556,SeasonalNaive
21492,mae,53.55555555555556,SeasonalNaive
21528,mae,22.77777777777778,SeasonalNaive
21552,mae,1.0,SeasonalNaive
21557,mae,14.222222222222221,SeasonalNaive
21567,mae,7.277777777777778,SeasonalNaive
21568,mae,27.941176470588236,SeasonalNaive
21569,mae,1.0,SeasonalNaive
21578,mae,154.11111111111111,SeasonalNaive
21579,mae,283.05555555555554,SeasonalNaive
21580,mae,3.6666666666666665,SeasonalNaive
21587,mae,37.72222222222222,SeasonalNaive
21590,mae,2.1538461538461537,SeasonalNaive
21592,mae,92.0,SeasonalNaive
21605,mae,145.16666666666666,SeasonalNaive
21607,mae,7.0,SeasonalNaive
21608,mae,5.055555555555555,SeasonalNaive
21610,mae,206.5,SeasonalNaive
21611,mae,431.05555555555554,SeasonalNaive
21615,mae,6.666666666666667,SeasonalNaive
21626,mae,20.88888888888889,SeasonalNaive
21629,mae,30.61111111111111,SeasonalNaive
21635,mae,10.722222222222221,SeasonalNaive
21638,mae,35.388888888888886,SeasonalNaive
21646,mae,2.272727272727273,SeasonalNaive
21656,mae,2.3076923076923075,SeasonalNaive
21659,mae,22.72222222222222,SeasonalNaive
21670,mae,32.666666666666664,SeasonalNaive
21674,mae,33.22222222222222,SeasonalNaive
21692,mae,2.875,SeasonalNaive
21694,mae,8.5,SeasonalNaive
19386,mse,616219.4444444445,SeasonalNaive
19392,mse,3572.722222222222,SeasonalNaive
19393,mse,237183.33333333334,SeasonalNaive
19514,mse,57.125,SeasonalNaive
19515,mse,6891.5,SeasonalNaive
19517,mse,41.888888888888886,SeasonalNaive
19519,mse,3762.1176470588234,SeasonalNaive
19520,mse,195.28571428571428,SeasonalNaive
19521,mse,1146.7777777777778,SeasonalNaive
19522,mse,9410.333333333334,SeasonalNaive
19523,mse,186111.72222222222,SeasonalNaive
19524,mse,541.0,SeasonalNaive
19526,mse,8.277777777777779,SeasonalNaive
19527,mse,1120.5555555555557,SeasonalNaive
19528,mse,147.66666666666666,SeasonalNaive
19529,mse,7926.166666666667,SeasonalNaive
19530,mse,122.38888888888889,SeasonalNaive
19531,mse,448291.55555555556,SeasonalNaive
19532,mse,13357.722222222223,SeasonalNaive
19533,mse,963.4444444444445,SeasonalNaive
19534,mse,315986.8333333333,SeasonalNaive
19535,mse,437.1666666666667,SeasonalNaive
19536,mse,1141.7222222222222,SeasonalNaive
19537,mse,83164.88888888889,SeasonalNaive
19538,mse,1371.5555555555557,SeasonalNaive
19539,mse,1932.9444444444443,SeasonalNaive
19540,mse,181397.83333333334,SeasonalNaive
19541,mse,643.4705882352941,SeasonalNaive
19542,mse,5728.222222222223,SeasonalNaive
19543,mse,18778.0,SeasonalNaive
19544,mse,169635.38888888888,SeasonalNaive
19545,mse,248.22222222222223,SeasonalNaive
19546,mse,11676.666666666666,SeasonalNaive
19547,mse,5273.5,SeasonalNaive
19548,mse,12298.611111111111,SeasonalNaive
19549,mse,57131.38888888889,SeasonalNaive
19550,mse,11731.277777777777,SeasonalNaive
19551,mse,3912.3888888888887,SeasonalNaive
19552,mse,1505.111111111111,SeasonalNaive
19553,mse,390.6666666666667,SeasonalNaive
19554,mse,56591.88888888889,SeasonalNaive
19555,mse,3627.8888888888887,SeasonalNaive
19556,mse,7971.833333333333,SeasonalNaive
19557,mse,435.6111111111111,SeasonalNaive
19558,mse,1995.0555555555557,SeasonalNaive
19559,mse,208433.72222222222,SeasonalNaive
19561,mse,142.88888888888889,SeasonalNaive
19562,mse,14644.888888888889,SeasonalNaive
19563,mse,8.666666666666666,SeasonalNaive
19564,mse,3425.3333333333335,SeasonalNaive
19565,mse,80.94117647058823,SeasonalNaive
19566,mse,2034.3333333333333,SeasonalNaive
19567,mse,12736.166666666666,SeasonalNaive
19568,mse,139.77777777777777,SeasonalNaive
19569,mse,49.111111111111114,SeasonalNaive
19570,mse,117.27777777777777,SeasonalNaive
19571,mse,4165.833333333333,SeasonalNaive
19572,mse,11771.529411764706,SeasonalNaive
19573,mse,6590.055555555556,SeasonalNaive
19574,mse,41916.38888888889,SeasonalNaive
19575,mse,4.777777777777778,SeasonalNaive
19576,mse,12744.388888888889,SeasonalNaive
19577,mse,9441.058823529413,SeasonalNaive
19579,mse,61.470588235294116,SeasonalNaive
19580,mse,1337.2777777777778,SeasonalNaive
19614,mse,913.5555555555555,SeasonalNaive
19616,mse,4.333333333333333,SeasonalNaive
19620,mse,41.0,SeasonalNaive
19623,mse,14701.777777777777,SeasonalNaive
19624,mse,290.6666666666667,SeasonalNaive
19635,mse,,SeasonalNaive
19650,mse,3476.222222222222,SeasonalNaive
19658,mse,6110.615384615385,SeasonalNaive
19662,mse,496.1111111111111,SeasonalNaive
19677,mse,1797.1176470588234,SeasonalNaive
19678,mse,,SeasonalNaive
19682,mse,41050.72222222222,SeasonalNaive
19687,mse,13272.555555555555,SeasonalNaive
19690,mse,1438.7777777777778,SeasonalNaive
19704,mse,1594209.9444444445,SeasonalNaive
19728,mse,9.777777777777779,SeasonalNaive
19746,mse,87.94444444444444,SeasonalNaive
19747,mse,334.0,SeasonalNaive
19770,mse,1786454.111111111,SeasonalNaive
19778,mse,2694.0714285714284,SeasonalNaive
19779,mse,21364.944444444445,SeasonalNaive
19789,mse,12961.611111111111,SeasonalNaive
19790,mse,1330040.1666666667,SeasonalNaive
19791,mse,5510.611111111111,SeasonalNaive
19795,mse,44.55555555555556,SeasonalNaive
19804,mse,79.05882352941177,SeasonalNaive
19805,mse,2778042.4444444445,SeasonalNaive
19812,mse,4137.0,SeasonalNaive
19821,mse,336576.8333333333,SeasonalNaive
19829,mse,1340.125,SeasonalNaive
19830,mse,7411.055555555556,SeasonalNaive
19839,mse,2213.3888888888887,SeasonalNaive
19840,mse,1025.2222222222222,SeasonalNaive
19852,mse,17384.555555555555,SeasonalNaive
19855,mse,27.666666666666668,SeasonalNaive
19856,mse,498.44444444444446,SeasonalNaive
19858,mse,809.1428571428571,SeasonalNaive
19865,mse,832.8666666666667,SeasonalNaive
19869,mse,1652.0666666666666,SeasonalNaive
19873,mse,3897.3333333333335,SeasonalNaive
19874,mse,739.0,SeasonalNaive
19875,mse,10695.111111111111,SeasonalNaive
19891,mse,492.05555555555554,SeasonalNaive
19892,mse,2586.0,SeasonalNaive
19893,mse,1098.611111111111,SeasonalNaive
19894,mse,1409.388888888889,SeasonalNaive
19895,mse,335.875,SeasonalNaive
19896,mse,1367.2941176470588,SeasonalNaive
19897,mse,75.22222222222223,SeasonalNaive
19898,mse,9154.5,SeasonalNaive
19900,mse,112.0,SeasonalNaive
19910,mse,151.5,SeasonalNaive
19911,mse,3853.3333333333335,SeasonalNaive
19912,mse,6001.333333333333,SeasonalNaive
19917,mse,6191.444444444444,SeasonalNaive
19930,mse,23860.055555555555,SeasonalNaive
19932,mse,1611.4,SeasonalNaive
19933,mse,1258.1666666666667,SeasonalNaive
19949,mse,216.11111111111111,SeasonalNaive
19952,mse,40606.22222222222,SeasonalNaive
19953,mse,4434.642857142857,SeasonalNaive
19954,mse,45.13333333333333,SeasonalNaive
19956,mse,5152.111111111111,SeasonalNaive
19958,mse,13653.944444444445,SeasonalNaive
19961,mse,5255.35294117647,SeasonalNaive
19972,mse,520.1538461538462,SeasonalNaive
19976,mse,1135.2,SeasonalNaive
19977,mse,1548902.1666666667,SeasonalNaive
19985,mse,56.8235294117647,SeasonalNaive
19991,mse,12501.166666666666,SeasonalNaive
19994,mse,1702.611111111111,SeasonalNaive
19995,mse,7011.333333333333,SeasonalNaive
19996,mse,692.0,SeasonalNaive
20003,mse,77.33333333333333,SeasonalNaive
20005,mse,3786.1111111111113,SeasonalNaive
20007,mse,2207.5,SeasonalNaive
20010,mse,1191.3333333333333,SeasonalNaive
20016,mse,11500.388888888889,SeasonalNaive
20017,mse,10285.222222222223,SeasonalNaive
20019,mse,4819.888888888889,SeasonalNaive
20023,mse,57.84615384615385,SeasonalNaive
20025,mse,2476.8333333333335,SeasonalNaive
20028,mse,1418.7222222222222,SeasonalNaive
20029,mse,1153.1666666666667,SeasonalNaive
20030,mse,4.916666666666667,SeasonalNaive
20034,mse,49.4375,SeasonalNaive
20042,mse,10475.777777777777,SeasonalNaive
20043,mse,13.277777777777779,SeasonalNaive
20045,mse,36.44444444444444,SeasonalNaive
20046,mse,127027.27777777778,SeasonalNaive
20057,mse,268.8888888888889,SeasonalNaive
20059,mse,105.33333333333333,SeasonalNaive
20064,mse,21.11111111111111,SeasonalNaive
20065,mse,11749.277777777777,SeasonalNaive
20075,mse,287.70588235294116,SeasonalNaive
20080,mse,48.666666666666664,SeasonalNaive
20085,mse,519.1111111111111,SeasonalNaive
20088,mse,6044.117647058823,SeasonalNaive
20089,mse,30.176470588235293,SeasonalNaive
20090,mse,23519.5,SeasonalNaive
20095,mse,3900.9444444444443,SeasonalNaive
20100,mse,764.2222222222222,SeasonalNaive
20104,mse,46.0,SeasonalNaive
20105,mse,1611.8333333333333,SeasonalNaive
20106,mse,571.1764705882352,SeasonalNaive
20107,mse,17080.055555555555,SeasonalNaive
20108,mse,8023.0,SeasonalNaive
20110,mse,20.944444444444443,SeasonalNaive
20111,mse,841.3888888888889,SeasonalNaive
20114,mse,3.4444444444444446,SeasonalNaive
20116,mse,10897.333333333334,SeasonalNaive
20119,mse,268.3888888888889,SeasonalNaive
20120,mse,538.3333333333334,SeasonalNaive
20123,mse,1251.5,SeasonalNaive
20127,mse,10812.117647058823,SeasonalNaive
20133,mse,955.5,SeasonalNaive
20136,mse,22.53846153846154,SeasonalNaive
20138,mse,436.72222222222223,SeasonalNaive
20140,mse,793.7777777777778,SeasonalNaive
20147,mse,18483.222222222223,SeasonalNaive
20148,mse,70.0,SeasonalNaive
20149,mse,993.8888888888889,SeasonalNaive
20151,mse,2236.9444444444443,SeasonalNaive
20152,mse,13483.166666666666,SeasonalNaive
20153,mse,1141.0555555555557,SeasonalNaive
20155,mse,5247.222222222223,SeasonalNaive
20156,mse,1143.0,SeasonalNaive
20162,mse,256.5882352941176,SeasonalNaive
20166,mse,6827.777777777777,SeasonalNaive
20167,mse,4630.166666666667,SeasonalNaive
20169,mse,169.92857142857142,SeasonalNaive
20170,mse,158999.13333333333,SeasonalNaive
20173,mse,107286.44444444444,SeasonalNaive
20177,mse,205.83333333333334,SeasonalNaive
20183,mse,173.38888888888889,SeasonalNaive
20185,mse,1776.3333333333333,SeasonalNaive
20188,mse,886.0,SeasonalNaive
20190,mse,2066.764705882353,SeasonalNaive
20191,mse,11668.777777777777,SeasonalNaive
20193,mse,27387.61111111111,SeasonalNaive
20194,mse,8508.777777777777,SeasonalNaive
20195,mse,1506.5555555555557,SeasonalNaive
20200,mse,975.6666666666666,SeasonalNaive
20201,mse,423.88235294117646,SeasonalNaive
20203,mse,4878.277777777777,SeasonalNaive
20204,mse,10468.222222222223,SeasonalNaive
20206,mse,1092766.1666666667,SeasonalNaive
20207,mse,19461.5,SeasonalNaive
20208,mse,2140.722222222222,SeasonalNaive
20209,mse,256.0,SeasonalNaive
20210,mse,572.2857142857143,SeasonalNaive
20211,mse,204741.44444444444,SeasonalNaive
20213,mse,22.823529411764707,SeasonalNaive
20214,mse,26.307692307692307,SeasonalNaive
20216,mse,351.1111111111111,SeasonalNaive
20218,mse,2013.9375,SeasonalNaive
20221,mse,37.55555555555556,SeasonalNaive
20222,mse,137.33333333333334,SeasonalNaive
20227,mse,425.3888888888889,SeasonalNaive
20229,mse,178524.5,SeasonalNaive
20230,mse,974.3333333333334,SeasonalNaive
20231,mse,6087.388888888889,SeasonalNaive
20232,mse,3687.3888888888887,SeasonalNaive
20233,mse,6305.777777777777,SeasonalNaive
20234,mse,272.94444444444446,SeasonalNaive
20237,mse,149883.625,SeasonalNaive
20250,mse,33931.055555555555,SeasonalNaive
20253,mse,50407.72222222222,SeasonalNaive
20254,mse,50608.333333333336,SeasonalNaive
20263,mse,3.6666666666666665,SeasonalNaive
20266,mse,10.266666666666667,SeasonalNaive
20268,mse,29.666666666666668,SeasonalNaive
20272,mse,9302.611111111111,SeasonalNaive
20277,mse,30795.38888888889,SeasonalNaive
20278,mse,207.94444444444446,SeasonalNaive
20280,mse,8440.444444444445,SeasonalNaive
20284,mse,424.85714285714283,SeasonalNaive
20286,mse,7023.166666666667,SeasonalNaive
20292,mse,19209.333333333332,SeasonalNaive
20293,mse,1612369.4444444445,SeasonalNaive
20296,mse,1123.7058823529412,SeasonalNaive
20302,mse,,SeasonalNaive
20303,mse,64.94117647058823,SeasonalNaive
20304,mse,229494.44444444444,SeasonalNaive
20305,mse,2150.222222222222,SeasonalNaive
20308,mse,1144.8125,SeasonalNaive
20309,mse,67.77777777777777,SeasonalNaive
20310,mse,5933.823529411765,SeasonalNaive
20312,mse,4053.1111111111113,SeasonalNaive
20313,mse,7209.611111111111,SeasonalNaive
20314,mse,17.133333333333333,SeasonalNaive
20331,mse,16.8,SeasonalNaive
20334,mse,2589.222222222222,SeasonalNaive
20335,mse,8591.0,SeasonalNaive
20344,mse,33005.46666666667,SeasonalNaive
20348,mse,39.44444444444444,SeasonalNaive
20355,mse,81008.27777777778,SeasonalNaive
20356,mse,3563.5,SeasonalNaive
20357,mse,614.2222222222222,SeasonalNaive
20359,mse,1.0,SeasonalNaive
20360,mse,46.611111111111114,SeasonalNaive
20362,mse,62.666666666666664,SeasonalNaive
20363,mse,195608.22222222222,SeasonalNaive
20364,mse,2153.1111111111113,SeasonalNaive
20366,mse,168013.0,SeasonalNaive
20368,mse,208.77777777777777,SeasonalNaive
20370,mse,3414.277777777778,SeasonalNaive
20372,mse,606.4444444444445,SeasonalNaive
20373,mse,13.25,SeasonalNaive
20374,mse,456100.8888888889,SeasonalNaive
20375,mse,162.72222222222223,SeasonalNaive
20377,mse,6474.388888888889,SeasonalNaive
20378,mse,59532.11111111111,SeasonalNaive
20380,mse,20.11764705882353,SeasonalNaive
20387,mse,1885.0555555555557,SeasonalNaive
20392,mse,7179.222222222223,SeasonalNaive
20393,mse,109706.33333333333,SeasonalNaive
20394,mse,2378.0555555555557,SeasonalNaive
20397,mse,48097.0,SeasonalNaive
20398,mse,29844.0,SeasonalNaive
20399,mse,4262.0,SeasonalNaive
20400,mse,7538.071428571428,SeasonalNaive
20401,mse,61498.444444444445,SeasonalNaive
20402,mse,743.0588235294117,SeasonalNaive
20405,mse,590.5,SeasonalNaive
20406,mse,4.2,SeasonalNaive
20408,mse,45.416666666666664,SeasonalNaive
20409,mse,710439.0555555555,SeasonalNaive
20414,mse,601141.0,SeasonalNaive
20415,mse,4127.166666666667,SeasonalNaive
20416,mse,412242.5,SeasonalNaive
20417,mse,388517.3888888889,SeasonalNaive
20418,mse,19644.277777777777,SeasonalNaive
20421,mse,23626.833333333332,SeasonalNaive
20422,mse,6774.277777777777,SeasonalNaive
20423,mse,8865.333333333334,SeasonalNaive
20427,mse,87218.61111111111,SeasonalNaive
20428,mse,116.61111111111111,SeasonalNaive
20436,mse,10405.333333333334,SeasonalNaive
20437,mse,140931.11111111112,SeasonalNaive
20440,mse,646.3333333333334,SeasonalNaive
20445,mse,39970.444444444445,SeasonalNaive
20446,mse,46.611111111111114,SeasonalNaive
20447,mse,3975.705882352941,SeasonalNaive
20448,mse,143594.27777777778,SeasonalNaive
20452,mse,106194.77777777778,SeasonalNaive
20453,mse,26132.166666666668,SeasonalNaive
20500,mse,42169.833333333336,SeasonalNaive
21007,mse,11.777777777777779,SeasonalNaive
21008,mse,,SeasonalNaive
21035,mse,0.8571428571428571,SeasonalNaive
21040,mse,12.625,SeasonalNaive
21059,mse,25.666666666666668,SeasonalNaive
21061,mse,3224.764705882353,SeasonalNaive
21080,mse,21189.222222222223,SeasonalNaive
21084,mse,835.6111111111111,SeasonalNaive
21094,mse,17.666666666666668,SeasonalNaive
21107,mse,18624.222222222223,SeasonalNaive
21121,mse,16240.944444444445,SeasonalNaive
21131,mse,13.928571428571429,SeasonalNaive
21134,mse,3.1666666666666665,SeasonalNaive
21136,mse,,SeasonalNaive
21142,mse,588.1111111111111,SeasonalNaive
21147,mse,7.466666666666667,SeasonalNaive
21158,mse,,SeasonalNaive
21160,mse,20.25,SeasonalNaive
21161,mse,141054.0,SeasonalNaive
21167,mse,58673.88888888889,SeasonalNaive
21171,mse,1011.3888888888889,SeasonalNaive
21186,mse,6.5,SeasonalNaive
21196,mse,12.444444444444445,SeasonalNaive
21202,mse,17.944444444444443,SeasonalNaive
21226,mse,45322.77777777778,SeasonalNaive
21231,mse,290.0,SeasonalNaive
21236,mse,3031.4117647058824,SeasonalNaive
21258,mse,5985.444444444444,SeasonalNaive
21261,mse,21.444444444444443,SeasonalNaive
21262,mse,888.6666666666666,SeasonalNaive
21266,mse,17.2,SeasonalNaive
21271,mse,4701.111111111111,SeasonalNaive
21306,mse,2.2857142857142856,SeasonalNaive
21308,mse,12.1875,SeasonalNaive
21309,mse,13.61111111111111,SeasonalNaive
21331,mse,3.4444444444444446,SeasonalNaive
21342,mse,33644.77777777778,SeasonalNaive
21351,mse,101949.72222222222,SeasonalNaive
21352,mse,162.88235294117646,SeasonalNaive
21356,mse,443.72222222222223,SeasonalNaive
21361,mse,25871.777777777777,SeasonalNaive
21366,mse,142.07142857142858,SeasonalNaive
21376,mse,2013.2222222222222,SeasonalNaive
21395,mse,148.94444444444446,SeasonalNaive
21402,mse,7.428571428571429,SeasonalNaive
21406,mse,4.363636363636363,SeasonalNaive
21407,mse,1.5833333333333333,SeasonalNaive
21411,mse,167338.27272727274,SeasonalNaive
21416,mse,9843.0,SeasonalNaive
21421,mse,1.3333333333333333,SeasonalNaive
21423,mse,8.0,SeasonalNaive
21427,mse,3834.1111111111113,SeasonalNaive
21433,mse,4913.333333333333,SeasonalNaive
21437,mse,748.4117647058823,SeasonalNaive
21439,mse,7279572.411764706,SeasonalNaive
21440,mse,93.05555555555556,SeasonalNaive
21447,mse,7.363636363636363,SeasonalNaive
21463,mse,432.1666666666667,SeasonalNaive
21467,mse,9.176470588235293,SeasonalNaive
21487,mse,4030.1111111111113,SeasonalNaive
21492,mse,5551.333333333333,SeasonalNaive
21528,mse,823.7777777777778,SeasonalNaive
21552,mse,3.3529411764705883,SeasonalNaive
21557,mse,663.5555555555555,SeasonalNaive
21567,mse,110.61111111111111,SeasonalNaive
21568,mse,1300.1764705882354,SeasonalNaive
21569,mse,1.0,SeasonalNaive
21578,mse,32057.88888888889,SeasonalNaive
21579,mse,110795.5,SeasonalNaive
21580,mse,29.11111111111111,SeasonalNaive
21587,mse,2171.6111111111113,SeasonalNaive
21590,mse,8.153846153846153,SeasonalNaive
21592,mse,14339.0,SeasonalNaive
21605,mse,24233.055555555555,SeasonalNaive
21607,mse,75.66666666666667,SeasonalNaive
21608,mse,89.05555555555556,SeasonalNaive
21610,mse,69142.5,SeasonalNaive
21611,mse,277942.05555555556,SeasonalNaive
21615,mse,95.33333333333333,SeasonalNaive
21626,mse,673.1111111111111,SeasonalNaive
21629,mse,1288.2777777777778,SeasonalNaive
21635,mse,223.05555555555554,SeasonalNaive
21638,mse,1757.9444444444443,SeasonalNaive
21646,mse,8.636363636363637,SeasonalNaive
21656,mse,9.076923076923077,SeasonalNaive
21659,mse,773.0555555555555,SeasonalNaive
21670,mse,1599.5555555555557,SeasonalNaive
21674,mse,1829.0,SeasonalNaive
21692,mse,18.25,SeasonalNaive
21694,mse,91.27777777777777,SeasonalNaive
19386,rmse,784.996461421607,SeasonalNaive
19392,rmse,59.77225294584622,SeasonalNaive
19393,rmse,487.0147157256476,SeasonalNaive
19514,rmse,7.558108228915487,SeasonalNaive
19515,rmse,83.01505887488125,SeasonalNaive
19517,rmse,6.472162612982533,SeasonalNaive
19519,rmse,61.33610394424171,SeasonalNaive
19520,rmse,13.974466511667423,SeasonalNaive
19521,rmse,33.864107514856755,SeasonalNaive
19522,rmse,97.00687260876589,SeasonalNaive
19523,rmse,431.4066784627032,SeasonalNaive
19524,rmse,23.259406699226016,SeasonalNaive
19526,rmse,2.8771127502720115,SeasonalNaive
19527,rmse,33.474700231003645,SeasonalNaive
19528,rmse,12.151817422372122,SeasonalNaive
19529,rmse,89.02902148550588,SeasonalNaive
19530,rmse,11.062951183517393,SeasonalNaive
19531,rmse,669.5457830167819,SeasonalNaive
19532,rmse,115.57561257558717,SeasonalNaive
19533,rmse,31.039401483347653,SeasonalNaive
19534,rmse,562.1270615557779,SeasonalNaive
19535,rmse,20.908530954293912,SeasonalNaive
19536,rmse,33.78938031722722,SeasonalNaive
19537,rmse,288.3832326763969,SeasonalNaive
19538,rmse,37.03451843288307,SeasonalNaive
19539,rmse,43.9652640665838,SeasonalNaive
19540,rmse,425.90824520468414,SeasonalNaive
19541,rmse,25.36672206327207,SeasonalNaive
19542,rmse,75.68501980063309,SeasonalNaive
19543,rmse,137.03284277865654,SeasonalNaive
19544,rmse,411.86816930771533,SeasonalNaive
19545,rmse,15.755069730795299,SeasonalNaive
19546,rmse,108.05862606320083,SeasonalNaive
19547,rmse,72.61886807159694,SeasonalNaive
19548,rmse,110.89910329263763,SeasonalNaive
19549,rmse,239.02173308904128,SeasonalNaive
19550,rmse,108.31102334378426,SeasonalNaive
19551,rmse,62.5490918310481,SeasonalNaive
19552,rmse,38.7957615096174,SeasonalNaive
19553,rmse,19.765289440498126,SeasonalNaive
19554,rmse,237.89049768515113,SeasonalNaive
19555,rmse,60.23195903246788,SeasonalNaive
19556,rmse,89.28512380757128,SeasonalNaive
19557,rmse,20.871298740402118,SeasonalNaive
19558,rmse,44.66604477179008,SeasonalNaive
19559,rmse,456.54542186098223,SeasonalNaive
19561,rmse,11.953614051360738,SeasonalNaive
19562,rmse,121.01606872183912,SeasonalNaive
19563,rmse,2.943920288775949,SeasonalNaive
19564,rmse,58.52634734316958,SeasonalNaive
19565,rmse,8.996731432614194,SeasonalNaive
19566,rmse,45.10358448431048,SeasonalNaive
19567,rmse,112.85462625283319,SeasonalNaive
19568,rmse,11.8227652339788,SeasonalNaive
19569,rmse,7.007932013876213,SeasonalNaive
19570,rmse,10.829486496495472,SeasonalNaive
19571,rmse,64.54326714176571,SeasonalNaive
19572,rmse,108.49667926607111,SeasonalNaive
19573,rmse,81.17915714982236,SeasonalNaive
19574,rmse,204.73492347151935,SeasonalNaive
19575,rmse,2.185812841434,SeasonalNaive
19576,rmse,112.89104875449111,SeasonalNaive
19577,rmse,97.16511114350362,SeasonalNaive
19579,rmse,7.840318120796765,SeasonalNaive
19580,rmse,36.56880880993771,SeasonalNaive
19614,rmse,30.225081564084416,SeasonalNaive
19616,rmse,2.0816659994661326,SeasonalNaive
19620,rmse,6.4031242374328485,SeasonalNaive
19623,rmse,121.25088774016369,SeasonalNaive
19624,rmse,17.048949136725895,SeasonalNaive
19635,rmse,,SeasonalNaive
19650,rmse,58.95949645495815,SeasonalNaive
19658,rmse,78.17042525543394,SeasonalNaive
19662,rmse,22.273551829717483,SeasonalNaive
19677,rmse,42.392424406476486,SeasonalNaive
19678,rmse,,SeasonalNaive
19682,rmse,202.60977819992357,SeasonalNaive
19687,rmse,115.20657774430917,SeasonalNaive
19690,rmse,37.93122431161137,SeasonalNaive
19704,rmse,1262.620269298907,SeasonalNaive
19728,rmse,3.1269438398822866,SeasonalNaive
19746,rmse,9.377869931090132,SeasonalNaive
19747,rmse,18.275666882497067,SeasonalNaive
19770,rmse,1336.582998212648,SeasonalNaive
19778,rmse,51.904445171598056,SeasonalNaive
19779,rmse,146.16752185230632,SeasonalNaive
19789,rmse,113.84907163043145,SeasonalNaive
19790,rmse,1153.2736737941548,SeasonalNaive
19791,rmse,74.23349049526846,SeasonalNaive
19795,rmse,6.674994798166929,SeasonalNaive
19804,rmse,8.891502883619381,SeasonalNaive
19805,rmse,1666.7460647754488,SeasonalNaive
19812,rmse,64.319514923544,SeasonalNaive
19821,rmse,580.152422500616,SeasonalNaive
19829,rmse,36.60771776552043,SeasonalNaive
19830,rmse,86.08748779907307,SeasonalNaive
19839,rmse,47.04666713901091,SeasonalNaive
19840,rmse,32.0190915271221,SeasonalNaive
19852,rmse,131.85050457072796,SeasonalNaive
19855,rmse,5.259911279353167,SeasonalNaive
19856,rmse,22.325869399520467,SeasonalNaive
19858,rmse,28.445436490636897,SeasonalNaive
19865,rmse,28.859429423789145,SeasonalNaive
19869,rmse,40.64562297058155,SeasonalNaive
19873,rmse,62.42862591258383,SeasonalNaive
19874,rmse,27.184554438136374,SeasonalNaive
19875,rmse,103.41717029154836,SeasonalNaive
19891,rmse,22.182325296405594,SeasonalNaive
19892,rmse,50.85272854036448,SeasonalNaive
19893,rmse,33.145303002252234,SeasonalNaive
19894,rmse,37.54182852351346,SeasonalNaive
19895,rmse,18.326892808111253,SeasonalNaive
19896,rmse,36.9769403499946,SeasonalNaive
19897,rmse,8.673074554171793,SeasonalNaive
19898,rmse,95.67915133402887,SeasonalNaive
19900,rmse,10.583005244258363,SeasonalNaive
19910,rmse,12.30853362509117,SeasonalNaive
19911,rmse,62.07522318391883,SeasonalNaive
19912,rmse,77.4682730757136,SeasonalNaive
19917,rmse,78.68573215294145,SeasonalNaive
19930,rmse,154.46700474714837,SeasonalNaive
19932,rmse,40.14224707213088,SeasonalNaive
19933,rmse,35.47064514026587,SeasonalNaive
19949,rmse,14.700718047466632,SeasonalNaive
19952,rmse,201.5098563897613,SeasonalNaive
19953,rmse,66.59311418715043,SeasonalNaive
19954,rmse,6.718134661744533,SeasonalNaive
19956,rmse,71.77820777304983,SeasonalNaive
19958,rmse,116.85009390002408,SeasonalNaive
19961,rmse,72.49381312344158,SeasonalNaive
19972,rmse,22.806881552589477,SeasonalNaive
19976,rmse,33.69272918598314,SeasonalNaive
19977,rmse,1244.5489812243898,SeasonalNaive
19985,rmse,7.538138325327063,SeasonalNaive
19991,rmse,111.80861624520118,SeasonalNaive
19994,rmse,41.26270848006843,SeasonalNaive
19995,rmse,83.73370488240283,SeasonalNaive
19996,rmse,26.30589287593181,SeasonalNaive
20003,rmse,8.793937305515279,SeasonalNaive
20005,rmse,61.531383139915775,SeasonalNaive
20007,rmse,46.98403984333403,SeasonalNaive
20010,rmse,34.515696912177994,SeasonalNaive
20016,rmse,107.23986613610113,SeasonalNaive
20017,rmse,101.4160846326766,SeasonalNaive
20019,rmse,69.42541961622479,SeasonalNaive
20023,rmse,7.605665904189708,SeasonalNaive
20025,rmse,49.767794137708506,SeasonalNaive
20028,rmse,37.665929196320405,SeasonalNaive
20029,rmse,33.95830777095153,SeasonalNaive
20030,rmse,2.217355782608345,SeasonalNaive
20034,rmse,7.031180555212616,SeasonalNaive
20042,rmse,102.35124707485384,SeasonalNaive
20043,rmse,3.643868518179241,SeasonalNaive
20045,rmse,6.036923425424944,SeasonalNaive
20046,rmse,356.40886321439564,SeasonalNaive
20057,rmse,16.39783183499846,SeasonalNaive
20059,rmse,10.263202878893768,SeasonalNaive
20064,rmse,4.594682917363407,SeasonalNaive
20065,rmse,108.3940855295056,SeasonalNaive
20075,rmse,16.961895010668506,SeasonalNaive
20080,rmse,6.97614984548545,SeasonalNaive
20085,rmse,22.784009987513414,SeasonalNaive
20088,rmse,77.74392353784843,SeasonalNaive
20089,rmse,5.493311441037664,SeasonalNaive
20090,rmse,153.36068596612367,SeasonalNaive
20095,rmse,62.457541133512805,SeasonalNaive
20100,rmse,27.644569488820444,SeasonalNaive
20104,rmse,6.782329983125268,SeasonalNaive
20105,rmse,40.147644181612115,SeasonalNaive
20106,rmse,23.899298537577106,SeasonalNaive
20107,rmse,130.69068656777173,SeasonalNaive
20108,rmse,89.57120072880568,SeasonalNaive
20110,rmse,4.576510072581994,SeasonalNaive
20111,rmse,29.006704205905383,SeasonalNaive
20114,rmse,1.855921454276674,SeasonalNaive
20116,rmse,104.3902932907717,SeasonalNaive
20119,rmse,16.382578822910908,SeasonalNaive
20120,rmse,23.202011407059807,SeasonalNaive
20123,rmse,35.37654590261746,SeasonalNaive
20127,rmse,103.98133316638531,SeasonalNaive
20133,rmse,30.911163032147464,SeasonalNaive
20136,rmse,4.747468961295223,SeasonalNaive
20138,rmse,20.89789994765556,SeasonalNaive
20140,rmse,28.174062145487255,SeasonalNaive
20147,rmse,135.9530147595934,SeasonalNaive
20148,rmse,8.366600265340756,SeasonalNaive
20149,rmse,31.52600337640166,SeasonalNaive
20151,rmse,47.29634705180141,SeasonalNaive
20152,rmse,116.11703865784153,SeasonalNaive
20153,rmse,33.77951384427484,SeasonalNaive
20155,rmse,72.43771270700243,SeasonalNaive
20156,rmse,33.80828300875393,SeasonalNaive
20162,rmse,16.01837180534019,SeasonalNaive
20166,rmse,82.63036837493694,SeasonalNaive
20167,rmse,68.04532802967935,SeasonalNaive
20169,rmse,13.035665361943417,SeasonalNaive
20170,rmse,398.7469540113546,SeasonalNaive
20173,rmse,327.5460951445528,SeasonalNaive
20177,rmse,14.346892811104896,SeasonalNaive
20183,rmse,13.167721476735787,SeasonalNaive
20185,rmse,42.14656965084268,SeasonalNaive
20188,rmse,29.765752132274432,SeasonalNaive
20190,rmse,45.46168393144224,SeasonalNaive
20191,rmse,108.02211707691059,SeasonalNaive
20193,rmse,165.49202733398099,SeasonalNaive
20194,rmse,92.24303647310066,SeasonalNaive
20195,rmse,38.814373053748476,SeasonalNaive
20200,rmse,31.235663378047,SeasonalNaive
20201,rmse,20.588403360658553,SeasonalNaive
20203,rmse,69.84466892882934,SeasonalNaive
20204,rmse,102.31433048318414,SeasonalNaive
20206,rmse,1045.3545650479873,SeasonalNaive
20207,rmse,139.50448021479454,SeasonalNaive
20208,rmse,46.26793946376067,SeasonalNaive
20209,rmse,16.0,SeasonalNaive
20210,rmse,23.922493897704612,SeasonalNaive
20211,rmse,452.483639974358,SeasonalNaive
20213,rmse,4.777397765705166,SeasonalNaive
20214,rmse,5.1291024855906615,SeasonalNaive
20216,rmse,18.737959096740262,SeasonalNaive
20218,rmse,44.876915000922246,SeasonalNaive
20221,rmse,6.128258770283412,SeasonalNaive
20222,rmse,11.718930554164631,SeasonalNaive
20227,rmse,20.62495791241497,SeasonalNaive
20229,rmse,422.5215970811433,SeasonalNaive
20230,rmse,31.214312956291916,SeasonalNaive
20231,rmse,78.021720622458,SeasonalNaive
20232,rmse,60.72387412615312,SeasonalNaive
20233,rmse,79.40892756974985,SeasonalNaive
20234,rmse,16.52103036872835,SeasonalNaive
20237,rmse,387.14806599026167,SeasonalNaive
20250,rmse,184.20384240171418,SeasonalNaive
20253,rmse,224.5166413035395,SeasonalNaive
20254,rmse,224.96295991414527,SeasonalNaive
20263,rmse,1.9148542155126762,SeasonalNaive
20266,rmse,3.2041639575194445,SeasonalNaive
20268,rmse,5.446711546122731,SeasonalNaive
20272,rmse,96.45004464027537,SeasonalNaive
20277,rmse,175.48615013410287,SeasonalNaive
20278,rmse,14.420278930882178,SeasonalNaive
20280,rmse,91.87189148180441,SeasonalNaive
20284,rmse,20.612063042236766,SeasonalNaive
20286,rmse,83.80433560781128,SeasonalNaive
20292,rmse,138.59773927930186,SeasonalNaive
20293,rmse,1269.791102679667,SeasonalNaive
20296,rmse,33.52172254453731,SeasonalNaive
20302,rmse,,SeasonalNaive
20303,rmse,8.058608842138216,SeasonalNaive
20304,rmse,479.0557842719827,SeasonalNaive
20305,rmse,46.370488699411204,SeasonalNaive
20308,rmse,33.83507795173524,SeasonalNaive
20309,rmse,8.232726023485645,SeasonalNaive
20310,rmse,77.0313152517323,SeasonalNaive
20312,rmse,63.664048811798885,SeasonalNaive
20313,rmse,84.90942887048006,SeasonalNaive
20314,rmse,4.139243087006769,SeasonalNaive
20331,rmse,4.09878030638384,SeasonalNaive
20334,rmse,50.88440057839163,SeasonalNaive
20335,rmse,92.68764750493995,SeasonalNaive
20344,rmse,181.6740671275531,SeasonalNaive
20348,rmse,6.280481227138924,SeasonalNaive
20355,rmse,284.61953161681964,SeasonalNaive
20356,rmse,59.6950584219498,SeasonalNaive
20357,rmse,24.78350706058814,SeasonalNaive
20359,rmse,1.0,SeasonalNaive
20360,rmse,6.827233049421348,SeasonalNaive
20362,rmse,7.916228058025278,SeasonalNaive
20363,rmse,442.2761831957744,SeasonalNaive
20364,rmse,46.401628323918885,SeasonalNaive
20366,rmse,409.89388870779715,SeasonalNaive
20368,rmse,14.449144534462162,SeasonalNaive
20370,rmse,58.43182161954031,SeasonalNaive
20372,rmse,24.626092756351838,SeasonalNaive
20373,rmse,3.640054944640259,SeasonalNaive
20374,rmse,675.3524182890654,SeasonalNaive
20375,rmse,12.756262078768303,SeasonalNaive
20377,rmse,80.46358734787363,SeasonalNaive
20378,rmse,243.99203083525313,SeasonalNaive
20380,rmse,4.485270009578412,SeasonalNaive
20387,rmse,43.41722648391483,SeasonalNaive
20392,rmse,84.7302910547475,SeasonalNaive
20393,rmse,331.21946400133754,SeasonalNaive
20394,rmse,48.765310985941184,SeasonalNaive
20397,rmse,219.31028247667732,SeasonalNaive
20398,rmse,172.75416058665562,SeasonalNaive
20399,rmse,65.28399497579785,SeasonalNaive
20400,rmse,86.82206763589214,SeasonalNaive
20401,rmse,247.9887990302071,SeasonalNaive
20402,rmse,27.25910533251984,SeasonalNaive
20405,rmse,24.300205760445735,SeasonalNaive
20406,rmse,2.04939015319192,SeasonalNaive
20408,rmse,6.739188873051909,SeasonalNaive
20409,rmse,842.8754685928138,SeasonalNaive
20414,rmse,775.3328317567882,SeasonalNaive
20415,rmse,64.24302815610942,SeasonalNaive
20416,rmse,642.0611341609147,SeasonalNaive
20417,rmse,623.3116306382296,SeasonalNaive
20418,rmse,140.15804571189545,SeasonalNaive
20421,rmse,153.71022520747712,SeasonalNaive
20422,rmse,82.30600086128457,SeasonalNaive
20423,rmse,94.15589908940031,SeasonalNaive
20427,rmse,295.327972110857,SeasonalNaive
20428,rmse,10.798662468616708,SeasonalNaive
20436,rmse,102.00653573832088,SeasonalNaive
20437,rmse,375.40792627635227,SeasonalNaive
20440,rmse,25.423086620891127,SeasonalNaive
20445,rmse,199.9260974571465,SeasonalNaive
20446,rmse,6.827233049421348,SeasonalNaive
20447,rmse,63.05319882728347,SeasonalNaive
20448,rmse,378.93835617126143,SeasonalNaive
20452,rmse,325.87540222879323,SeasonalNaive
20453,rmse,161.65446689363912,SeasonalNaive
20500,rmse,205.35294819732522,SeasonalNaive
21007,rmse,3.4318767136623336,SeasonalNaive
21008,rmse,,SeasonalNaive
21035,rmse,0.9258200997725514,SeasonalNaive
21040,rmse,3.553167600887974,SeasonalNaive
21059,rmse,5.066228051190222,SeasonalNaive
21061,rmse,56.78701177102342,SeasonalNaive
21080,rmse,145.56518203960115,SeasonalNaive
21084,rmse,28.906938805607055,SeasonalNaive
21094,rmse,4.203173404306164,SeasonalNaive
21107,rmse,136.47059105251293,SeasonalNaive
21121,rmse,127.43996407895149,SeasonalNaive
21131,rmse,3.7321001364608946,SeasonalNaive
21134,rmse,1.7795130420052185,SeasonalNaive
21136,rmse,,SeasonalNaive
21142,rmse,24.251002270238462,SeasonalNaive
21147,rmse,2.7325202042558927,SeasonalNaive
21158,rmse,,SeasonalNaive
21160,rmse,4.5,SeasonalNaive
21161,rmse,375.5715644188202,SeasonalNaive
21167,rmse,242.2269367533035,SeasonalNaive
21171,rmse,31.80234093410246,SeasonalNaive
21186,rmse,2.5495097567963922,SeasonalNaive
21196,rmse,3.5276684147527875,SeasonalNaive
21202,rmse,4.236088342379611,SeasonalNaive
21226,rmse,212.89146948099582,SeasonalNaive
21231,rmse,17.029386365926403,SeasonalNaive
21236,rmse,55.05825791564679,SeasonalNaive
21258,rmse,77.36565416542695,SeasonalNaive
21261,rmse,4.630814663149935,SeasonalNaive
21262,rmse,29.81051268708183,SeasonalNaive
21266,rmse,4.147288270665544,SeasonalNaive
21271,rmse,68.56464913576902,SeasonalNaive
21306,rmse,1.5118578920369088,SeasonalNaive
21308,rmse,3.491060010942235,SeasonalNaive
21309,rmse,3.689323936863109,SeasonalNaive
21331,rmse,1.855921454276674,SeasonalNaive
21342,rmse,183.4251285341727,SeasonalNaive
21351,rmse,319.2956658368889,SeasonalNaive
21352,rmse,12.762537088728733,SeasonalNaive
21356,rmse,21.064715099479088,SeasonalNaive
21361,rmse,160.84706331723243,SeasonalNaive
21366,rmse,11.91937198729147,SeasonalNaive
21376,rmse,44.86894496444308,SeasonalNaive
21395,rmse,12.20427975934854,SeasonalNaive
21402,rmse,2.7255405754769875,SeasonalNaive
21406,rmse,2.088931871468374,SeasonalNaive
21407,rmse,1.2583057392117916,SeasonalNaive
21411,rmse,409.0700095671556,SeasonalNaive
21416,rmse,99.21189444819608,SeasonalNaive
21421,rmse,1.1547005383792515,SeasonalNaive
21423,rmse,2.8284271247461903,SeasonalNaive
21427,rmse,61.92019954030438,SeasonalNaive
21433,rmse,70.09517339541527,SeasonalNaive
21437,rmse,27.35711543101506,SeasonalNaive
21439,rmse,2698.068274111073,SeasonalNaive
21440,rmse,9.646530752325187,SeasonalNaive
21447,rmse,2.7136021011998723,SeasonalNaive
21463,rmse,20.788618681063603,SeasonalNaive
21467,rmse,3.0292689857844075,SeasonalNaive
21487,rmse,63.48315612121936,SeasonalNaive
21492,rmse,74.5072703387618,SeasonalNaive
21528,rmse,28.70152918883901,SeasonalNaive
21552,rmse,1.8311038136792213,SeasonalNaive
21557,rmse,25.759572115148877,SeasonalNaive
21567,rmse,10.517181709522333,SeasonalNaive
21568,rmse,36.05795987834358,SeasonalNaive
21569,rmse,1.0,SeasonalNaive
21578,rmse,179.04716945232306,SeasonalNaive
21579,rmse,332.85958000334017,SeasonalNaive
21580,rmse,5.395471352079548,SeasonalNaive
21587,rmse,46.600548399252894,SeasonalNaive
21590,rmse,2.855494029733936,SeasonalNaive
21592,rmse,119.74556359214316,SeasonalNaive
21605,rmse,155.66970018457528,SeasonalNaive
21607,rmse,8.698658900466592,SeasonalNaive
21608,rmse,9.436925111261377,SeasonalNaive
21610,rmse,262.94961494552524,SeasonalNaive
21611,rmse,527.2021012434942,SeasonalNaive
21615,rmse,9.763879010584539,SeasonalNaive
21626,rmse,25.944384963053395,SeasonalNaive
21629,rmse,35.89258666880639,SeasonalNaive
21635,rmse,14.935044544813234,SeasonalNaive
21638,rmse,41.927848077911705,SeasonalNaive
21646,rmse,2.9387690682262932,SeasonalNaive
21656,rmse,3.012793235010175,SeasonalNaive
21659,rmse,27.80387662818902,SeasonalNaive
21670,rmse,39.994444058588385,SeasonalNaive
21674,rmse,42.76680956068619,SeasonalNaive
21692,rmse,4.272001872658765,SeasonalNaive
21694,rmse,9.553940431977676,SeasonalNaive
19386,mase,2.611156221549667,SeasonalNaive
19392,mase,2.2864321608040203,SeasonalNaive
19393,mase,0.5587222265601277,SeasonalNaive
19514,mase,0.9027777777777778,SeasonalNaive
19515,mase,0.928895367670878,SeasonalNaive
19517,mase,1.375,SeasonalNaive
19519,mase,1.330975428145942,SeasonalNaive
19520,mase,2.1791044776119404,SeasonalNaive
19521,mase,1.9082294911734166,SeasonalNaive
19522,mase,1.3492033817328264,SeasonalNaive
19523,mase,1.8382105998000038,SeasonalNaive
19524,mase,1.631753031973539,SeasonalNaive
19526,mase,0.2615204678362573,SeasonalNaive
19527,mase,2.43620527306968,SeasonalNaive
19528,mase,0.9476553980370774,SeasonalNaive
19529,mase,0.9458352414389661,SeasonalNaive
19530,mase,1.8511409682235016,SeasonalNaive
19531,mase,0.650350251407452,SeasonalNaive
19532,mase,1.1853023778318668,SeasonalNaive
19533,mase,0.872633573122425,SeasonalNaive
19534,mase,2.4045894779249557,SeasonalNaive
19535,mase,0.46951032665318376,SeasonalNaive
19536,mase,2.8970044866719453,SeasonalNaive
19537,mase,4.735555555555555,SeasonalNaive
19538,mase,2.964491654021244,SeasonalNaive
19539,mase,0.6188783827844799,SeasonalNaive
19540,mase,2.3258999973780123,SeasonalNaive
19541,mase,0.5828664799253035,SeasonalNaive
19542,mase,0.6600296076980015,SeasonalNaive
19543,mase,2.4058375879009732,SeasonalNaive
19544,mase,5.111532558649419,SeasonalNaive
19545,mase,0.6131229157860129,SeasonalNaive
19546,mase,2.100583642840901,SeasonalNaive
19547,mase,0.9080468107742153,SeasonalNaive
19548,mase,0.6942341761958447,SeasonalNaive
19549,mase,1.733264484694418,SeasonalNaive
19550,mase,0.8014466904478795,SeasonalNaive
19551,mase,0.9994475459409166,SeasonalNaive
19552,mase,0.6155053358443189,SeasonalNaive
19553,mase,1.488489435509303,SeasonalNaive
19554,mase,0.9652080239904504,SeasonalNaive
19555,mase,2.350842286775434,SeasonalNaive
19556,mase,1.2017200087089048,SeasonalNaive
19557,mase,0.7516976574605779,SeasonalNaive
19558,mase,1.8904099341711549,SeasonalNaive
19559,mase,1.5343889269797737,SeasonalNaive
19561,mase,0.775995575221239,SeasonalNaive
19562,mase,1.110082685425151,SeasonalNaive
19563,mase,0.20226214238190288,SeasonalNaive
19564,mase,1.8799480089802671,SeasonalNaive
19565,mase,1.0190994488543796,SeasonalNaive
19566,mase,1.1437260456590568,SeasonalNaive
19567,mase,1.609619856435143,SeasonalNaive
19568,mase,0.7812971342383107,SeasonalNaive
19569,mase,0.638778921439254,SeasonalNaive
19570,mase,0.5073173005219984,SeasonalNaive
19571,mase,0.7633702166897187,SeasonalNaive
19572,mase,2.3650323928612567,SeasonalNaive
19573,mase,2.076871950885271,SeasonalNaive
19574,mase,2.030632979984421,SeasonalNaive
19575,mase,0.05593694380879736,SeasonalNaive
19576,mase,4.821113074204947,SeasonalNaive
19577,mase,0.7729271763031949,SeasonalNaive
19579,mase,1.9388869320183164,SeasonalNaive
19580,mase,2.2905056759545923,SeasonalNaive
19614,mase,1.4052287581699348,SeasonalNaive
19616,mase,0.23813002191380567,SeasonalNaive
19620,mase,0.4175733207190161,SeasonalNaive
19623,mase,1.916442199775533,SeasonalNaive
19624,mase,1.2091324200913243,SeasonalNaive
19635,mase,0.0,SeasonalNaive
19650,mase,0.949044585987261,SeasonalNaive
19658,mase,3.002575107296137,SeasonalNaive
19662,mase,0.48595257311964335,SeasonalNaive
19677,mase,1.734466676696254,SeasonalNaive
19678,mase,0.0,SeasonalNaive
19682,mase,2.3899338569656883,SeasonalNaive
19687,mase,0.49542361378601957,SeasonalNaive
19690,mase,0.6962545430390678,SeasonalNaive
19704,mase,2.418071411648049,SeasonalNaive
19728,mase,0.7417417417417417,SeasonalNaive
19746,mase,1.0998142989786444,SeasonalNaive
19747,mase,2.2369625372498936,SeasonalNaive
19770,mase,6.7589095451539425,SeasonalNaive
19778,mase,0.3993506493506494,SeasonalNaive
19779,mase,1.1581179321486268,SeasonalNaive
19789,mase,2.4415735567970205,SeasonalNaive
19790,mase,0.8243710643049912,SeasonalNaive
19791,mase,1.0431607940962477,SeasonalNaive
19795,mase,0.41442313900187233,SeasonalNaive
19804,mase,1.4947672320461929,SeasonalNaive
19805,mase,1.2309897454378664,SeasonalNaive
19812,mase,2.3165297838195036,SeasonalNaive
19821,mase,8.688860808709176,SeasonalNaive
19829,mase,0.9404030966364122,SeasonalNaive
19830,mase,2.9945047890506635,SeasonalNaive
19839,mase,2.3569341425039334,SeasonalNaive
19840,mase,1.9984862246442627,SeasonalNaive
19852,mase,2.305541080423832,SeasonalNaive
19855,mase,0.10458661992404324,SeasonalNaive
19856,mase,2.405658877761882,SeasonalNaive
19858,mase,0.7435943166280246,SeasonalNaive
19865,mase,0.7218114602587801,SeasonalNaive
19869,mase,1.204174624829468,SeasonalNaive
19873,mase,2.5815400134498994,SeasonalNaive
19874,mase,0.6998135235933192,SeasonalNaive
19875,mase,0.7468767842868562,SeasonalNaive
19891,mase,1.3068783068783068,SeasonalNaive
19892,mase,0.5168539325842697,SeasonalNaive
19893,mase,1.412938105891126,SeasonalNaive
19894,mase,0.7955475330926594,SeasonalNaive
19895,mase,0.8155893536121672,SeasonalNaive
19896,mase,2.029686641011545,SeasonalNaive
19897,mase,1.1561561561561562,SeasonalNaive
19898,mase,1.233759842519685,SeasonalNaive
19900,mase,1.8837920489296638,SeasonalNaive
19910,mase,0.44692887931034486,SeasonalNaive
19911,mase,1.816887080366226,SeasonalNaive
19912,mase,1.1589088467658122,SeasonalNaive
19917,mase,0.6438866168382457,SeasonalNaive
19930,mase,0.8893737330630535,SeasonalNaive
19932,mase,0.6064947029018886,SeasonalNaive
19933,mase,1.2716894977168949,SeasonalNaive
19949,mase,0.9884801189149015,SeasonalNaive
19952,mase,1.5926277702397107,SeasonalNaive
19953,mase,0.8866887974565177,SeasonalNaive
19954,mase,0.9290322580645162,SeasonalNaive
19956,mase,0.4791038688433263,SeasonalNaive
19958,mase,1.9899359946100723,SeasonalNaive
19961,mase,1.4740643763261252,SeasonalNaive
19972,mase,0.5994694960212201,SeasonalNaive
19976,mase,0.7796810395747195,SeasonalNaive
19977,mase,1.1156269449681138,SeasonalNaive
19985,mase,2.124235294117647,SeasonalNaive
19991,mase,0.8689161454261142,SeasonalNaive
19994,mase,4.22463768115942,SeasonalNaive
19995,mase,3.7916819796643386,SeasonalNaive
19996,mase,2.3660762211486848,SeasonalNaive
20003,mase,1.5188781014023731,SeasonalNaive
20005,mase,0.7911653392080439,SeasonalNaive
20007,mase,0.521257318093114,SeasonalNaive
20010,mase,1.0806782187441775,SeasonalNaive
20016,mase,0.6554331122780201,SeasonalNaive
20017,mase,0.8411942468059063,SeasonalNaive
20019,mase,0.48756218905472637,SeasonalNaive
20023,mase,0.8953034794819784,SeasonalNaive
20025,mase,1.139448492641806,SeasonalNaive
20028,mase,1.1281940233867476,SeasonalNaive
20029,mase,0.21794795064388384,SeasonalNaive
20030,mase,0.466324200913242,SeasonalNaive
20034,mase,0.9121806569343066,SeasonalNaive
20042,mase,1.5349151234567902,SeasonalNaive
20043,mase,0.38190649666059495,SeasonalNaive
20045,mase,1.1214953271028036,SeasonalNaive
20046,mase,1.2321715322606546,SeasonalNaive
20057,mase,0.4448334344707402,SeasonalNaive
20059,mase,0.8766077503941582,SeasonalNaive
20064,mase,0.5004748338081672,SeasonalNaive
20065,mase,1.9687649707770432,SeasonalNaive
20075,mase,1.2357729138166895,SeasonalNaive
20080,mase,2.417483660130719,SeasonalNaive
20085,mase,0.7115458381281167,SeasonalNaive
20088,mase,2.310200484688257,SeasonalNaive
20089,mase,0.33876354713380136,SeasonalNaive
20090,mase,2.056331680937359,SeasonalNaive
20095,mase,1.3658561664549689,SeasonalNaive
20100,mase,0.48034078351691445,SeasonalNaive
20104,mase,0.6067933218192286,SeasonalNaive
20105,mase,0.9369817578772803,SeasonalNaive
20106,mase,0.5620693098971338,SeasonalNaive
20107,mase,0.6924508992727431,SeasonalNaive
20108,mase,4.291909762738235,SeasonalNaive
20110,mase,1.0363391655450875,SeasonalNaive
20111,mase,0.6031925946916029,SeasonalNaive
20114,mase,0.7720306513409962,SeasonalNaive
20116,mase,1.2642465512556147,SeasonalNaive
20119,mase,0.44600040298206733,SeasonalNaive
20120,mase,0.8794477654426417,SeasonalNaive
20123,mase,0.351829753381066,SeasonalNaive
20127,mase,2.45904486251809,SeasonalNaive
20133,mase,0.7658965618819172,SeasonalNaive
20136,mase,1.7785359801488834,SeasonalNaive
20138,mase,2.139571150097466,SeasonalNaive
20140,mase,0.6576235887317768,SeasonalNaive
20147,mase,0.9396400175796077,SeasonalNaive
20148,mase,0.14328139858093775,SeasonalNaive
20149,mase,0.6272939606272939,SeasonalNaive
20151,mase,0.6793696599332315,SeasonalNaive
20152,mase,1.2188014696566578,SeasonalNaive
20153,mase,3.5023894862604537,SeasonalNaive
20155,mase,1.299847792998478,SeasonalNaive
20156,mase,1.3422456282492743,SeasonalNaive
20162,mase,0.5855687433879686,SeasonalNaive
20166,mase,0.9992810004365356,SeasonalNaive
20167,mase,0.8046171285831619,SeasonalNaive
20169,mase,0.8313785810421073,SeasonalNaive
20170,mase,3.315754923413567,SeasonalNaive
20173,mase,3.3621695580338704,SeasonalNaive
20177,mase,0.9859070392778257,SeasonalNaive
20183,mase,0.9752202643171807,SeasonalNaive
20185,mase,0.2716422928223231,SeasonalNaive
20188,mase,1.033065057008719,SeasonalNaive
20190,mase,0.8168075917026584,SeasonalNaive
20191,mase,0.5588185937237792,SeasonalNaive
20193,mase,2.054753977062523,SeasonalNaive
20194,mase,0.7235267125532612,SeasonalNaive
20195,mase,0.7214543269230769,SeasonalNaive
20200,mase,2.1825207770896196,SeasonalNaive
20201,mase,0.9272911530258799,SeasonalNaive
20203,mase,0.635169806225103,SeasonalNaive
20204,mase,1.2544577302286555,SeasonalNaive
20206,mase,1.5459959400784862,SeasonalNaive
20207,mase,2.6278108465608465,SeasonalNaive
20208,mase,5.508517887563884,SeasonalNaive
20209,mase,0.24265087773969043,SeasonalNaive
20210,mase,0.2965426098819116,SeasonalNaive
20211,mase,1.6951368015414257,SeasonalNaive
20213,mase,0.9377084167000133,SeasonalNaive
20214,mase,0.12257204964588739,SeasonalNaive
20216,mase,1.663437387872264,SeasonalNaive
20218,mase,0.5496460037759597,SeasonalNaive
20221,mase,0.5849546044098572,SeasonalNaive
20222,mase,0.8675352877307274,SeasonalNaive
20227,mase,2.3153141585344974,SeasonalNaive
20229,mase,0.9329604658289917,SeasonalNaive
20230,mase,1.1547375596455351,SeasonalNaive
20231,mase,2.7384995507637018,SeasonalNaive
20232,mase,0.8200991864482335,SeasonalNaive
20233,mase,0.6506081564512282,SeasonalNaive
20234,mase,1.260971055088702,SeasonalNaive
20237,mase,1.137003794512551,SeasonalNaive
20250,mase,0.9561314156106969,SeasonalNaive
20253,mase,1.1759365122066043,SeasonalNaive
20254,mase,1.2355025666501076,SeasonalNaive
20263,mase,0.047146401985111656,SeasonalNaive
20266,mase,0.6715596330275229,SeasonalNaive
20268,mase,1.0866402116402116,SeasonalNaive
20272,mase,0.6185127280580675,SeasonalNaive
20277,mase,1.4669094286133242,SeasonalNaive
20278,mase,0.44354838709677413,SeasonalNaive
20280,mase,0.42125784797988025,SeasonalNaive
20284,mase,0.3411017653512417,SeasonalNaive
20286,mase,1.0982787340366462,SeasonalNaive
20292,mase,3.6666666666666665,SeasonalNaive
20293,mase,3.770850744189748,SeasonalNaive
20296,mase,1.0931174089068827,SeasonalNaive
20302,mase,0.0,SeasonalNaive
20303,mase,0.4043948094226161,SeasonalNaive
20304,mase,0.9338701586035683,SeasonalNaive
20305,mase,0.5620523977880518,SeasonalNaive
20308,mase,0.4868952192150779,SeasonalNaive
20309,mase,1.5731573157315732,SeasonalNaive
20310,mase,0.3607171356511711,SeasonalNaive
20312,mase,0.6023654159869495,SeasonalNaive
20313,mase,2.4199533502968613,SeasonalNaive
20314,mase,0.16963123644251626,SeasonalNaive
20331,mase,0.6313253012048193,SeasonalNaive
20334,mase,1.212727932758091,SeasonalNaive
20335,mase,0.8791430881164106,SeasonalNaive
20344,mase,2.1375084565574562,SeasonalNaive
20348,mase,0.1493808816245666,SeasonalNaive
20355,mase,0.9867886028959854,SeasonalNaive
20356,mase,2.5966503267973855,SeasonalNaive
20357,mase,0.47841823572446185,SeasonalNaive
20359,mase,0.7096774193548386,SeasonalNaive
20360,mase,0.7213811420982736,SeasonalNaive
20362,mase,0.21856027753686036,SeasonalNaive
20363,mase,1.438599322252703,SeasonalNaive
20364,mase,0.8394415357766143,SeasonalNaive
20366,mase,0.5155062535109413,SeasonalNaive
20368,mase,0.38596878680800945,SeasonalNaive
20370,mase,1.0589075184595929,SeasonalNaive
20372,mase,1.6326363263632635,SeasonalNaive
20373,mase,0.9669354838709678,SeasonalNaive
20374,mase,1.1990364425665665,SeasonalNaive
20375,mase,0.395063078830307,SeasonalNaive
20377,mase,1.3908193449517088,SeasonalNaive
20378,mase,0.6231849382440356,SeasonalNaive
20380,mase,0.5120332370674368,SeasonalNaive
20387,mase,1.5459269448265323,SeasonalNaive
20392,mase,0.5443302760729146,SeasonalNaive
20393,mase,0.9062276306370793,SeasonalNaive
20394,mase,0.6463503649635036,SeasonalNaive
20397,mase,1.9741378543140657,SeasonalNaive
20398,mase,0.18214252589271912,SeasonalNaive
20399,mase,1.3160155167636463,SeasonalNaive
20400,mase,1.963202810163136,SeasonalNaive
20401,mase,0.7051769459711933,SeasonalNaive
20402,mase,0.4277425953733325,SeasonalNaive
20405,mase,1.289820359281437,SeasonalNaive
20406,mase,0.8336842105263158,SeasonalNaive
20408,mase,0.9242424242424242,SeasonalNaive
20409,mase,1.9036951764620476,SeasonalNaive
20414,mase,1.2936721014170653,SeasonalNaive
20415,mase,0.7377443756754102,SeasonalNaive
20416,mase,4.212843418093286,SeasonalNaive
20417,mase,2.2779408020795646,SeasonalNaive
20418,mase,0.6868743437171858,SeasonalNaive
20421,mase,2.029810899173608,SeasonalNaive
20422,mase,0.9661007308818929,SeasonalNaive
20423,mase,0.6545267724626098,SeasonalNaive
20427,mase,1.2924275919518136,SeasonalNaive
20428,mase,1.3119561815336465,SeasonalNaive
20436,mase,0.8591789403933616,SeasonalNaive
20437,mase,2.020890308483469,SeasonalNaive
20440,mase,1.0865407891551682,SeasonalNaive
20445,mase,3.2089718656813173,SeasonalNaive
20446,mase,0.22979659153380977,SeasonalNaive
20447,mase,1.0044983788791106,SeasonalNaive
20448,mase,1.272525738333208,SeasonalNaive
20452,mase,0.9877252527831862,SeasonalNaive
20453,mase,2.555634551984917,SeasonalNaive
20500,mase,1.3526749699939002,SeasonalNaive
21007,mase,0.8518518518518517,SeasonalNaive
21008,mase,0.0,SeasonalNaive
21035,mase,0.3544973544973545,SeasonalNaive
21040,mase,1.4419014084507042,SeasonalNaive
21059,mase,0.19109293342422176,SeasonalNaive
21061,mase,1.728490105719707,SeasonalNaive
21080,mase,2.31102479832686,SeasonalNaive
21084,mase,4.0719290719290715,SeasonalNaive
21094,mase,1.1052631578947367,SeasonalNaive
21107,mase,3.4682523951106705,SeasonalNaive
21121,mase,2.612431347697507,SeasonalNaive
21131,mase,1.3234610917537746,SeasonalNaive
21134,mase,0.22289766970618036,SeasonalNaive
21136,mase,0.0,SeasonalNaive
21142,mase,1.0121425773599686,SeasonalNaive
21147,mase,0.655187637969095,SeasonalNaive
21158,mase,0.0,SeasonalNaive
21160,mase,1.0280172413793103,SeasonalNaive
21161,mase,4.831444317354684,SeasonalNaive
21167,mase,1.205918925640388,SeasonalNaive
21171,mase,0.8203340595497458,SeasonalNaive
21186,mase,0.28651685393258425,SeasonalNaive
21196,mase,0.8622754491017963,SeasonalNaive
21202,mase,1.2877777777777777,SeasonalNaive
21226,mase,0.8015158015158015,SeasonalNaive
21231,mase,0.39784131109667176,SeasonalNaive
21236,mase,0.7878270551122658,SeasonalNaive
21258,mase,2.181469495385353,SeasonalNaive
21261,mase,0.1046831955922865,SeasonalNaive
21262,mase,0.25992515686109,SeasonalNaive
21266,mase,0.6901185770750988,SeasonalNaive
21271,mase,1.0938796680497924,SeasonalNaive
21306,mase,0.6857142857142856,SeasonalNaive
21308,mase,1.0198102678571428,SeasonalNaive
21309,mase,0.7286821705426356,SeasonalNaive
21331,mase,0.6507936507936508,SeasonalNaive
21342,mase,2.761588973408751,SeasonalNaive
21351,mase,1.3903121242223033,SeasonalNaive
21352,mase,1.697238034998946,SeasonalNaive
21356,mase,1.544035395275065,SeasonalNaive
21361,mase,3.2205899100330253,SeasonalNaive
21366,mase,0.21312255472137043,SeasonalNaive
21376,mase,1.6511824324324327,SeasonalNaive
21395,mase,0.9468800742287171,SeasonalNaive
21402,mase,0.35883547731888965,SeasonalNaive
21406,mase,0.989090909090909,SeasonalNaive
21407,mase,0.8948412698412698,SeasonalNaive
21411,mase,4.166698484212134,SeasonalNaive
21416,mase,3.988840632163108,SeasonalNaive
21421,mase,1.019607843137255,SeasonalNaive
21423,mase,0.6899766899766899,SeasonalNaive
21427,mase,2.405128205128205,SeasonalNaive
21433,mase,2.3703703703703702,SeasonalNaive
21437,mase,1.0860033726812817,SeasonalNaive
21439,mase,223.42871130526478,SeasonalNaive
21440,mase,1.9609704641350212,SeasonalNaive
21447,mase,0.8958041958041958,SeasonalNaive
21463,mase,0.6249823968455147,SeasonalNaive
21467,mase,1.330316742081448,SeasonalNaive
21487,mase,1.7028403353966373,SeasonalNaive
21492,mase,0.9687051392477749,SeasonalNaive
21528,mase,0.530950530950531,SeasonalNaive
21552,mase,0.14885496183206107,SeasonalNaive
21557,mase,1.375176703420978,SeasonalNaive
21567,mase,0.6176331918906176,SeasonalNaive
21568,mase,1.1882201334141904,SeasonalNaive
21569,mase,0.6031746031746031,SeasonalNaive
21578,mase,0.6253125128079019,SeasonalNaive
21579,mase,1.5084911457460477,SeasonalNaive
21580,mase,0.4882747068676717,SeasonalNaive
21587,mase,2.27991452991453,SeasonalNaive
21590,mase,0.6671204901293396,SeasonalNaive
21592,mase,1.2819672131147541,SeasonalNaive
21605,mase,3.3699404761904757,SeasonalNaive
21607,mase,0.9688581314878894,SeasonalNaive
21608,mase,0.39103744628606507,SeasonalNaive
21610,mase,0.6244172861282601,SeasonalNaive
21611,mase,0.9285172922733256,SeasonalNaive
21615,mase,0.35699460356994606,SeasonalNaive
21626,mase,0.8450899031811895,SeasonalNaive
21629,mase,0.651708063730606,SeasonalNaive
21635,mase,0.5224284609435421,SeasonalNaive
21638,mase,0.5784216608882284,SeasonalNaive
21646,mase,0.8962868117797697,SeasonalNaive
21656,mase,1.893491124260355,SeasonalNaive
21659,mase,3.651785714285714,SeasonalNaive
21670,mase,1.014161220043573,SeasonalNaive
21674,mase,0.5136741421739333,SeasonalNaive
21692,mase,0.66484375,SeasonalNaive
21694,mase,0.912962962962963,SeasonalNaive
19386,mape,0.2338380932601504,SeasonalNaive
19392,mape,0.5528787239020188,SeasonalNaive
19393,mape,0.14572027838301244,SeasonalNaive
19514,mape,0.8548675810904072,SeasonalNaive
19515,mape,0.4339294118334911,SeasonalNaive
19517,mape,0.29631591113897154,SeasonalNaive
19519,mape,0.6638753342240584,SeasonalNaive
19520,mape,1.6702817567973383,SeasonalNaive
19521,mape,4.764450386064165,SeasonalNaive
19522,mape,1.1291413796901404,SeasonalNaive
19523,mape,0.22336310979599464,SeasonalNaive
19524,mape,0.660994650630338,SeasonalNaive
19526,mape,0.0782646335750911,SeasonalNaive
19527,mape,0.4048665493178835,SeasonalNaive
19528,mape,0.6422758284600389,SeasonalNaive
19529,mape,0.45095993540275336,SeasonalNaive
19530,mape,0.5285601920659393,SeasonalNaive
19531,mape,0.18897482133058588,SeasonalNaive
19532,mape,0.0915239996652189,SeasonalNaive
19533,mape,0.08509128713550879,SeasonalNaive
19534,mape,0.38512948406646497,SeasonalNaive
19535,mape,0.09116839488046448,SeasonalNaive
19536,mape,0.2313751267493205,SeasonalNaive
19537,mape,0.219884126606846,SeasonalNaive
19538,mape,0.20719439620216337,SeasonalNaive
19539,mape,0.09967086387333383,SeasonalNaive
19540,mape,0.15068181331147262,SeasonalNaive
19541,mape,0.5888232094437496,SeasonalNaive
19542,mape,0.10697709984458167,SeasonalNaive
19543,mape,0.28497380589106613,SeasonalNaive
19544,mape,0.611237878228693,SeasonalNaive
19545,mape,0.04528528329213073,SeasonalNaive
19546,mape,0.14909914128028082,SeasonalNaive
19547,mape,0.14501835241444316,SeasonalNaive
19548,mape,0.08260885724081649,SeasonalNaive
19549,mape,0.46454817778778257,SeasonalNaive
19550,mape,0.05568584672846962,SeasonalNaive
19551,mape,0.0843288188893663,SeasonalNaive
19552,mape,0.0661432460061131,SeasonalNaive
19553,mape,0.8236704500087827,SeasonalNaive
19554,mape,0.07948670872483685,SeasonalNaive
19555,mape,0.19389361722861403,SeasonalNaive
19556,mape,6.649735021772,SeasonalNaive
19557,mape,0.23585939264559264,SeasonalNaive
19558,mape,0.14548394118823152,SeasonalNaive
19559,mape,0.130172004370113,SeasonalNaive
19561,mape,0.13787917838080258,SeasonalNaive
19562,mape,0.2948797298842379,SeasonalNaive
19563,mape,0.15123456790123457,SeasonalNaive
19564,mape,0.1302658088821297,SeasonalNaive
19565,mape,0.19230878264720783,SeasonalNaive
19566,mape,0.09382514680801435,SeasonalNaive
19567,mape,1.8033274850974779,SeasonalNaive
19568,mape,0.08892084633088644,SeasonalNaive
19569,mape,0.24252669081100453,SeasonalNaive
19570,mape,0.05906035589592621,SeasonalNaive
19571,mape,0.07745772285505886,SeasonalNaive
19572,mape,0.21271236835664525,SeasonalNaive
19573,mape,1.017426729171504,SeasonalNaive
19574,mape,0.19368825538283907,SeasonalNaive
19575,mape,0.03792405851229381,SeasonalNaive
19576,mape,0.2090565732096522,SeasonalNaive
19577,mape,0.15816454045248476,SeasonalNaive
19579,mape,3.1145276292335113,SeasonalNaive
19580,mape,0.39274182226307514,SeasonalNaive
19614,mape,0.7674876295602461,SeasonalNaive
19616,mape,0.017041642389250843,SeasonalNaive
19620,mape,1.6020408163265307,SeasonalNaive
19623,mape,0.12870406858389952,SeasonalNaive
19624,mape,0.09950556092862649,SeasonalNaive
19635,mape,,SeasonalNaive
19650,mape,0.175865287562312,SeasonalNaive
19658,mape,12.470185921306635,SeasonalNaive
19662,mape,0.21674694797844815,SeasonalNaive
19677,mape,0.7304803563996538,SeasonalNaive
19678,mape,,SeasonalNaive
19682,mape,0.14649545322838609,SeasonalNaive
19687,mape,0.08784607070647087,SeasonalNaive
19690,mape,0.059432487967877985,SeasonalNaive
19704,mape,0.14329335779265284,SeasonalNaive
19728,mape,0.4393097643097643,SeasonalNaive
19746,mape,0.13567643978885202,SeasonalNaive
19747,mape,0.1737495861527947,SeasonalNaive
19770,mape,0.1689379305207049,SeasonalNaive
19778,mape,0.7603344413027132,SeasonalNaive
19779,mape,0.09435127757660441,SeasonalNaive
19789,mape,3.0475198382829434,SeasonalNaive
19790,mape,0.050307554111583844,SeasonalNaive
19791,mape,0.07183691388179164,SeasonalNaive
19795,mape,0.15529803539349463,SeasonalNaive
19804,mape,0.24069427304721422,SeasonalNaive
19805,mape,0.07050576520005675,SeasonalNaive
19812,mape,0.3792487299531464,SeasonalNaive
19821,mape,0.7707296720525407,SeasonalNaive
19829,mape,9.112633547008548,SeasonalNaive
19830,mape,0.7376457944165357,SeasonalNaive
19839,mape,0.5583991862300599,SeasonalNaive
19840,mape,3.8199214365881033,SeasonalNaive
19852,mape,0.20153958769837016,SeasonalNaive
19855,mape,1.0,SeasonalNaive
19856,mape,0.9833333333333333,SeasonalNaive
19858,mape,6.213324364833653,SeasonalNaive
19865,mape,0.5761159936316779,SeasonalNaive
19869,mape,0.8202256564955643,SeasonalNaive
19873,mape,0.2940833876305974,SeasonalNaive
19874,mape,0.6783466746382347,SeasonalNaive
19875,mape,1.4161965431698165,SeasonalNaive
19891,mape,2.664707977207977,SeasonalNaive
19892,mape,9.290750915750916,SeasonalNaive
19893,mape,0.7452943772643339,SeasonalNaive
19894,mape,1.3057812893122562,SeasonalNaive
19895,mape,1.1281724067288432,SeasonalNaive
19896,mape,3.3858815049104627,SeasonalNaive
19897,mape,1.101647603485839,SeasonalNaive
19898,mape,1.0336887583482068,SeasonalNaive
19900,mape,0.5044325539373848,SeasonalNaive
19910,mape,1.764131007881008,SeasonalNaive
19911,mape,0.2240690819954804,SeasonalNaive
19912,mape,0.25416750420528283,SeasonalNaive
19917,mape,0.045742372566250994,SeasonalNaive
19930,mape,0.12379170934397367,SeasonalNaive
19932,mape,0.7342492476301575,SeasonalNaive
19933,mape,0.09390236219430452,SeasonalNaive
19949,mape,0.34394190299454575,SeasonalNaive
19952,mape,2.5550255645925293,SeasonalNaive
19953,mape,0.23770350211873909,SeasonalNaive
19954,mape,2.4567429193899786,SeasonalNaive
19956,mape,2.677093493534833,SeasonalNaive
19958,mape,0.5303367883229182,SeasonalNaive
19961,mape,0.27708302101589694,SeasonalNaive
19972,mape,3.180348844028089,SeasonalNaive
19976,mape,6.330211966209409,SeasonalNaive
19977,mape,0.06011846023918718,SeasonalNaive
19985,mape,1.8403361344537814,SeasonalNaive
19991,mape,0.1079948078493215,SeasonalNaive
19994,mape,0.5689392497905595,SeasonalNaive
19995,mape,0.28856915899950275,SeasonalNaive
19996,mape,0.6239555337169846,SeasonalNaive
20003,mape,0.6406064614397948,SeasonalNaive
20005,mape,0.067642159442381,SeasonalNaive
20007,mape,0.057464069316340835,SeasonalNaive
20010,mape,0.592418068405474,SeasonalNaive
20016,mape,0.44887269821427783,SeasonalNaive
20017,mape,0.09972073106182257,SeasonalNaive
20019,mape,0.2929671076874266,SeasonalNaive
20023,mape,0.2033905004226751,SeasonalNaive
20025,mape,0.9027762530918847,SeasonalNaive
20028,mape,0.5896404640443625,SeasonalNaive
20029,mape,0.12487475550982453,SeasonalNaive
20030,mape,0.5777777777777778,SeasonalNaive
20034,mape,1.9189888601895182,SeasonalNaive
20042,mape,1.6794704131119138,SeasonalNaive
20043,mape,0.19497246580579913,SeasonalNaive
20045,mape,0.580379188712522,SeasonalNaive
20046,mape,1.4920580272336055,SeasonalNaive
20057,mape,0.5366598425228946,SeasonalNaive
20059,mape,0.0846586591260559,SeasonalNaive
20064,mape,0.1524786397335417,SeasonalNaive
20065,mape,2.224829439350829,SeasonalNaive
20075,mape,0.25347987340079575,SeasonalNaive
20080,mape,0.33085232668566,SeasonalNaive
20085,mape,0.8366145855468669,SeasonalNaive
20088,mape,9.681121930212301,SeasonalNaive
20089,mape,0.2846638655462185,SeasonalNaive
20090,mape,1.121346678294328,SeasonalNaive
20095,mape,9.133701461172206,SeasonalNaive
20100,mape,0.10213129299612779,SeasonalNaive
20104,mape,0.16334571107888474,SeasonalNaive
20105,mape,1.0846279518501338,SeasonalNaive
20106,mape,2.6635316268475013,SeasonalNaive
20107,mape,0.041788557569726076,SeasonalNaive
20108,mape,0.7821729926746985,SeasonalNaive
20110,mape,0.5491502324835659,SeasonalNaive
20111,mape,0.13290168963415244,SeasonalNaive
20114,mape,0.18472222222222223,SeasonalNaive
20116,mape,0.15711756148638437,SeasonalNaive
20119,mape,0.16747911028869028,SeasonalNaive
20120,mape,0.23389680716149897,SeasonalNaive
20123,mape,1.4188474658869397,SeasonalNaive
20127,mape,2.865306938490546,SeasonalNaive
20133,mape,0.0597847902996174,SeasonalNaive
20136,mape,0.3992251338405185,SeasonalNaive
20138,mape,0.3234776943572482,SeasonalNaive
20140,mape,0.5398649841516243,SeasonalNaive
20147,mape,0.29918247726246516,SeasonalNaive
20148,mape,0.07658875702865314,SeasonalNaive
20149,mape,0.3586687420148329,SeasonalNaive
20151,mape,0.129515542531061,SeasonalNaive
20152,mape,2.5655146106306668,SeasonalNaive
20153,mape,0.18852165331312948,SeasonalNaive
20155,mape,0.5510437412764531,SeasonalNaive
20156,mape,0.3783658274088878,SeasonalNaive
20162,mape,0.11857165930004457,SeasonalNaive
20166,mape,1.0226043874170108,SeasonalNaive
20167,mape,0.14681983825446704,SeasonalNaive
20169,mape,4.3087301587301585,SeasonalNaive
20170,mape,7.1139980910854055,SeasonalNaive
20173,mape,3.05940574249102,SeasonalNaive
20177,mape,0.3572265812938186,SeasonalNaive
20183,mape,0.24689919317757583,SeasonalNaive
20185,mape,0.04817555015380607,SeasonalNaive
20188,mape,0.10938290330094944,SeasonalNaive
20190,mape,0.18840303157020274,SeasonalNaive
20191,mape,0.48511108005908177,SeasonalNaive
20193,mape,4.953067949727731,SeasonalNaive
20194,mape,0.16884563314533704,SeasonalNaive
20195,mape,0.513656875072928,SeasonalNaive
20200,mape,0.3088096902533968,SeasonalNaive
20201,mape,4.522281593796939,SeasonalNaive
20203,mape,5.311148003665224,SeasonalNaive
20204,mape,0.6073683376622698,SeasonalNaive
20206,mape,0.502764796478794,SeasonalNaive
20207,mape,4.350876720458763,SeasonalNaive
20208,mape,0.40558548958208074,SeasonalNaive
20209,mape,0.38095238095238093,SeasonalNaive
20210,mape,4.267857142857143,SeasonalNaive
20211,mape,1.2558698728502111,SeasonalNaive
20213,mape,0.9222689075630253,SeasonalNaive
20214,mape,1.611904761904762,SeasonalNaive
20216,mape,0.23537994117555247,SeasonalNaive
20218,mape,7.918808958293588,SeasonalNaive
20221,mape,0.30431297097963766,SeasonalNaive
20222,mape,1.3165512923080795,SeasonalNaive
20227,mape,0.9397126906318083,SeasonalNaive
20229,mape,0.07077246169009238,SeasonalNaive
20230,mape,0.6327079818741854,SeasonalNaive
20231,mape,0.44020195662390427,SeasonalNaive
20232,mape,1.7923098356944775,SeasonalNaive
20233,mape,0.08776587967093204,SeasonalNaive
20234,mape,0.8646346592162462,SeasonalNaive
20237,mape,20.925820625522185,SeasonalNaive
20250,mape,0.17932048651831642,SeasonalNaive
20253,mape,0.4316535324650911,SeasonalNaive
20254,mape,1.0485599502795635,SeasonalNaive
20263,mape,0.30462962962962964,SeasonalNaive
20266,mape,0.9022222222222223,SeasonalNaive
20268,mape,0.25229748072068336,SeasonalNaive
20272,mape,0.29995112594833473,SeasonalNaive
20277,mape,1.3055428996690503,SeasonalNaive
20278,mape,0.32630943579964805,SeasonalNaive
20280,mape,0.1831112107991795,SeasonalNaive
20284,mape,3.783721273105278,SeasonalNaive
20286,mape,0.22508484096980755,SeasonalNaive
20292,mape,0.6955654269411785,SeasonalNaive
20293,mape,1.5474864265482415,SeasonalNaive
20296,mape,0.481653737938466,SeasonalNaive
20302,mape,,SeasonalNaive
20303,mape,0.48764535742761755,SeasonalNaive
20304,mape,0.21320164119842955,SeasonalNaive
20305,mape,5.844103813827991,SeasonalNaive
20308,mape,0.6715697624784884,SeasonalNaive
20309,mape,0.1897973029851588,SeasonalNaive
20310,mape,4.01485226403566,SeasonalNaive
20312,mape,1.286040435298479,SeasonalNaive
20313,mape,0.24310572777912323,SeasonalNaive
20314,mape,1.0322222222222224,SeasonalNaive
20331,mape,1.1833333333333331,SeasonalNaive
20334,mape,0.17561864790427104,SeasonalNaive
20335,mape,21.927390791027154,SeasonalNaive
20344,mape,2.271169888381849,SeasonalNaive
20348,mape,0.06207070414762973,SeasonalNaive
20355,mape,0.0663137984686214,SeasonalNaive
20356,mape,0.8642032452109019,SeasonalNaive
20357,mape,0.6231158861044703,SeasonalNaive
20359,mape,0.625,SeasonalNaive
20360,mape,0.09890473968724704,SeasonalNaive
20362,mape,0.05153021838115492,SeasonalNaive
20363,mape,0.2695878223787418,SeasonalNaive
20364,mape,0.4750500963400528,SeasonalNaive
20366,mape,0.3090032077136,SeasonalNaive
20368,mape,0.297136646220614,SeasonalNaive
20370,mape,0.14893478482689812,SeasonalNaive
20372,mape,1.4014315493731155,SeasonalNaive
20373,mape,1.375,SeasonalNaive
20374,mape,0.17453928650433523,SeasonalNaive
20375,mape,0.23919348700345966,SeasonalNaive
20377,mape,0.6146943681563115,SeasonalNaive
20378,mape,0.09865006430436221,SeasonalNaive
20380,mape,0.07541346760656223,SeasonalNaive
20387,mape,0.7928088271179516,SeasonalNaive
20392,mape,0.06418519216829491,SeasonalNaive
20393,mape,0.22134288244246417,SeasonalNaive
20394,mape,0.3208186939408573,SeasonalNaive
20397,mape,0.47230031898166147,SeasonalNaive
20398,mape,0.061044391091358924,SeasonalNaive
20399,mape,2.503836599798396,SeasonalNaive
20400,mape,18.755442885665268,SeasonalNaive
20401,mape,0.3657640888863432,SeasonalNaive
20402,mape,0.47200878728958456,SeasonalNaive
20405,mape,3.741482580115453,SeasonalNaive
20406,mape,1.5166666666666666,SeasonalNaive
20408,mape,2.4143518518518516,SeasonalNaive
20409,mape,0.13641455340024547,SeasonalNaive
20414,mape,0.5713664152427019,SeasonalNaive
20415,mape,2.104800120311629,SeasonalNaive
20416,mape,0.34549827645656206,SeasonalNaive
20417,mape,3.061279167781629,SeasonalNaive
20418,mape,0.36582910412363834,SeasonalNaive
20421,mape,0.5820462249757887,SeasonalNaive
20422,mape,0.36103222611584135,SeasonalNaive
20423,mape,0.3579435837631389,SeasonalNaive
20427,mape,0.29652075351692037,SeasonalNaive
20428,mape,3.248226773226773,SeasonalNaive
20436,mape,0.21625784499035122,SeasonalNaive
20437,mape,4.353236107017058,SeasonalNaive
20440,mape,0.16081914168765724,SeasonalNaive
20445,mape,0.6029736170694902,SeasonalNaive
20446,mape,0.10001746036026508,SeasonalNaive
20447,mape,2.026144775105206,SeasonalNaive
20448,mape,5.350807210878167,SeasonalNaive
20452,mape,0.22650565102503295,SeasonalNaive
20453,mape,0.7550413692723013,SeasonalNaive
20500,mape,1.0278356518864968,SeasonalNaive
21007,mape,0.7398148148148148,SeasonalNaive
21008,mape,,SeasonalNaive
21035,mape,0.38095238095238093,SeasonalNaive
21040,mape,1.0729166666666665,SeasonalNaive
21059,mape,0.11534982236736623,SeasonalNaive
21061,mape,0.27026230665781964,SeasonalNaive
21080,mape,0.4026450469985848,SeasonalNaive
21084,mape,0.4834916566575008,SeasonalNaive
21094,mape,1.208994708994709,SeasonalNaive
21107,mape,0.5922252230987773,SeasonalNaive
21121,mape,4.2911871892977205,SeasonalNaive
21131,mape,1.1246598639455783,SeasonalNaive
21134,mape,0.7305555555555555,SeasonalNaive
21136,mape,,SeasonalNaive
21142,mape,0.2756045374549578,SeasonalNaive
21147,mape,0.7583333333333333,SeasonalNaive
21158,mape,,SeasonalNaive
21160,mape,1.6677083333333333,SeasonalNaive
21161,mape,0.35127822099018086,SeasonalNaive
21167,mape,0.47798163111796843,SeasonalNaive
21171,mape,0.12797853119548955,SeasonalNaive
21186,mape,0.6458333333333334,SeasonalNaive
21196,mape,1.1357142857142857,SeasonalNaive
21202,mape,0.5505340338673672,SeasonalNaive
21226,mape,0.1421741329740559,SeasonalNaive
21231,mape,0.6326988302178704,SeasonalNaive
21236,mape,1.5388065666773356,SeasonalNaive
21258,mape,1.443235021840706,SeasonalNaive
21261,mape,0.03362731076857885,SeasonalNaive
21262,mape,0.024009451325991384,SeasonalNaive
21266,mape,0.3063966588966589,SeasonalNaive
21271,mape,0.6377084285627264,SeasonalNaive
21306,mape,0.5714285714285714,SeasonalNaive
21308,mape,1.1031746031746033,SeasonalNaive
21309,mape,0.341005291005291,SeasonalNaive
21331,mape,0.8148148148148148,SeasonalNaive
21342,mape,0.5357806273861423,SeasonalNaive
21351,mape,0.12519016057012633,SeasonalNaive
21352,mape,3.408704122674711,SeasonalNaive
21356,mape,0.5416642570587441,SeasonalNaive
21361,mape,0.2734235127496543,SeasonalNaive
21366,mape,0.23573036869864014,SeasonalNaive
21376,mape,0.2762379245409104,SeasonalNaive
21395,mape,0.06118474815164129,SeasonalNaive
21402,mape,1.3571428571428572,SeasonalNaive
21406,mape,0.4818181818181818,SeasonalNaive
21407,mape,0.8194444444444443,SeasonalNaive
21411,mape,0.2907948434874273,SeasonalNaive
21416,mape,0.6234228075205445,SeasonalNaive
21421,mape,0.4583333333333333,SeasonalNaive
21423,mape,0.5743589743589743,SeasonalNaive
21427,mape,0.2853742973337009,SeasonalNaive
21433,mape,0.432543413471983,SeasonalNaive
21437,mape,0.22099504702903985,SeasonalNaive
21439,mape,0.7485414289521946,SeasonalNaive
21440,mape,0.41547343616733845,SeasonalNaive
21447,mape,0.6477272727272727,SeasonalNaive
21463,mape,0.2965875602831209,SeasonalNaive
21467,mape,0.10270611741199975,SeasonalNaive
21487,mape,0.5045009074079131,SeasonalNaive
21492,mape,0.681491341637689,SeasonalNaive
21528,mape,0.4303888558087524,SeasonalNaive
21552,mape,0.07433780529755762,SeasonalNaive
21557,mape,0.4624847915677448,SeasonalNaive
21567,mape,0.1091190602493989,SeasonalNaive
21568,mape,0.2929175546147076,SeasonalNaive
21569,mape,0.8333333333333334,SeasonalNaive
21578,mape,0.09449794322587107,SeasonalNaive
21579,mape,0.5590837906132738,SeasonalNaive
21580,mape,0.1467393271121341,SeasonalNaive
21587,mape,1.069122025992046,SeasonalNaive
21590,mape,1.1730769230769231,SeasonalNaive
21592,mape,0.21599931541372713,SeasonalNaive
21605,mape,0.9591437243171289,SeasonalNaive
21607,mape,0.18479070477724768,SeasonalNaive
21608,mape,0.15842036002025164,SeasonalNaive
21610,mape,0.1047994887977919,SeasonalNaive
21611,mape,0.12694411053676521,SeasonalNaive
21615,mape,0.2890994080159752,SeasonalNaive
21626,mape,0.21389019800456888,SeasonalNaive
21629,mape,0.39278980051064816,SeasonalNaive
21635,mape,1.2616674206580194,SeasonalNaive
21638,mape,0.16918375723936122,SeasonalNaive
21646,mape,1.5151515151515154,SeasonalNaive
21656,mape,0.5961538461538461,SeasonalNaive
21659,mape,0.7824706071489514,SeasonalNaive
21670,mape,0.7781732649379708,SeasonalNaive
21674,mape,0.21774292966500014,SeasonalNaive
21692,mape,0.1715029761904762,SeasonalNaive
21694,mape,0.4942988994281653,SeasonalNaive
19386,smape,0.0995523694361517,SeasonalNaive
19392,smape,0.2578686638173736,SeasonalNaive
19393,smape,0.06391653896160758,SeasonalNaive
19514,smape,0.22521461480823776,SeasonalNaive
19515,smape,0.15069971760315115,SeasonalNaive
19517,smape,0.07594637750150286,SeasonalNaive
19519,smape,0.22000363389503808,SeasonalNaive
19520,smape,0.1776807227094529,SeasonalNaive
19521,smape,0.2545272784886212,SeasonalNaive
19522,smape,0.2578353104884348,SeasonalNaive
19523,smape,0.09060806049070676,SeasonalNaive
19524,smape,0.20358949574074336,SeasonalNaive
19526,smape,0.037343012612649606,SeasonalNaive
19527,smape,0.17336761041740506,SeasonalNaive
19528,smape,0.08277252298991429,SeasonalNaive
19529,smape,0.09267167951828761,SeasonalNaive
19530,smape,0.16052253668409036,SeasonalNaive
19531,smape,0.07976533730454688,SeasonalNaive
19532,smape,0.04576041332194927,SeasonalNaive
19533,smape,0.039247371953259697,SeasonalNaive
19534,smape,0.15031514864262382,SeasonalNaive
19535,smape,0.03982545413660339,SeasonalNaive
19536,smape,0.12215622509371185,SeasonalNaive
19537,smape,0.13042743522574085,SeasonalNaive
19538,smape,0.11940667132857793,SeasonalNaive
19539,smape,0.04262912368107912,SeasonalNaive
19540,smape,0.06064566128209644,SeasonalNaive
19541,smape,0.1215237217879185,SeasonalNaive
19542,smape,0.04687003780678442,SeasonalNaive
19543,smape,0.0828955507531855,SeasonalNaive
19544,smape,0.22170173645958025,SeasonalNaive
19545,smape,0.022160701808652643,SeasonalNaive
19546,smape,0.06842424026626048,SeasonalNaive
19547,smape,0.0824747864234741,SeasonalNaive
19548,smape,0.04263715623020095,SeasonalNaive
19549,smape,0.16928933102548646,SeasonalNaive
19550,smape,0.02522360249027277,SeasonalNaive
19551,smape,0.04251839871255142,SeasonalNaive
19552,smape,0.03343391983383992,SeasonalNaive
19553,smape,0.257513310196497,SeasonalNaive
19554,smape,0.03011090895492154,SeasonalNaive
19555,smape,0.10715600263491322,SeasonalNaive
19556,smape,0.2883801908749805,SeasonalNaive
19557,smape,0.10545830458293642,SeasonalNaive
19558,smape,0.07390926274595125,SeasonalNaive
19559,smape,0.05657706045163465,SeasonalNaive
19561,smape,0.054095060689892706,SeasonalNaive
19562,smape,0.11870489528378957,SeasonalNaive
19563,smape,0.0677676626206038,SeasonalNaive
19564,smape,0.07012482314586374,SeasonalNaive
19565,smape,0.06833886181278523,SeasonalNaive
19566,smape,0.04943303580503219,SeasonalNaive
19567,smape,0.2477923903949119,SeasonalNaive
19568,smape,0.03949341211270793,SeasonalNaive
19569,smape,0.11331546156814973,SeasonalNaive
19570,smape,0.02665166385293597,SeasonalNaive
19571,smape,0.031365950137173644,SeasonalNaive
19572,smape,0.1125106099804659,SeasonalNaive
19573,smape,0.1262806060827985,SeasonalNaive
19574,smape,0.10247756068321273,SeasonalNaive
19575,smape,0.018033847205616953,SeasonalNaive
19576,smape,0.12933941179621933,SeasonalNaive
19577,smape,0.0685576322793627,SeasonalNaive
19579,smape,0.48890662477618996,SeasonalNaive
19580,smape,0.1542182484066187,SeasonalNaive
19614,smape,0.22980176825371,SeasonalNaive
19616,smape,0.008515866477070583,SeasonalNaive
19620,smape,0.1220679904890431,SeasonalNaive
19623,smape,0.06968020106228776,SeasonalNaive
19624,smape,0.04675552377527453,SeasonalNaive
19635,smape,0.0,SeasonalNaive
19650,smape,0.09956543478300087,SeasonalNaive
19658,smape,0.4004062120457038,SeasonalNaive
19662,smape,0.08266856182333454,SeasonalNaive
19677,smape,0.46672443663147056,SeasonalNaive
19678,smape,0.0,SeasonalNaive
19682,smape,0.07684403861614258,SeasonalNaive
19687,smape,0.047426071866651175,SeasonalNaive
19690,smape,0.027528332142443792,SeasonalNaive
19704,smape,0.07798920717038318,SeasonalNaive
19728,smape,0.12403054835414506,SeasonalNaive
19746,smape,0.06431463635524248,SeasonalNaive
19747,smape,0.09938914276460847,SeasonalNaive
19770,smape,0.09903657141999406,SeasonalNaive
19778,smape,0.20989177766206682,SeasonalNaive
19779,smape,0.038725336640446355,SeasonalNaive
19789,smape,0.3469651734301687,SeasonalNaive
19790,smape,0.021668930746222566,SeasonalNaive
19791,smape,0.034730320175243794,SeasonalNaive
19795,smape,0.08743488575166304,SeasonalNaive
19804,smape,0.1461924879668407,SeasonalNaive
19805,smape,0.030836575840771683,SeasonalNaive
19812,smape,0.25145914441573525,SeasonalNaive
19821,smape,0.26563460837156405,SeasonalNaive
19829,smape,0.16784277010173318,SeasonalNaive
19830,smape,0.2855957111994628,SeasonalNaive
19839,smape,0.19999484309610652,SeasonalNaive
19840,smape,0.31731737897056855,SeasonalNaive
19852,smape,0.0902365118883742,SeasonalNaive
19855,smape,0.08809523809523809,SeasonalNaive
19856,smape,0.28702333901793,SeasonalNaive
19858,smape,0.4545652815454623,SeasonalNaive
19865,smape,0.16121323845875132,SeasonalNaive
19869,smape,0.23920915312002533,SeasonalNaive
19873,smape,0.11077645281955564,SeasonalNaive
19874,smape,0.21525909145231437,SeasonalNaive
19875,smape,0.13209534322532684,SeasonalNaive
19891,smape,0.4502937688552621,SeasonalNaive
19892,smape,0.14870723238026393,SeasonalNaive
19893,smape,0.2642679740145961,SeasonalNaive
19894,smape,0.29395350742716836,SeasonalNaive
19895,smape,0.27926291833718747,SeasonalNaive
19896,smape,0.4812792538582456,SeasonalNaive
19897,smape,0.2899624527569069,SeasonalNaive
19898,smape,0.27986243662730326,SeasonalNaive
19900,smape,0.2826948231194106,SeasonalNaive
19910,smape,0.37817278077295124,SeasonalNaive
19911,smape,0.12891828698585206,SeasonalNaive
19912,smape,0.09078367258612202,SeasonalNaive
19917,smape,0.02220874209481524,SeasonalNaive
19930,smape,0.05604509606861051,SeasonalNaive
19932,smape,0.18906810035842295,SeasonalNaive
19933,smape,0.04675759319774727,SeasonalNaive
19949,smape,0.1397814414732479,SeasonalNaive
19952,smape,0.3321469182986037,SeasonalNaive
19953,smape,0.1090103047306666,SeasonalNaive
19954,smape,0.3251011109192313,SeasonalNaive
19956,smape,0.34437369682477803,SeasonalNaive
19958,smape,0.08887646172537261,SeasonalNaive
19961,smape,0.16453420645270658,SeasonalNaive
19972,smape,0.2935279339557214,SeasonalNaive
19976,smape,0.31376887151080696,SeasonalNaive
19977,smape,0.02799283564789819,SeasonalNaive
19985,smape,0.42135571755136975,SeasonalNaive
19991,smape,0.0507549697180489,SeasonalNaive
19994,smape,0.1897408431368074,SeasonalNaive
19995,smape,0.17248720164310716,SeasonalNaive
19996,smape,0.12556971536801326,SeasonalNaive
20003,smape,0.20350479559710272,SeasonalNaive
20005,smape,0.031648190637900364,SeasonalNaive
20007,smape,0.029745910383313534,SeasonalNaive
20010,smape,0.22288254776530905,SeasonalNaive
20016,smape,0.16372230171655305,SeasonalNaive
20017,smape,0.05184615872978394,SeasonalNaive
20019,smape,0.17742355791562503,SeasonalNaive
20023,smape,0.062001029694058914,SeasonalNaive
20025,smape,0.2771320875191126,SeasonalNaive
20028,smape,0.18660741714098808,SeasonalNaive
20029,smape,0.06775900949633397,SeasonalNaive
20030,smape,0.19814814814814813,SeasonalNaive
20034,smape,0.26367952056212873,SeasonalNaive
20042,smape,0.4470413316444514,SeasonalNaive
20043,smape,0.06280908517377419,SeasonalNaive
20045,smape,0.1572301064948124,SeasonalNaive
20046,smape,0.23156692140579457,SeasonalNaive
20057,smape,0.17477643078354932,SeasonalNaive
20059,smape,0.042907962363456925,SeasonalNaive
20064,smape,0.07461251949539015,SeasonalNaive
20065,smape,0.3148789787894556,SeasonalNaive
20075,smape,0.15708629334890992,SeasonalNaive
20080,smape,0.21399843859633572,SeasonalNaive
20085,smape,0.17639494073273132,SeasonalNaive
20088,smape,0.2754939601816599,SeasonalNaive
20089,smape,0.11634958179075827,SeasonalNaive
20090,smape,0.28043777662101527,SeasonalNaive
20095,smape,0.6402500316286057,SeasonalNaive
20100,smape,0.04825881561442323,SeasonalNaive
20104,smape,0.07825731867997746,SeasonalNaive
20105,smape,0.257943077263721,SeasonalNaive
20106,smape,0.4254792857782821,SeasonalNaive
20107,smape,0.021610709870118955,SeasonalNaive
20108,smape,0.6697709642428996,SeasonalNaive
20110,smape,0.2778091915346817,SeasonalNaive
20111,smape,0.07888396753302632,SeasonalNaive
20114,smape,0.09114680135061971,SeasonalNaive
20116,smape,0.0859611408329965,SeasonalNaive
20119,smape,0.05885151519780471,SeasonalNaive
20120,smape,0.12352941607867399,SeasonalNaive
20123,smape,0.29648577599685716,SeasonalNaive
20127,smape,0.24233964879944234,SeasonalNaive
20133,smape,0.03055512397638913,SeasonalNaive
20136,smape,0.1882741985683162,SeasonalNaive
20138,smape,0.19994500508753832,SeasonalNaive
20140,smape,0.2242193052847986,SeasonalNaive
20147,smape,0.17214498761138883,SeasonalNaive
20148,smape,0.036628023640027034,SeasonalNaive
20149,smape,0.15598451849059905,SeasonalNaive
20151,smape,0.059187878680824015,SeasonalNaive
20152,smape,0.49798744752836555,SeasonalNaive
20153,smape,0.10406774842952116,SeasonalNaive
20155,smape,0.20393016358403326,SeasonalNaive
20156,smape,0.15626022802063252,SeasonalNaive
20162,smape,0.04625633466678119,SeasonalNaive
20166,smape,0.10500247031568782,SeasonalNaive
20167,smape,0.0699499934519393,SeasonalNaive
20169,smape,0.47146805436279116,SeasonalNaive
20170,smape,0.3807858843103028,SeasonalNaive
20173,smape,0.4990287874743863,SeasonalNaive
20177,smape,0.1339573083428798,SeasonalNaive
20183,smape,0.09304407015888662,SeasonalNaive
20185,smape,0.022140295662408147,SeasonalNaive
20188,smape,0.050232862422555556,SeasonalNaive
20190,smape,0.10122602994630855,SeasonalNaive
20191,smape,0.1681424810724999,SeasonalNaive
20193,smape,0.5065253910105585,SeasonalNaive
20194,smape,0.09498639430049573,SeasonalNaive
20195,smape,0.16786541343324943,SeasonalNaive
20200,smape,0.07577419943017855,SeasonalNaive
20201,smape,0.52597790565055,SeasonalNaive
20203,smape,0.24684027557512722,SeasonalNaive
20204,smape,0.2099253813047885,SeasonalNaive
20206,smape,0.13949215367718418,SeasonalNaive
20207,smape,0.21050983878628438,SeasonalNaive
20208,smape,0.2157531434980342,SeasonalNaive
20209,smape,0.03508771929824561,SeasonalNaive
20210,smape,0.07194648097775756,SeasonalNaive
20211,smape,0.20202304671063182,SeasonalNaive
20213,smape,0.33876455788220494,SeasonalNaive
20214,smape,0.21109366305444738,SeasonalNaive
20216,smape,0.11638630729754078,SeasonalNaive
20218,smape,0.3749558488141627,SeasonalNaive
20221,smape,0.20548648309226225,SeasonalNaive
20222,smape,0.10352007241815447,SeasonalNaive
20227,smape,0.2448589593632633,SeasonalNaive
20229,smape,0.030987994610735467,SeasonalNaive
20230,smape,0.22768743488577886,SeasonalNaive
20231,smape,0.28928586619708013,SeasonalNaive
20232,smape,0.3863211615284056,SeasonalNaive
20233,smape,0.030571205407088138,SeasonalNaive
20234,smape,0.21549612474548463,SeasonalNaive
20237,smape,0.6497102346524323,SeasonalNaive
20250,smape,0.07471223644137243,SeasonalNaive
20253,smape,0.2854725472093651,SeasonalNaive
20254,smape,0.20363314894079393,SeasonalNaive
20263,smape,0.14553656220322886,SeasonalNaive
20266,smape,0.2530463363796697,SeasonalNaive
20268,smape,0.08050194740032005,SeasonalNaive
20272,smape,0.16064719966561,SeasonalNaive
20277,smape,0.09916633355576066,SeasonalNaive
20278,smape,0.1463076371490149,SeasonalNaive
20280,smape,0.1032231468952895,SeasonalNaive
20284,smape,0.1444877033778211,SeasonalNaive
20286,smape,0.10459880312840238,SeasonalNaive
20292,smape,0.5458546092149339,SeasonalNaive
20293,smape,0.23656426699164307,SeasonalNaive
20296,smape,0.1478061470784748,SeasonalNaive
20302,smape,0.0,SeasonalNaive
20303,smape,0.17331943145390588,SeasonalNaive
20304,smape,0.09233725017382549,SeasonalNaive
20305,smape,0.6081784924300103,SeasonalNaive
20308,smape,0.29950382409511883,SeasonalNaive
20309,smape,0.08644249889196859,SeasonalNaive
20310,smape,0.2687834553233588,SeasonalNaive
20312,smape,0.18007618014987692,SeasonalNaive
20313,smape,0.14213203238685768,SeasonalNaive
20314,smape,0.26994116994116996,SeasonalNaive
20331,smape,0.09057239057239058,SeasonalNaive
20334,smape,0.07803169333854101,SeasonalNaive
20335,smape,0.412632561390452,SeasonalNaive
20344,smape,0.39880191190283487,SeasonalNaive
20348,smape,0.026572168421173346,SeasonalNaive
20355,smape,0.03189767074225527,SeasonalNaive
20356,smape,0.204521742116388,SeasonalNaive
20357,smape,0.1527228103430161,SeasonalNaive
20359,smape,0.024691358024691357,SeasonalNaive
20360,smape,0.04902762501493983,SeasonalNaive
20362,smape,0.025310873641490844,SeasonalNaive
20363,smape,0.16330464418503465,SeasonalNaive
20364,smape,0.16557278752333845,SeasonalNaive
20366,smape,0.13014136154234046,SeasonalNaive
20368,smape,0.14737965369507322,SeasonalNaive
20370,smape,0.0787245046062563,SeasonalNaive
20372,smape,0.33907797648948235,SeasonalNaive
20373,smape,0.07222222222222223,SeasonalNaive
20374,smape,0.07843873020060475,SeasonalNaive
20375,smape,0.13513534119770515,SeasonalNaive
20377,smape,0.39772121915675607,SeasonalNaive
20378,smape,0.051526349455967034,SeasonalNaive
20380,smape,0.03663701683617643,SeasonalNaive
20387,smape,0.3451231931297749,SeasonalNaive
20392,smape,0.02898246289705459,SeasonalNaive
20393,smape,0.09931800212903344,SeasonalNaive
20394,smape,0.1671417509896682,SeasonalNaive
20397,smape,0.33759017904990796,SeasonalNaive
20398,smape,0.028907320456558964,SeasonalNaive
20399,smape,0.3869565888477061,SeasonalNaive
20400,smape,0.409928810674798,SeasonalNaive
20401,smape,0.14160156299375842,SeasonalNaive
20402,smape,0.21293292124117844,SeasonalNaive
20405,smape,0.43821258859681755,SeasonalNaive
20406,smape,0.21723646723646722,SeasonalNaive
20408,smape,0.29638849475805995,SeasonalNaive
20409,smape,0.06992960137435499,SeasonalNaive
20414,smape,0.1815084046928302,SeasonalNaive
20415,smape,0.4395228662841102,SeasonalNaive
20416,smape,0.21221434852958138,SeasonalNaive
20417,smape,0.4518207451130981,SeasonalNaive
20418,smape,0.15258760863306897,SeasonalNaive
20421,smape,0.2074864481598117,SeasonalNaive
20422,smape,0.13477236243982574,SeasonalNaive
20423,smape,0.11689198918032623,SeasonalNaive
20427,smape,0.23277018348482828,SeasonalNaive
20428,smape,0.4780236319503605,SeasonalNaive
20436,smape,0.10322360722617156,SeasonalNaive
20437,smape,0.16209742855374984,SeasonalNaive
20440,smape,0.08767093915817553,SeasonalNaive
20445,smape,0.4337314615471766,SeasonalNaive
20446,smape,0.04671102384807253,SeasonalNaive
20447,smape,0.3642727169992224,SeasonalNaive
20448,smape,0.4224787250607684,SeasonalNaive
20452,smape,0.0946716142371104,SeasonalNaive
20453,smape,0.2525368232808169,SeasonalNaive
20500,smape,0.22584349648639257,SeasonalNaive
21007,smape,0.3419191919191919,SeasonalNaive
21008,smape,0.0,SeasonalNaive
21035,smape,0.06481481481481481,SeasonalNaive
21040,smape,0.16269841269841268,SeasonalNaive
21059,smape,0.049138617963043175,SeasonalNaive
21061,smape,0.10928830203673318,SeasonalNaive
21080,smape,0.18428268614478266,SeasonalNaive
21084,smape,0.1592630116489567,SeasonalNaive
21094,smape,0.3392650693375331,SeasonalNaive
21107,smape,0.22544838198960748,SeasonalNaive
21121,smape,0.2761959645316044,SeasonalNaive
21131,smape,0.26960667662422044,SeasonalNaive
21134,smape,0.15555555555555556,SeasonalNaive
21136,smape,0.0,SeasonalNaive
21142,smape,0.10785530438500998,SeasonalNaive
21147,smape,0.18630920736183895,SeasonalNaive
21158,smape,0.0,SeasonalNaive
21160,smape,0.34877061935885467,SeasonalNaive
21161,smape,0.0477374636157194,SeasonalNaive
21167,smape,0.16320165416103447,SeasonalNaive
21171,smape,0.07322841475045057,SeasonalNaive
21186,smape,0.12115600448933783,SeasonalNaive
21196,smape,0.28315018315018314,SeasonalNaive
21202,smape,0.2267357265293282,SeasonalNaive
21226,smape,0.055338895155285034,SeasonalNaive
21231,smape,0.18344650420596592,SeasonalNaive
21236,smape,0.5753243800694394,SeasonalNaive
21258,smape,0.2563957032552715,SeasonalNaive
21261,smape,0.014437040906871985,SeasonalNaive
21262,smape,0.011567466239002955,SeasonalNaive
21266,smape,0.08130461638023646,SeasonalNaive
21271,smape,0.08234865466592516,SeasonalNaive
21306,smape,0.07407407407407407,SeasonalNaive
21308,smape,0.2175111925111925,SeasonalNaive
21309,smape,0.19446849446849446,SeasonalNaive
21331,smape,0.1925925925925926,SeasonalNaive
21342,smape,0.3984027830283773,SeasonalNaive
21351,smape,0.06857817756199885,SeasonalNaive
21352,smape,0.44066784341676035,SeasonalNaive
21356,smape,0.13472814121699303,SeasonalNaive
21361,smape,0.16238824964879095,SeasonalNaive
21366,smape,0.10931874041827261,SeasonalNaive
21376,smape,0.16873734982887933,SeasonalNaive
21395,smape,0.03131120972896087,SeasonalNaive
21402,smape,0.09876543209876543,SeasonalNaive
21406,smape,0.1388888888888889,SeasonalNaive
21407,smape,0.16481481481481483,SeasonalNaive
21411,smape,0.11836745266461694,SeasonalNaive
21416,smape,0.3090517095805146,SeasonalNaive
21421,smape,0.059788359788359786,SeasonalNaive
21423,smape,0.17156084656084655,SeasonalNaive
21427,smape,0.17777487476761095,SeasonalNaive
21433,smape,0.3008785169469491,SeasonalNaive
21437,smape,0.08758569790698842,SeasonalNaive
21439,smape,0.6708655612720111,SeasonalNaive
21440,smape,0.2623178474951725,SeasonalNaive
21447,smape,0.18553791887125218,SeasonalNaive
21463,smape,0.18662272804173546,SeasonalNaive
21467,smape,0.04992887323805198,SeasonalNaive
21487,smape,0.17171806537461298,SeasonalNaive
21492,smape,0.31770107406314163,SeasonalNaive
21528,smape,0.17768982488307097,SeasonalNaive
21552,smape,0.03066188360306007,SeasonalNaive
21557,smape,0.09648465547721205,SeasonalNaive
21567,smape,0.0504721289572435,SeasonalNaive
21568,smape,0.2032657617152913,SeasonalNaive
21569,smape,0.05555555555555555,SeasonalNaive
21578,smape,0.04970355425375893,SeasonalNaive
21579,smape,0.1851929657139824,SeasonalNaive
21580,smape,0.07156374384649467,SeasonalNaive
21587,smape,0.2903749317421993,SeasonalNaive
21590,smape,0.2267195767195767,SeasonalNaive
21592,smape,0.1155465809851161,SeasonalNaive
21605,smape,0.9299112862628309,SeasonalNaive
21607,smape,0.08534608841767316,SeasonalNaive
21608,smape,0.058525144343500965,SeasonalNaive
21610,smape,0.05582523194955175,SeasonalNaive
21611,smape,0.06815939955115471,SeasonalNaive
21615,smape,0.13783901425015127,SeasonalNaive
21626,smape,0.1094119821780503,SeasonalNaive
21629,smape,0.19694961398283922,SeasonalNaive
21635,smape,0.28322573825006386,SeasonalNaive
21638,smape,0.08183222751443633,SeasonalNaive
21646,smape,0.22817460317460314,SeasonalNaive
21656,smape,0.21666666666666667,SeasonalNaive
21659,smape,0.24226764778280538,SeasonalNaive
21670,smape,0.26073784722873106,SeasonalNaive
21674,smape,0.12982766101071885,SeasonalNaive
21692,smape,0.06502761037074761,SeasonalNaive
21694,smape,0.189180513999397,SeasonalNaive
19386,mae,726.8013916015625,AutoARIMA
19392,mae,33.9168323940701,AutoARIMA
19393,mae,410.1520182291667,AutoARIMA
19514,mae,5.792204856872559,AutoARIMA
19515,mae,47.27256944444444,AutoARIMA
19517,mae,4.609212557474772,AutoARIMA
19519,mae,16.439374811509076,AutoARIMA
19520,mae,5.281855855669294,AutoARIMA
19521,mae,44.27452935112847,AutoARIMA
19522,mae,55.01330820719401,AutoARIMA
19523,mae,244.27777777777777,AutoARIMA
19524,mae,15.576721827189127,AutoARIMA
19526,mae,2.8434965345594616,AutoARIMA
19527,mae,25.632254282633465,AutoARIMA
19528,mae,25.500084122021992,AutoARIMA
19529,mae,52.05555555555556,AutoARIMA
19530,mae,6.42096487681071,AutoARIMA
19531,mae,622.5747612847222,AutoARIMA
19532,mae,156.77657741970486,AutoARIMA
19533,mae,25.095601399739582,AutoARIMA
19534,mae,497.286627875434,AutoARIMA
19535,mae,13.810010274251303,AutoARIMA
19536,mae,34.94707361857096,AutoARIMA
19537,mae,158.06737263997397,AutoARIMA
19538,mae,28.780351426866318,AutoARIMA
19539,mae,132.2985585530599,AutoARIMA
19540,mae,350.2981228298611,AutoARIMA
19541,mae,17.41176470588235,AutoARIMA
19542,mae,60.664822048611114,AutoARIMA
19543,mae,110.36774020724826,AutoARIMA
19544,mae,123.84065755208333,AutoARIMA
19545,mae,20.118459065755207,AutoARIMA
19546,mae,114.88529459635417,AutoARIMA
19547,mae,98.47658962673611,AutoARIMA
19548,mae,56.05414496527778,AutoARIMA
19549,mae,134.92892795138889,AutoARIMA
19550,mae,77.91495090060764,AutoARIMA
19551,mae,74.37198893229167,AutoARIMA
19552,mae,32.33602396647135,AutoARIMA
19553,mae,16.49669943915473,AutoARIMA
19554,mae,250.02964952256946,AutoARIMA
19555,mae,77.49557664659288,AutoARIMA
19556,mae,54.516991509331596,AutoARIMA
19557,mae,48.557332356770836,AutoARIMA
19558,mae,47.50174458821615,AutoARIMA
19559,mae,226.09657118055554,AutoARIMA
19561,mae,22.445202615525986,AutoARIMA
19562,mae,133.85796101888022,AutoARIMA
19563,mae,1.8943785561455622,AutoARIMA
19564,mae,55.20451185438368,AutoARIMA
19565,mae,4.83588701135972,AutoARIMA
19566,mae,21.79393853081597,AutoARIMA
19567,mae,74.23354085286458,AutoARIMA
19568,mae,15.903167724609375,AutoARIMA
19569,mae,6.708243899875217,AutoARIMA
19570,mae,6.747836642795139,AutoARIMA
19571,mae,47.266581217447914,AutoARIMA
19572,mae,110.01509363511029,AutoARIMA
19573,mae,62.05222405327691,AutoARIMA
19574,mae,143.31917317708334,AutoARIMA
19575,mae,1.2615619235568576,AutoARIMA
19576,mae,85.50577714708116,AutoARIMA
19577,mae,153.58077464384192,AutoARIMA
19579,mae,4.641972485710593,AutoARIMA
19580,mae,22.285536024305557,AutoARIMA
19614,mae,9.3682861328125,AutoARIMA
19616,mae,1.6432740953233507,AutoARIMA
19620,mae,3.6052917071751187,AutoARIMA
19623,mae,111.01109144422743,AutoARIMA
19624,mae,16.839609781901043,AutoARIMA
19635,mae,,AutoARIMA
19650,mae,58.31770324707031,AutoARIMA
19658,mae,46.047620920034554,AutoARIMA
19662,mae,1.384167989095052,AutoARIMA
19677,mae,24.941176470588236,AutoARIMA
19678,mae,,AutoARIMA
19682,mae,128.78601752387152,AutoARIMA
19687,mae,87.27217610677083,AutoARIMA
19690,mae,121.48479546440973,AutoARIMA
19704,mae,991.350830078125,AutoARIMA
19728,mae,1.8954989115397136,AutoARIMA
19746,mae,5.678691864013672,AutoARIMA
19747,mae,16.331118689643013,AutoARIMA
19770,mae,534.2949490017361,AutoARIMA
19778,mae,36.480608803885325,AutoARIMA
19779,mae,98.81468370225694,AutoARIMA
19789,mae,52.68131086561415,AutoARIMA
19790,mae,1072.0565863715278,AutoARIMA
19791,mae,63.164225260416664,AutoARIMA
19795,mae,1.3717435201009114,AutoARIMA
19804,mae,4.2262061904458434,AutoARIMA
19805,mae,1611.353515625,AutoARIMA
19812,mae,32.803971184624565,AutoARIMA
19821,mae,652.0555555555555,AutoARIMA
19829,mae,45.54498377814889,AutoARIMA
19830,mae,56.08983400132921,AutoARIMA
19839,mae,38.53337521023221,AutoARIMA
19840,mae,5.3907838927374945,AutoARIMA
19852,mae,134.68085055881076,AutoARIMA
19855,mae,3.2215747237205505,AutoARIMA
19856,mae,18.7847507264879,AutoARIMA
19858,mae,13.855439458574567,AutoARIMA
19865,mae,15.397359975179036,AutoARIMA
19869,mae,15.019202168782552,AutoARIMA
19873,mae,74.10035875108507,AutoARIMA
19874,mae,24.63972568511963,AutoARIMA
19875,mae,77.45520697699652,AutoARIMA
19891,mae,8.443117989434135,AutoARIMA
19892,mae,17.0,AutoARIMA
19893,mae,14.08816655476888,AutoARIMA
19894,mae,16.833333333333332,AutoARIMA
19895,mae,12.429442703723907,AutoARIMA
19896,mae,35.86182448443245,AutoARIMA
19897,mae,6.960916996002197,AutoARIMA
19898,mae,90.1879645453559,AutoARIMA
19900,mae,10.887485980987549,AutoARIMA
19910,mae,15.632326452061534,AutoARIMA
19911,mae,23.24956597222222,AutoARIMA
19912,mae,32.36026085747613,AutoARIMA
19917,mae,61.311625162760414,AutoARIMA
19930,mae,186.02704874674478,AutoARIMA
19932,mae,33.8,AutoARIMA
19933,mae,29.842720879448784,AutoARIMA
19949,mae,11.815592341952854,AutoARIMA
19952,mae,98.48152330186632,AutoARIMA
19953,mae,43.6270751953125,AutoARIMA
19954,mae,5.893110338846842,AutoARIMA
19956,mae,32.71850925021701,AutoARIMA
19958,mae,55.23625183105469,AutoARIMA
19961,mae,59.20698906393612,AutoARIMA
19972,mae,29.153846153846153,AutoARIMA
19976,mae,18.778987884521484,AutoARIMA
19977,mae,1288.028049045139,AutoARIMA
19985,mae,4.78486021827249,AutoARIMA
19991,mae,202.9675767686632,AutoARIMA
19994,mae,27.542410532633465,AutoARIMA
19995,mae,67.98303646511502,AutoARIMA
19996,mae,14.65771484375,AutoARIMA
20003,mae,14.207412083943685,AutoARIMA
20005,mae,47.357686360677086,AutoARIMA
20007,mae,70.74916585286458,AutoARIMA
20010,mae,22.729319254557293,AutoARIMA
20016,mae,134.91300455729166,AutoARIMA
20017,mae,132.7698737250434,AutoARIMA
20019,mae,60.19806586371528,AutoARIMA
20023,mae,22.954269409179688,AutoARIMA
20025,mae,45.52388676007589,AutoARIMA
20028,mae,19.13937505086263,AutoARIMA
20029,mae,29.18783908420139,AutoARIMA
20030,mae,1.8264801080028217,AutoARIMA
20034,mae,5.35662055015564,AutoARIMA
20042,mae,16.890572018093533,AutoARIMA
20043,mae,8.055555555555555,AutoARIMA
20045,mae,4.276802486843533,AutoARIMA
20046,mae,413.44444444444446,AutoARIMA
20057,mae,11.472425672743055,AutoARIMA
20059,mae,9.352335188123915,AutoARIMA
20064,mae,6.4860879050360785,AutoARIMA
20065,mae,66.25213792588976,AutoARIMA
20075,mae,6.386899387135225,AutoARIMA
20080,mae,5.222222222222222,AutoARIMA
20085,mae,19.921717113918728,AutoARIMA
20088,mae,51.4366522396312,AutoARIMA
20089,mae,2.5748431261848,AutoARIMA
20090,mae,46.65246558189392,AutoARIMA
20095,mae,41.58620749579536,AutoARIMA
20100,mae,24.038279215494793,AutoARIMA
20104,mae,10.666666666666666,AutoARIMA
20105,mae,8.563152737087673,AutoARIMA
20106,mae,16.73601318808163,AutoARIMA
20107,mae,87.68854437934027,AutoARIMA
20108,mae,74.1408110724555,AutoARIMA
20110,mae,2.2715469466315374,AutoARIMA
20111,mae,15.959051344129774,AutoARIMA
20114,mae,0.84599855211046,AutoARIMA
20116,mae,115.36128743489583,AutoARIMA
20119,mae,22.675866021050346,AutoARIMA
20120,mae,74.93193901909723,AutoARIMA
20123,mae,9.813371870252821,AutoARIMA
20127,mae,68.18396534639247,AutoARIMA
20133,mae,33.789298163519966,AutoARIMA
20136,mae,3.4141371066753683,AutoARIMA
20138,mae,9.833333333333334,AutoARIMA
20140,mae,25.41492250230577,AutoARIMA
20147,mae,256.0350744459364,AutoARIMA
20148,mae,5.94910642835829,AutoARIMA
20149,mae,22.090303421020508,AutoARIMA
20151,mae,33.04138607449002,AutoARIMA
20152,mae,171.55555555555554,AutoARIMA
20153,mae,20.3302485148112,AutoARIMA
20155,mae,84.61903550889757,AutoARIMA
20156,mae,16.22376166449653,AutoARIMA
20162,mae,29.262006871840534,AutoARIMA
20166,mae,29.17404513888889,AutoARIMA
20167,mae,81.46282619900174,AutoARIMA
20169,mae,2.1654748916625977,AutoARIMA
20170,mae,460.6678995768229,AutoARIMA
20173,mae,259.6111111111111,AutoARIMA
20177,mae,9.2656618754069,AutoARIMA
20183,mae,9.61111111111111,AutoARIMA
20185,mae,34.453769259982636,AutoARIMA
20188,mae,22.22222222222222,AutoARIMA
20190,mae,26.550792020909928,AutoARIMA
20191,mae,83.9157960679796,AutoARIMA
20193,mae,143.55601586235895,AutoARIMA
20194,mae,86.98413933648004,AutoARIMA
20195,mae,41.591837565104164,AutoARIMA
20200,mae,88.34970431857639,AutoARIMA
20201,mae,6.596669758067412,AutoARIMA
20203,mae,71.99649980333116,AutoARIMA
20204,mae,73.94162114461263,AutoARIMA
20206,mae,519.9444173177084,AutoARIMA
20207,mae,107.62615966796875,AutoARIMA
20208,mae,34.44444444444444,AutoARIMA
20209,mae,6.185026380750868,AutoARIMA
20210,mae,18.91267340523856,AutoARIMA
20211,mae,377.0649820963542,AutoARIMA
20213,mae,3.2555300768683937,AutoARIMA
20214,mae,2.9509908235990086,AutoARIMA
20216,mae,15.0,AutoARIMA
20218,mae,49.34659767150879,AutoARIMA
20221,mae,4.3483710289001465,AutoARIMA
20222,mae,6.767975065443251,AutoARIMA
20227,mae,16.856881459554035,AutoARIMA
20229,mae,467.70342339409723,AutoARIMA
20230,mae,32.896755112542046,AutoARIMA
20231,mae,39.505853017171226,AutoARIMA
20232,mae,51.211321936713325,AutoARIMA
20233,mae,54.62890625,AutoARIMA
20234,mae,12.627925210528904,AutoARIMA
20237,mae,414.97259521484375,AutoARIMA
20250,mae,103.84996880425348,AutoARIMA
20253,mae,223.8310029771593,AutoARIMA
20254,mae,396.3333333333333,AutoARIMA
20263,mae,2.5010880364312067,AutoARIMA
20266,mae,1.8159562746683757,AutoARIMA
20268,mae,3.414747026231554,AutoARIMA
20272,mae,247.3010393778483,AutoARIMA
20277,mae,103.17959933810764,AutoARIMA
20278,mae,42.582794189453125,AutoARIMA
20280,mae,60.92725626627604,AutoARIMA
20284,mae,7.432171140398298,AutoARIMA
20286,mae,187.8548121187422,AutoARIMA
20292,mae,71.77777777777777,AutoARIMA
20293,mae,1214.9946424696182,AutoARIMA
20296,mae,22.81332442339729,AutoARIMA
20302,mae,,AutoARIMA
20303,mae,6.545515509212718,AutoARIMA
20304,mae,275.6977945963542,AutoARIMA
20305,mae,15.222222222222221,AutoARIMA
20308,mae,32.327433586120605,AutoARIMA
20309,mae,15.555555555555555,AutoARIMA
20310,mae,45.5278221579159,AutoARIMA
20312,mae,48.14117092556424,AutoARIMA
20313,mae,69.30861409505208,AutoARIMA
20314,mae,7.3131006240844725,AutoARIMA
20331,mae,3.968385601043701,AutoARIMA
20334,mae,141.8243654039171,AutoARIMA
20335,mae,67.0909090909091,AutoARIMA
20344,mae,90.49116770426433,AutoARIMA
20348,mae,3.53273073832194,AutoARIMA
20355,mae,638.2117513020834,AutoARIMA
20356,mae,13.706434037950304,AutoARIMA
20357,mae,15.053751627604166,AutoARIMA
20359,mae,1.5,AutoARIMA
20360,mae,20.752885182698567,AutoARIMA
20362,mae,8.172845628526476,AutoARIMA
20363,mae,319.58123101128473,AutoARIMA
20364,mae,74.10666537284851,AutoARIMA
20366,mae,326.67210557725696,AutoARIMA
20368,mae,14.07294389936659,AutoARIMA
20370,mae,34.880484686957466,AutoARIMA
20372,mae,20.45266554090712,AutoARIMA
20373,mae,3.81477689743042,AutoARIMA
20374,mae,680.7288953993055,AutoARIMA
20375,mae,18.350425084431965,AutoARIMA
20377,mae,59.23626857333713,AutoARIMA
20378,mae,204.05555555555554,AutoARIMA
20380,mae,2.6405022565056298,AutoARIMA
20387,mae,48.97947131491836,AutoARIMA
20392,mae,49.869540744357636,AutoARIMA
20393,mae,299.77777777777777,AutoARIMA
20394,mae,67.66666666666667,AutoARIMA
20397,mae,164.33333333333334,AutoARIMA
20398,mae,193.511474609375,AutoARIMA
20399,mae,38.92455122205946,AutoARIMA
20400,mae,71.44966234479632,AutoARIMA
20401,mae,283.71558973524304,AutoARIMA
20402,mae,19.348880094640396,AutoARIMA
20405,mae,14.730202568901909,AutoARIMA
20406,mae,1.570238423347473,AutoARIMA
20408,mae,2.4921488761901855,AutoARIMA
20409,mae,618.0860460069445,AutoARIMA
20414,mae,470.86021592881946,AutoARIMA
20415,mae,22.532611423068577,AutoARIMA
20416,mae,536.5714925130209,AutoARIMA
20417,mae,495.7341817220052,AutoARIMA
20418,mae,115.67519972059462,AutoARIMA
20421,mae,150.2341834174262,AutoARIMA
20422,mae,135.9547839694553,AutoARIMA
20423,mae,138.37474907769098,AutoARIMA
20427,mae,502.04283311631946,AutoARIMA
20428,mae,6.653909365336101,AutoARIMA
20436,mae,101.51190524631076,AutoARIMA
20437,mae,328.43657769097223,AutoARIMA
20440,mae,14.110061645507812,AutoARIMA
20445,mae,251.82932329177856,AutoARIMA
20446,mae,3.940416759914822,AutoARIMA
20447,mae,55.092261370490576,AutoARIMA
20448,mae,325.375,AutoARIMA
20452,mae,184.10281711154514,AutoARIMA
20453,mae,103.13543870713976,AutoARIMA
20500,mae,110.15966288248698,AutoARIMA
21007,mae,2.0933686097462973,AutoARIMA
21008,mae,,AutoARIMA
21035,mae,0.8528514589582171,AutoARIMA
21040,mae,1.2491513192653656,AutoARIMA
21059,mae,2.7258391910129123,AutoARIMA
21061,mae,58.3083065257353,AutoARIMA
21080,mae,333.9939308166504,AutoARIMA
21084,mae,8.146757337782118,AutoARIMA
21094,mae,3.2981247901916504,AutoARIMA
21107,mae,96.69827440049913,AutoARIMA
21121,mae,37.72956805759006,AutoARIMA
21131,mae,1.6030747549874442,AutoARIMA
21134,mae,1.7151983578999836,AutoARIMA
21136,mae,,AutoARIMA
21142,mae,9.276901245117188,AutoARIMA
21147,mae,2.5535248120625815,AutoARIMA
21158,mae,,AutoARIMA
21160,mae,1.5152495801448822,AutoARIMA
21161,mae,206.85696411132812,AutoARIMA
21167,mae,250.27193196614584,AutoARIMA
21171,mae,26.340426550971138,AutoARIMA
21186,mae,0.5462474822998047,AutoARIMA
21196,mae,1.9575958516862657,AutoARIMA
21202,mae,2.0310425758361816,AutoARIMA
21226,mae,275.94444444444446,AutoARIMA
21231,mae,79.33669205506642,AutoARIMA
21236,mae,51.94117647058823,AutoARIMA
21258,mae,62.16063774956597,AutoARIMA
21261,mae,2.363989724053277,AutoARIMA
21262,mae,20.007273356119793,AutoARIMA
21266,mae,3.3181052207946777,AutoARIMA
21271,mae,78.38888888888889,AutoARIMA
21306,mae,0.8142814806529454,AutoARIMA
21308,mae,1.516812726855278,AutoARIMA
21309,mae,3.2684181001451282,AutoARIMA
21331,mae,1.1243735816743639,AutoARIMA
21342,mae,158.1288859049479,AutoARIMA
21351,mae,289.20436604817706,AutoARIMA
21352,mae,5.186649378608255,AutoARIMA
21356,mae,18.047642178005642,AutoARIMA
21361,mae,190.22222222222223,AutoARIMA
21366,mae,69.33346613050837,AutoARIMA
21376,mae,29.142661624484592,AutoARIMA
21395,mae,9.173268636067709,AutoARIMA
21402,mae,2.399050406047276,AutoARIMA
21406,mae,1.195728215304288,AutoARIMA
21407,mae,0.633526161313057,AutoARIMA
21411,mae,141.89250044389203,AutoARIMA
21416,mae,43.90252431233724,AutoARIMA
21421,mae,0.493821660677592,AutoARIMA
21423,mae,1.508556292607234,AutoARIMA
21427,mae,58.05555555555556,AutoARIMA
21433,mae,43.21150800916884,AutoARIMA
21437,mae,18.98670555563534,AutoARIMA
21439,mae,2157.1442747677074,AutoARIMA
21440,mae,6.407676696777344,AutoARIMA
21447,mae,1.1666440747000955,AutoARIMA
21463,mae,2.5,AutoARIMA
21467,mae,3.5225383534150967,AutoARIMA
21487,mae,51.270509507921005,AutoARIMA
21492,mae,53.333333333333336,AutoARIMA
21528,mae,12.389908260769314,AutoARIMA
21552,mae,1.4705882352941178,AutoARIMA
21557,mae,14.170644972059462,AutoARIMA
21567,mae,29.620898776584202,AutoARIMA
21568,mae,20.34294263054343,AutoARIMA
21569,mae,1.5805649360020955,AutoARIMA
21578,mae,178.20464409722223,AutoARIMA
21579,mae,252.16666666666666,AutoARIMA
21580,mae,4.213149176703559,AutoARIMA
21587,mae,37.30916002061632,AutoARIMA
21590,mae,1.9414358322436993,AutoARIMA
21592,mae,39.83728790283203,AutoARIMA
21605,mae,145.11111111111111,AutoARIMA
21607,mae,7.72120730082194,AutoARIMA
21608,mae,11.555555555555555,AutoARIMA
21610,mae,598.3333333333334,AutoARIMA
21611,mae,340.4329020182292,AutoARIMA
21615,mae,6.413235134548611,AutoARIMA
21626,mae,20.85669708251953,AutoARIMA
21629,mae,64.234941456053,AutoARIMA
21635,mae,7.906808535257976,AutoARIMA
21638,mae,41.111111111111114,AutoARIMA
21646,mae,2.5236934315074575,AutoARIMA
21656,mae,2.1058538418549757,AutoARIMA
21659,mae,20.250640021430122,AutoARIMA
21670,mae,17.328754636976456,AutoARIMA
21674,mae,19.435137430826824,AutoARIMA
21692,mae,2.1982997059822083,AutoARIMA
21694,mae,3.6666666666666665,AutoARIMA
19386,mse,805886.399296148,AutoARIMA
19392,mse,1917.228980363699,AutoARIMA
19393,mse,253395.9204303225,AutoARIMA
19514,mse,42.94349051133031,AutoARIMA
19515,mse,4081.4366607666016,AutoARIMA
19517,mse,48.01828458698199,AutoARIMA
19519,mse,600.4466772207328,AutoARIMA
19520,mse,43.02848433508474,AutoARIMA
19521,mse,2483.6567887701094,AutoARIMA
19522,mse,4859.057627782084,AutoARIMA
19523,mse,119518.61111111111,AutoARIMA
19524,mse,300.13443555141646,AutoARIMA
19526,mse,15.970258411021657,AutoARIMA
19527,mse,935.756102809233,AutoARIMA
19528,mse,870.8453680267107,AutoARIMA
19529,mse,6943.944444444444,AutoARIMA
19530,mse,74.23322808486995,AutoARIMA
19531,mse,793019.0158233179,AutoARIMA
19532,mse,38757.460508946744,AutoARIMA
19533,mse,1218.4538849493902,AutoARIMA
19534,mse,338510.68674451194,AutoARIMA
19535,mse,441.9169244268366,AutoARIMA
19536,mse,2033.692027589219,AutoARIMA
19537,mse,28989.75538293707,AutoARIMA
19538,mse,1179.7850696727337,AutoARIMA
19539,mse,25685.98545580797,AutoARIMA
19540,mse,270681.7572035657,AutoARIMA
19541,mse,848.2352941176471,AutoARIMA
19542,mse,6807.281745937135,AutoARIMA
19543,mse,31149.941571898966,AutoARIMA
19544,mse,19481.998294442477,AutoARIMA
19545,mse,896.3268544757739,AutoARIMA
19546,mse,20318.024158648215,AutoARIMA
19547,mse,14612.725027620792,AutoARIMA
19548,mse,5719.820081525379,AutoARIMA
19549,mse,23842.413298918556,AutoARIMA
19550,mse,16510.003986725376,AutoARIMA
19551,mse,8317.837486756758,AutoARIMA
19552,mse,1728.0920652957736,AutoARIMA
19553,mse,359.82907253539696,AutoARIMA
19554,mse,118873.49989509748,AutoARIMA
19555,mse,10458.476650468901,AutoARIMA
19556,mse,6623.809901572143,AutoARIMA
19557,mse,3186.101084925771,AutoARIMA
19558,mse,2819.8085400955492,AutoARIMA
19559,mse,109642.31738436222,AutoARIMA
19561,mse,610.8615248794556,AutoARIMA
19562,mse,28419.645721179124,AutoARIMA
19563,mse,5.7391257623936935,AutoARIMA
19564,mse,4722.969359797736,AutoARIMA
19565,mse,73.26837720711774,AutoARIMA
19566,mse,905.8867006404325,AutoARIMA
19567,mse,10919.607455812498,AutoARIMA
19568,mse,447.53140204587385,AutoARIMA
19569,mse,81.833781800192,AutoARIMA
19570,mse,141.79357714164587,AutoARIMA
19571,mse,5308.317484041469,AutoARIMA
19572,mse,13088.559757488616,AutoARIMA
19573,mse,6975.937594830317,AutoARIMA
19574,mse,28391.098578551162,AutoARIMA
19575,mse,3.4838915166021454,AutoARIMA
19576,mse,12684.513063193932,AutoARIMA
19577,mse,37655.295103109056,AutoARIMA
19579,mse,25.3702485809481,AutoARIMA
19580,mse,645.9264712128853,AutoARIMA
19614,mse,147.86533413281236,AutoARIMA
19616,mse,3.572390209243167,AutoARIMA
19620,mse,17.34816550031555,AutoARIMA
19623,mse,15592.05525207416,AutoARIMA
19624,mse,543.6937616803787,AutoARIMA
19635,mse,,AutoARIMA
19650,mse,5221.1310730148625,AutoARIMA
19658,mse,2756.3449376996077,AutoARIMA
19662,mse,3.646510269137151,AutoARIMA
19677,mse,1081.2941176470588,AutoARIMA
19678,mse,,AutoARIMA
19682,mse,30493.48270240509,AutoARIMA
19687,mse,13093.74248993521,AutoARIMA
19690,mse,17426.698645475422,AutoARIMA
19704,mse,1457006.269861314,AutoARIMA
19728,mse,7.687960302523505,AutoARIMA
19746,mse,82.4175527431863,AutoARIMA
19747,mse,421.87044805260507,AutoARIMA
19770,mse,1719754.8300968641,AutoARIMA
19778,mse,2078.38468369073,AutoARIMA
19779,mse,28017.718561253612,AutoARIMA
19789,mse,4421.510072561873,AutoARIMA
19790,mse,2126217.146481461,AutoARIMA
19791,mse,5383.233142207894,AutoARIMA
19795,mse,2.606476818652785,AutoARIMA
19804,mse,84.25358174832411,AutoARIMA
19805,mse,4457263.891011026,AutoARIMA
19812,mse,1811.8559835461913,AutoARIMA
19821,mse,484254.1666666667,AutoARIMA
19829,mse,3356.671534141825,AutoARIMA
19830,mse,4451.552258597735,AutoARIMA
19839,mse,1896.5357487560832,AutoARIMA
19840,mse,35.81096484090782,AutoARIMA
19852,mse,36220.68942861818,AutoARIMA
19855,mse,11.890436786786262,AutoARIMA
19856,mse,395.4681316770319,AutoARIMA
19858,mse,291.6363145288454,AutoARIMA
19865,mse,370.4123055101537,AutoARIMA
19869,mse,491.48515386430466,AutoARIMA
19873,mse,7039.477843354818,AutoARIMA
19874,mse,643.6875104093725,AutoARIMA
19875,mse,10945.47088956212,AutoARIMA
19891,mse,94.59255968333026,AutoARIMA
19892,mse,379.4,AutoARIMA
19893,mse,263.90425763963947,AutoARIMA
19894,mse,439.5,AutoARIMA
19895,mse,306.43991499950545,AutoARIMA
19896,mse,1436.252001407772,AutoARIMA
19897,mse,66.39360184288736,AutoARIMA
19898,mse,9727.890280770654,AutoARIMA
19900,mse,134.40862954297725,AutoARIMA
19910,mse,326.9627659214646,AutoARIMA
19911,mse,872.1956959035662,AutoARIMA
19912,mse,1458.541257660642,AutoARIMA
19917,mse,6626.249360279076,AutoARIMA
19930,mse,41409.53669280579,AutoARIMA
19932,mse,1552.6,AutoARIMA
19933,mse,1351.687320111992,AutoARIMA
19949,mse,177.76429316765987,AutoARIMA
19952,mse,14923.154257903496,AutoARIMA
19953,mse,2614.3650446638267,AutoARIMA
19954,mse,42.52223863459628,AutoARIMA
19956,mse,1452.1746628227816,AutoARIMA
19958,mse,17535.320152462824,AutoARIMA
19961,mse,5366.397650768513,AutoARIMA
19972,mse,1079.0,AutoARIMA
19976,mse,415.61743402935826,AutoARIMA
19977,mse,2746494.6379068694,AutoARIMA
19985,mse,24.22969128439073,AutoARIMA
19991,mse,54482.16951278928,AutoARIMA
19994,mse,1146.287865355349,AutoARIMA
19995,mse,7396.032445763044,AutoARIMA
19996,mse,603.9420765916843,AutoARIMA
20003,mse,247.7900897916087,AutoARIMA
20005,mse,3995.6091548974314,AutoARIMA
20007,mse,6436.703832048509,AutoARIMA
20010,mse,605.3997315533666,AutoARIMA
20016,mse,27839.07707977471,AutoARIMA
20017,mse,23358.09410215397,AutoARIMA
20019,mse,5675.089156952273,AutoARIMA
20023,mse,790.8067165446264,AutoARIMA
20025,mse,2438.979821299768,AutoARIMA
20028,mse,533.0271149176697,AutoARIMA
20029,mse,1277.0615926113808,AutoARIMA
20030,mse,5.1970846562458695,AutoARIMA
20034,mse,43.87824001745685,AutoARIMA
20042,mse,399.65662772751887,AutoARIMA
20043,mse,92.72222222222223,AutoARIMA
20045,mse,37.115815564176756,AutoARIMA
20046,mse,230227.77777777778,AutoARIMA
20057,mse,197.1756006781426,AutoARIMA
20059,mse,136.01102362739687,AutoARIMA
20064,mse,55.15886650153152,AutoARIMA
20065,mse,5802.23268306395,AutoARIMA
20075,mse,65.96317719708638,AutoARIMA
20080,mse,38.44444444444444,AutoARIMA
20085,mse,795.0336225893997,AutoARIMA
20088,mse,4317.175559078764,AutoARIMA
20089,mse,9.335988417995395,AutoARIMA
20090,mse,2938.9019722560392,AutoARIMA
20095,mse,1869.3345313966872,AutoARIMA
20100,mse,1425.8530045581413,AutoARIMA
20104,mse,164.88888888888889,AutoARIMA
20105,mse,151.94661478704074,AutoARIMA
20106,mse,373.29588252680463,AutoARIMA
20107,mse,14160.225031961998,AutoARIMA
20108,mse,6287.91838179126,AutoARIMA
20110,mse,8.067247408499547,AutoARIMA
20111,mse,657.4117574671787,AutoARIMA
20114,mse,1.4776563691690778,AutoARIMA
20116,mse,20078.912172928452,AutoARIMA
20119,mse,1069.7000342633692,AutoARIMA
20120,mse,7993.949848816277,AutoARIMA
20123,mse,99.69400909077255,AutoARIMA
20127,mse,9577.25256020436,AutoARIMA
20133,mse,2464.652359095557,AutoARIMA
20136,mse,17.912591331616674,AutoARIMA
20138,mse,117.83333333333333,AutoARIMA
20140,mse,887.3598023754473,AutoARIMA
20147,mse,87980.09273426973,AutoARIMA
20148,mse,53.874488564909875,AutoARIMA
20149,mse,787.8846549943305,AutoARIMA
20151,mse,1841.788769393189,AutoARIMA
20152,mse,30072.88888888889,AutoARIMA
20153,mse,609.4801367190796,AutoARIMA
20155,mse,8248.028755529136,AutoARIMA
20156,mse,363.1962884591129,AutoARIMA
20162,mse,1161.9670524700846,AutoARIMA
20166,mse,3558.9148394266763,AutoARIMA
20167,mse,8793.274617751544,AutoARIMA
20169,mse,8.817647774343511,AutoARIMA
20170,mse,219566.3461703894,AutoARIMA
20173,mse,80747.5,AutoARIMA
20177,mse,149.53190069325177,AutoARIMA
20183,mse,208.05555555555554,AutoARIMA
20185,mse,2832.1870915761424,AutoARIMA
20188,mse,885.3362968501946,AutoARIMA
20190,mse,1057.2000572187553,AutoARIMA
20191,mse,8855.029483498914,AutoARIMA
20193,mse,25423.02839428193,AutoARIMA
20194,mse,10614.677658815506,AutoARIMA
20195,mse,2652.021128466715,AutoARIMA
20200,mse,8391.243992705518,AutoARIMA
20201,mse,50.02258476359871,AutoARIMA
20203,mse,7540.625064690791,AutoARIMA
20204,mse,7999.952290852066,AutoARIMA
20206,mse,696759.0786404146,AutoARIMA
20207,mse,11650.05691154177,AutoARIMA
20208,mse,1985.5555555555557,AutoARIMA
20209,mse,253.72390951342985,AutoARIMA
20210,mse,446.4217211319878,AutoARIMA
20211,mse,275123.7886149122,AutoARIMA
20213,mse,14.564952555336356,AutoARIMA
20214,mse,11.29084733614578,AutoARIMA
20216,mse,406.44444444444446,AutoARIMA
20218,mse,3483.440865463839,AutoARIMA
20221,mse,28.609712671499285,AutoARIMA
20222,mse,111.8603846402281,AutoARIMA
20227,mse,325.02613122386293,AutoARIMA
20229,mse,265243.2037611802,AutoARIMA
20230,mse,2138.9585372196234,AutoARIMA
20231,mse,2204.2557795881844,AutoARIMA
20232,mse,3444.27101174406,AutoARIMA
20233,mse,9555.5355919732,AutoARIMA
20234,mse,246.15337628255955,AutoARIMA
20237,mse,179961.23915434256,AutoARIMA
20250,mse,16385.70519770682,AutoARIMA
20253,mse,63124.30442140266,AutoARIMA
20254,mse,170563.44444444444,AutoARIMA
20263,mse,6.74857425181171,AutoARIMA
20266,mse,4.6671996742974295,AutoARIMA
20268,mse,29.170579986378772,AutoARIMA
20272,mse,87068.58498932517,AutoARIMA
20277,mse,30501.684040560078,AutoARIMA
20278,mse,2131.0822211249033,AutoARIMA
20280,mse,5083.229109791521,AutoARIMA
20284,mse,93.54203642097283,AutoARIMA
20286,mse,44533.601051713944,AutoARIMA
20292,mse,6094.222222222223,AutoARIMA
20293,mse,2181508.362240212,AutoARIMA
20296,mse,708.9955969642787,AutoARIMA
20302,mse,,AutoARIMA
20303,mse,71.02946844054296,AutoARIMA
20304,mse,105535.12680493791,AutoARIMA
20305,mse,431.1111111111111,AutoARIMA
20308,mse,1277.9944414427155,AutoARIMA
20309,mse,328.44444444444446,AutoARIMA
20310,mse,3986.6601133250274,AutoARIMA
20312,mse,3418.698562450293,AutoARIMA
20313,mse,5833.0772938845,AutoARIMA
20314,mse,59.67690595571749,AutoARIMA
20331,mse,17.356018264694058,AutoARIMA
20334,mse,27602.539526090917,AutoARIMA
20335,mse,4904.909090909091,AutoARIMA
20344,mse,9535.692449805656,AutoARIMA
20348,mse,48.31573667110368,AutoARIMA
20355,mse,502426.844252136,AutoARIMA
20356,mse,540.8321134082476,AutoARIMA
20357,mse,456.9231051198569,AutoARIMA
20359,mse,2.4574173816399707,AutoARIMA
20360,mse,538.0539610628734,AutoARIMA
20362,mse,141.09889767505877,AutoARIMA
20363,mse,154566.6206388391,AutoARIMA
20364,mse,7407.802738991872,AutoARIMA
20366,mse,151685.83882451884,AutoARIMA
20368,mse,373.2566598400867,AutoARIMA
20370,mse,2014.4380334498258,AutoARIMA
20372,mse,542.3980085550252,AutoARIMA
20373,mse,14.55252277716886,AutoARIMA
20374,mse,597446.0571493043,AutoARIMA
20375,mse,460.1892901043187,AutoARIMA
20377,mse,7179.598840676835,AutoARIMA
20378,mse,61969.5,AutoARIMA
20380,mse,17.438836438547963,AutoARIMA
20387,mse,3377.866990155904,AutoARIMA
20392,mse,7590.1891872986325,AutoARIMA
20393,mse,143552.44444444444,AutoARIMA
20394,mse,5542.222222222223,AutoARIMA
20397,mse,35197.444444444445,AutoARIMA
20398,mse,61931.42447371615,AutoARIMA
20399,mse,2020.574259173235,AutoARIMA
20400,mse,6125.828157365447,AutoARIMA
20401,mse,109682.51849877421,AutoARIMA
20402,mse,566.461895926157,AutoARIMA
20405,mse,250.74506447305936,AutoARIMA
20406,mse,3.256727827616379,AutoARIMA
20408,mse,11.289460237939537,AutoARIMA
20409,mse,724359.3436223931,AutoARIMA
20414,mse,452051.5143779467,AutoARIMA
20415,mse,528.9030681512862,AutoARIMA
20416,mse,340258.74961955514,AutoARIMA
20417,mse,296467.0528275923,AutoARIMA
20418,mse,17585.909822345347,AutoARIMA
20421,mse,28139.682185626123,AutoARIMA
20422,mse,26232.752504439108,AutoARIMA
20423,mse,23453.429951738566,AutoARIMA
20427,mse,322092.5710819889,AutoARIMA
20428,mse,53.91987476185861,AutoARIMA
20436,mse,12517.08415568351,AutoARIMA
20437,mse,260433.71639959514,AutoARIMA
20440,mse,271.7510725558063,AutoARIMA
20445,mse,79961.56362515068,AutoARIMA
20446,mse,28.14619055902181,AutoARIMA
20447,mse,3872.8692584308446,AutoARIMA
20448,mse,143379.67739018385,AutoARIMA
20452,mse,51537.755438643195,AutoARIMA
20453,mse,13591.174318201995,AutoARIMA
20500,mse,17537.31224651164,AutoARIMA
21007,mse,7.9335180201248745,AutoARIMA
21008,mse,,AutoARIMA
21035,mse,0.9321516259912893,AutoARIMA
21040,mse,2.4776802626305354,AutoARIMA
21059,mse,18.614945413165614,AutoARIMA
21061,mse,4673.9362515697585,AutoARIMA
21080,mse,147940.26943539732,AutoARIMA
21084,mse,155.5382608324548,AutoARIMA
21094,mse,14.560179022822796,AutoARIMA
21107,mse,9511.454902747284,AutoARIMA
21121,mse,2473.889028260921,AutoARIMA
21131,mse,5.272591643699473,AutoARIMA
21134,mse,3.592436954038021,AutoARIMA
21136,mse,,AutoARIMA
21142,mse,99.04874677806704,AutoARIMA
21147,mse,7.269608024872514,AutoARIMA
21158,mse,,AutoARIMA
21160,mse,3.9641586296516707,AutoARIMA
21161,mse,57019.253495741636,AutoARIMA
21167,mse,119395.00308482928,AutoARIMA
21171,mse,1238.6923228367134,AutoARIMA
21186,mse,1.602107809859869,AutoARIMA
21196,mse,6.371864313652818,AutoARIMA
21202,mse,6.837425942768302,AutoARIMA
21226,mse,125756.27777777778,AutoARIMA
21231,mse,10859.569198252171,AutoARIMA
21236,mse,3720.764705882353,AutoARIMA
21258,mse,6652.326270969895,AutoARIMA
21261,mse,21.537860145445546,AutoARIMA
21262,mse,867.7219924208605,AutoARIMA
21266,mse,14.579831087890579,AutoARIMA
21271,mse,13234.166666666666,AutoARIMA
21306,mse,1.2788632119263537,AutoARIMA
21308,mse,3.457617883705911,AutoARIMA
21309,mse,13.356214866635204,AutoARIMA
21331,mse,1.5925051818532,AutoARIMA
21342,mse,31639.89971224692,AutoARIMA
21351,mse,118871.1734080919,AutoARIMA
21352,mse,31.644330425591495,AutoARIMA
21356,mse,584.0621463497583,AutoARIMA
21361,mse,52763.11111111111,AutoARIMA
21366,mse,6876.644338629404,AutoARIMA
21376,mse,1175.750293402496,AutoARIMA
21395,mse,187.3455549255272,AutoARIMA
21402,mse,5.908659945648578,AutoARIMA
21406,mse,2.531914130347063,AutoARIMA
21407,mse,0.7213619631120567,AutoARIMA
21411,mse,167691.96574343252,AutoARIMA
21416,mse,3929.895094751471,AutoARIMA
21421,mse,0.5641303810417924,AutoARIMA
21423,mse,4.342951435572952,AutoARIMA
21427,mse,4066.722222222222,AutoARIMA
21433,mse,3276.1001052244037,AutoARIMA
21437,mse,544.8036910094738,AutoARIMA
21439,mse,7290667.213737929,AutoARIMA
21440,mse,65.36522594711965,AutoARIMA
21447,mse,4.031093285379114,AutoARIMA
21463,mse,21.833333333333332,AutoARIMA
21467,mse,16.116487209330764,AutoARIMA
21487,mse,3802.0736004057494,AutoARIMA
21492,mse,4237.111111111111,AutoARIMA
21528,mse,222.83622736310645,AutoARIMA
21552,mse,4.529411764705882,AutoARIMA
21557,mse,745.4045192899971,AutoARIMA
21567,mse,1018.9141995532749,AutoARIMA
21568,mse,564.9218630308923,AutoARIMA
21569,mse,3.979358180279334,AutoARIMA
21578,mse,47061.624570449196,AutoARIMA
21579,mse,93620.94444444444,AutoARIMA
21580,mse,32.008902497440836,AutoARIMA
21587,mse,2098.0406163226776,AutoARIMA
21590,mse,4.421073972263873,AutoARIMA
21592,mse,2609.6048480519094,AutoARIMA
21605,mse,24252.666666666668,AutoARIMA
21607,mse,93.25620717230373,AutoARIMA
21608,mse,234.0,AutoARIMA
21610,mse,489847.0,AutoARIMA
21611,mse,180681.49949660897,AutoARIMA
21615,mse,107.4573136717081,AutoARIMA
21626,mse,808.5264491900775,AutoARIMA
21629,mse,5690.935104980602,AutoARIMA
21635,mse,90.16871413911193,AutoARIMA
21638,mse,2971.4444444444443,AutoARIMA
21646,mse,7.3195598426671244,AutoARIMA
21656,mse,7.237156320807026,AutoARIMA
21659,mse,687.2827071790671,AutoARIMA
21670,mse,597.7164524721395,AutoARIMA
21674,mse,521.6821584641649,AutoARIMA
21692,mse,6.262796141101887,AutoARIMA
21694,mse,21.555555555555557,AutoARIMA
19386,rmse,897.7117573565292,AutoARIMA
19392,rmse,43.78617339256422,AutoARIMA
19393,rmse,503.3844658214261,AutoARIMA
19514,rmse,6.5531282996238,AutoARIMA
19515,rmse,63.886122599251564,AutoARIMA
19517,rmse,6.929522681035253,AutoARIMA
19519,rmse,24.504013492094163,AutoARIMA
19520,rmse,6.559610074927072,AutoARIMA
19521,rmse,49.836299910508096,AutoARIMA
19522,rmse,69.70694103015914,AutoARIMA
19523,rmse,345.7146382655949,AutoARIMA
19524,rmse,17.324388461109283,AutoARIMA
19526,rmse,3.996280572109728,AutoARIMA
19527,rmse,30.590130807324655,AutoARIMA
19528,rmse,29.510089258196267,AutoARIMA
19529,rmse,83.33033327933138,AutoARIMA
19530,rmse,8.615870709618962,AutoARIMA
19531,rmse,890.5161513545489,AutoARIMA
19532,rmse,196.86914564996403,AutoARIMA
19533,rmse,34.90635880393987,AutoARIMA
19534,rmse,581.8167123283001,AutoARIMA
19535,rmse,21.021820197757297,AutoARIMA
19536,rmse,45.09647466919359,AutoARIMA
19537,rmse,170.2637817709247,AutoARIMA
19538,rmse,34.34799950030182,AutoARIMA
19539,rmse,160.26847929586145,AutoARIMA
19540,rmse,520.2708498499273,AutoARIMA
19541,rmse,29.12447929350235,AutoARIMA
19542,rmse,82.50625276872738,AutoARIMA
19543,rmse,176.4934604224728,AutoARIMA
19544,rmse,139.5779291093061,AutoARIMA
19545,rmse,29.938718317185423,AutoARIMA
19546,rmse,142.54130685049935,AutoARIMA
19547,rmse,120.88310480634088,AutoARIMA
19548,rmse,75.62949214113088,AutoARIMA
19549,rmse,154.4098873094549,AutoARIMA
19550,rmse,128.49126035153276,AutoARIMA
19551,rmse,91.20217917767512,AutoARIMA
19552,rmse,41.57032674030568,AutoARIMA
19553,rmse,18.969161092030323,AutoARIMA
19554,rmse,344.78036471802955,AutoARIMA
19555,rmse,102.26669374957275,AutoARIMA
19556,rmse,81.38679193562149,AutoARIMA
19557,rmse,56.445558593442684,AutoARIMA
19558,rmse,53.10186945951667,AutoARIMA
19559,rmse,331.12281314394846,AutoARIMA
19561,rmse,24.715612978023742,AutoARIMA
19562,rmse,168.5812733407217,AutoARIMA
19563,rmse,2.3956472533312776,AutoARIMA
19564,rmse,68.72386310298437,AutoARIMA
19565,rmse,8.559694924885918,AutoARIMA
19566,rmse,30.097951768192342,AutoARIMA
19567,rmse,104.49692558067198,AutoARIMA
19568,rmse,21.154938006193113,AutoARIMA
19569,rmse,9.046202617683953,AutoARIMA
19570,rmse,11.907710827092076,AutoARIMA
19571,rmse,72.8582012133258,AutoARIMA
19572,rmse,114.40524357514657,AutoARIMA
19573,rmse,83.5220784872498,AutoARIMA
19574,rmse,168.49658328450212,AutoARIMA
19575,rmse,1.8665185551186319,AutoARIMA
19576,rmse,112.62554356447711,AutoARIMA
19577,rmse,194.04972327501284,AutoARIMA
19579,rmse,5.036888779886658,AutoARIMA
19580,rmse,25.41508353739734,AutoARIMA
19614,rmse,12.15998906795612,AutoARIMA
19616,rmse,1.8900767733727557,AutoARIMA
19620,rmse,4.165112903669665,AutoARIMA
19623,rmse,124.86815147215947,AutoARIMA
19624,rmse,23.317241725392364,AutoARIMA
19635,rmse,,AutoARIMA
19650,rmse,72.25739459055289,AutoARIMA
19658,rmse,52.500904160781914,AutoARIMA
19662,rmse,1.9095837947409249,AutoARIMA
19677,rmse,32.883036928590684,AutoARIMA
19678,rmse,,AutoARIMA
19682,rmse,174.623832000117,AutoARIMA
19687,rmse,114.4278920977539,AutoARIMA
19690,rmse,132.01022174617927,AutoARIMA
19704,rmse,1207.0651473144744,AutoARIMA
19728,rmse,2.7727171335214678,AutoARIMA
19746,rmse,9.07841135569359,AutoARIMA
19747,rmse,20.539485097066212,AutoARIMA
19770,rmse,1311.394231380047,AutoARIMA
19778,rmse,45.58930448790297,AutoARIMA
19779,rmse,167.38494126191165,AutoARIMA
19789,rmse,66.49443640306964,AutoARIMA
19790,rmse,1458.1553917472104,AutoARIMA
19791,rmse,73.37051957160924,AutoARIMA
19795,rmse,1.6144586766631053,AutoARIMA
19804,rmse,9.17897498353297,AutoARIMA
19805,rmse,2111.223316234222,AutoARIMA
19812,rmse,42.5659016531565,AutoARIMA
19821,rmse,695.8837307098555,AutoARIMA
19829,rmse,57.93678912523393,AutoARIMA
19830,rmse,66.71995397628609,AutoARIMA
19839,rmse,43.54923361847006,AutoARIMA
19840,rmse,5.984226336036081,AutoARIMA
19852,rmse,190.31733874930623,AutoARIMA
19855,rmse,3.4482512650307635,AutoARIMA
19856,rmse,19.886380557482852,AutoARIMA
19858,rmse,17.077362633874277,AutoARIMA
19865,rmse,19.24609844904036,AutoARIMA
19869,rmse,22.16946444694379,AutoARIMA
19873,rmse,83.9015961907449,AutoARIMA
19874,rmse,25.37099742637984,AutoARIMA
19875,rmse,104.62060451728483,AutoARIMA
19891,rmse,9.725870638833845,AutoARIMA
19892,rmse,19.47819293466414,AutoARIMA
19893,rmse,16.24513027462813,AutoARIMA
19894,rmse,20.96425529323663,AutoARIMA
19895,rmse,17.50542530187443,AutoARIMA
19896,rmse,37.89791552853233,AutoARIMA
19897,rmse,8.148226914052367,AutoARIMA
19898,rmse,98.63006783314434,AutoARIMA
19900,rmse,11.593473575377539,AutoARIMA
19910,rmse,18.082111766092606,AutoARIMA
19911,rmse,29.532959484338278,AutoARIMA
19912,rmse,38.19085306275106,AutoARIMA
19917,rmse,81.401777377887,AutoARIMA
19930,rmse,203.49333328835564,AutoARIMA
19932,rmse,39.403045567570025,AutoARIMA
19933,rmse,36.765300489891175,AutoARIMA
19949,rmse,13.332827650864608,AutoARIMA
19952,rmse,122.16036287562139,AutoARIMA
19953,rmse,51.13086195893657,AutoARIMA
19954,rmse,6.5209078075522795,AutoARIMA
19956,rmse,38.107409552773085,AutoARIMA
19958,rmse,132.4209958898619,AutoARIMA
19961,rmse,73.25570046602867,AutoARIMA
19972,rmse,32.848135411313685,AutoARIMA
19976,rmse,20.386697477260956,AutoARIMA
19977,rmse,1657.2551517213242,AutoARIMA
19985,rmse,4.922366431340796,AutoARIMA
19991,rmse,233.41415876674938,AutoARIMA
19994,rmse,33.85687323654311,AutoARIMA
19995,rmse,86.00018863795034,AutoARIMA
19996,rmse,24.575232991605276,AutoARIMA
20003,rmse,15.741349681384017,AutoARIMA
20005,rmse,63.210830993568116,AutoARIMA
20007,rmse,80.22907099081048,AutoARIMA
20010,rmse,24.60487211007947,AutoARIMA
20016,rmse,166.85046322912834,AutoARIMA
20017,rmse,152.83355031587132,AutoARIMA
20019,rmse,75.3331876197488,AutoARIMA
20023,rmse,28.12128582665854,AutoARIMA
20025,rmse,49.38602860424968,AutoARIMA
20028,rmse,23.087379992490913,AutoARIMA
20029,rmse,35.73599855343881,AutoARIMA
20030,rmse,2.2797115291733445,AutoARIMA
20034,rmse,6.624065218387939,AutoARIMA
20042,rmse,19.991413850138734,AutoARIMA
20043,rmse,9.629237883769527,AutoARIMA
20045,rmse,6.092275072924462,AutoARIMA
20046,rmse,479.8205683146334,AutoARIMA
20057,rmse,14.041922969385018,AutoARIMA
20059,rmse,11.662376414238947,AutoARIMA
20064,rmse,7.426901541122753,AutoARIMA
20065,rmse,76.17238793069278,AutoARIMA
20075,rmse,8.12177180158901,AutoARIMA
20080,rmse,6.200358412579424,AutoARIMA
20085,rmse,28.196340588618938,AutoARIMA
20088,rmse,65.70521713744476,AutoARIMA
20089,rmse,3.0554849726345235,AutoARIMA
20090,rmse,54.21164056045564,AutoARIMA
20095,rmse,43.235801500569956,AutoARIMA
20100,rmse,37.760468807446514,AutoARIMA
20104,rmse,12.840906856172149,AutoARIMA
20105,rmse,12.326662759524199,AutoARIMA
20106,rmse,19.320866505589354,AutoARIMA
20107,rmse,118.99674378722301,AutoARIMA
20108,rmse,79.2963957679746,AutoARIMA
20110,rmse,2.8402900218990923,AutoARIMA
20111,rmse,25.64004207225836,AutoARIMA
20114,rmse,1.2155888980938736,AutoARIMA
20116,rmse,141.70007823896375,AutoARIMA
20119,rmse,32.706269036124695,AutoARIMA
20120,rmse,89.4088913297569,AutoARIMA
20123,rmse,9.984688732793455,AutoARIMA
20127,rmse,97.86343832200237,AutoARIMA
20133,rmse,49.64526522333784,AutoARIMA
20136,rmse,4.232326940539528,AutoARIMA
20138,rmse,10.855106325289187,AutoARIMA
20140,rmse,29.78858510193875,AutoARIMA
20147,rmse,296.6143838964485,AutoARIMA
20148,rmse,7.3399242887723215,AutoARIMA
20149,rmse,28.069283122201938,AutoARIMA
20151,rmse,42.91606656478654,AutoARIMA
20152,rmse,173.4153652041505,AutoARIMA
20153,rmse,24.68765150270636,AutoARIMA
20155,rmse,90.8186586309726,AutoARIMA
20156,rmse,19.057709423199654,AutoARIMA
20162,rmse,34.08763782473178,AutoARIMA
20166,rmse,59.65664120135055,AutoARIMA
20167,rmse,93.77246193713559,AutoARIMA
20169,rmse,2.9694524367875488,AutoARIMA
20170,rmse,468.57907141739634,AutoARIMA
20173,rmse,284.16104588771486,AutoARIMA
20177,rmse,12.228323707411894,AutoARIMA
20183,rmse,14.424131015612536,AutoARIMA
20185,rmse,53.21829658657013,AutoARIMA
20188,rmse,29.75460127190742,AutoARIMA
20190,rmse,32.51461297968584,AutoARIMA
20191,rmse,94.10116621752843,AutoARIMA
20193,rmse,159.44600463568202,AutoARIMA
20194,rmse,103.02755776400558,AutoARIMA
20195,rmse,51.4977778983396,AutoARIMA
20200,rmse,91.60373350855039,AutoARIMA
20201,rmse,7.072664615517882,AutoARIMA
20203,rmse,86.83677253727703,AutoARIMA
20204,rmse,89.44245239734913,AutoARIMA
20206,rmse,834.7209585486725,AutoARIMA
20207,rmse,107.93542936191884,AutoARIMA
20208,rmse,44.559573107869376,AutoARIMA
20209,rmse,15.928713366541249,AutoARIMA
20210,rmse,21.12869425998653,AutoARIMA
20211,rmse,524.5224386190854,AutoARIMA
20213,rmse,3.8164057115742236,AutoARIMA
20214,rmse,3.3601856103712158,AutoARIMA
20216,rmse,20.16046736671659,AutoARIMA
20218,rmse,59.02068167569601,AutoARIMA
20221,rmse,5.348804789062626,AutoARIMA
20222,rmse,10.576406981590114,AutoARIMA
20227,rmse,18.028481112502597,AutoARIMA
20229,rmse,515.0176732512975,AutoARIMA
20230,rmse,46.24887606439343,AutoARIMA
20231,rmse,46.94950244239213,AutoARIMA
20232,rmse,58.68791197294431,AutoARIMA
20233,rmse,97.75241987783832,AutoARIMA
20234,rmse,15.689275836779705,AutoARIMA
20237,rmse,424.2183861578168,AutoARIMA
20250,rmse,128.0066607552389,AutoARIMA
20253,rmse,251.2455062710628,AutoARIMA
20254,rmse,412.99327409104916,AutoARIMA
20263,rmse,2.5978018114959633,AutoARIMA
20266,rmse,2.1603702632413335,AutoARIMA
20268,rmse,5.400979539526027,AutoARIMA
20272,rmse,295.0738636160871,AutoARIMA
20277,rmse,174.64731329327708,AutoARIMA
20278,rmse,46.163646098687906,AutoARIMA
20280,rmse,71.29676787759401,AutoARIMA
20284,rmse,9.671713210231827,AutoARIMA
20286,rmse,211.02985819953048,AutoARIMA
20292,rmse,78.06549956429039,AutoARIMA
20293,rmse,1476.9930136057558,AutoARIMA
20296,rmse,26.626971231521594,AutoARIMA
20302,rmse,,AutoARIMA
20303,rmse,8.427898222009029,AutoARIMA
20304,rmse,324.8617041218277,AutoARIMA
20305,rmse,20.763215336529914,AutoARIMA
20308,rmse,35.74904811939355,AutoARIMA
20309,rmse,18.123036292090916,AutoARIMA
20310,rmse,63.14000406497475,AutoARIMA
20312,rmse,58.46963795381576,AutoARIMA
20313,rmse,76.37458539255385,AutoARIMA
20314,rmse,7.725082909310261,AutoARIMA
20331,rmse,4.166055480270763,AutoARIMA
20334,rmse,166.1401201579285,AutoARIMA
20335,rmse,70.03505615696393,AutoARIMA
20344,rmse,97.65087019482036,AutoARIMA
20348,rmse,6.950952213265725,AutoARIMA
20355,rmse,708.8207419736925,AutoARIMA
20356,rmse,23.25579741501563,AutoARIMA
20357,rmse,21.37575975538313,AutoARIMA
20359,rmse,1.5676151892731744,AutoARIMA
20360,rmse,23.195990193627722,AutoARIMA
20362,rmse,11.878505700426244,AutoARIMA
20363,rmse,393.14961609906106,AutoARIMA
20364,rmse,86.06859322070898,AutoARIMA
20366,rmse,389.4686621854432,AutoARIMA
20368,rmse,19.319851444565682,AutoARIMA
20370,rmse,44.88249139085113,AutoARIMA
20372,rmse,23.28943985060665,AutoARIMA
20373,rmse,3.81477689743042,AutoARIMA
20374,rmse,772.9463481699777,AutoARIMA
20375,rmse,21.452022983959314,AutoARIMA
20377,rmse,84.73251348022691,AutoARIMA
20378,rmse,248.93673895188712,AutoARIMA
20380,rmse,4.175983290022598,AutoARIMA
20387,rmse,58.11942007759458,AutoARIMA
20392,rmse,87.12169182986882,AutoARIMA
20393,rmse,378.8831540784631,AutoARIMA
20394,rmse,74.44610280076603,AutoARIMA
20397,rmse,187.60981969087985,AutoARIMA
20398,rmse,248.86025089137107,AutoARIMA
20399,rmse,44.95079820396113,AutoARIMA
20400,rmse,78.26766993698897,AutoARIMA
20401,rmse,331.18351181599337,AutoARIMA
20402,rmse,23.800459994003415,AutoARIMA
20405,rmse,15.834931779867553,AutoARIMA
20406,rmse,1.8046406366965084,AutoARIMA
20408,rmse,3.3599792020099675,AutoARIMA
20409,rmse,851.0930287708818,AutoARIMA
20414,rmse,672.347762975342,AutoARIMA
20415,rmse,22.997892689359308,AutoARIMA
20416,rmse,583.3170232554122,AutoARIMA
20417,rmse,544.4878812495208,AutoARIMA
20418,rmse,132.61187662628618,AutoARIMA
20421,rmse,167.74886642128502,AutoARIMA
20422,rmse,161.9652817872988,AutoARIMA
20423,rmse,153.14512709106538,AutoARIMA
20427,rmse,567.5320000510886,AutoARIMA
20428,rmse,7.343015372574036,AutoARIMA
20436,rmse,111.8797754542058,AutoARIMA
20437,rmse,510.3270680647805,AutoARIMA
20440,rmse,16.484874053380157,AutoARIMA
20445,rmse,282.77475775809745,AutoARIMA
20446,rmse,5.305298347786089,AutoARIMA
20447,rmse,62.23238110847796,AutoARIMA
20448,rmse,378.65509027369995,AutoARIMA
20452,rmse,227.01928428801637,AutoARIMA
20453,rmse,116.58119195737362,AutoARIMA
20500,rmse,132.42851749722053,AutoARIMA
21007,rmse,2.8166501415910488,AutoARIMA
21008,rmse,,AutoARIMA
21035,rmse,0.9654799977168296,AutoARIMA
21040,rmse,1.5740648851399155,AutoARIMA
21059,rmse,4.314504074996988,AutoARIMA
21061,rmse,68.3661923144017,AutoARIMA
21080,rmse,384.630042294407,AutoARIMA
21084,rmse,12.471497938598025,AutoARIMA
21094,rmse,3.8157802639594953,AutoARIMA
21107,rmse,97.5266881563569,AutoARIMA
21121,rmse,49.73820491594888,AutoARIMA
21131,rmse,2.2962124561328103,AutoARIMA
21134,rmse,1.8953725106263468,AutoARIMA
21136,rmse,,AutoARIMA
21142,rmse,9.952323687364023,AutoARIMA
21147,rmse,2.6962210637988338,AutoARIMA
21158,rmse,,AutoARIMA
21160,rmse,1.9910194950456086,AutoARIMA
21161,rmse,238.78704633154126,AutoARIMA
21167,rmse,345.5358202630073,AutoARIMA
21171,rmse,35.19506105743693,AutoARIMA
21186,rmse,1.2657439748463624,AutoARIMA
21196,rmse,2.52425519978722,AutoARIMA
21202,rmse,2.614847212126992,AutoARIMA
21226,rmse,354.6213160228496,AutoARIMA
21231,rmse,104.20925677813929,AutoARIMA
21236,rmse,60.998071329201494,AutoARIMA
21258,rmse,81.56179418679983,AutoARIMA
21261,rmse,4.640890016521135,AutoARIMA
21262,rmse,29.457121251420013,AutoARIMA
21266,rmse,3.8183545000288515,AutoARIMA
21271,rmse,115.0398481686527,AutoARIMA
21306,rmse,1.1308683442056169,AutoARIMA
21308,rmse,1.8594670966989202,AutoARIMA
21309,rmse,3.654615556612652,AutoARIMA
21331,rmse,1.2619449995357166,AutoARIMA
21342,rmse,177.87607965166907,AutoARIMA
21351,rmse,344.7769908333384,AutoARIMA
21352,rmse,5.62532936152111,AutoARIMA
21356,rmse,24.16737773010879,AutoARIMA
21361,rmse,229.70222269519098,AutoARIMA
21366,rmse,82.92553490107498,AutoARIMA
21376,rmse,34.289215409549634,AutoARIMA
21395,rmse,13.687423239073423,AutoARIMA
21402,rmse,2.4307735282515686,AutoARIMA
21406,rmse,1.5911989600131917,AutoARIMA
21407,rmse,0.8493303027162381,AutoARIMA
21411,rmse,409.5020949194674,AutoARIMA
21416,rmse,62.68887536677836,AutoARIMA
21421,rmse,0.7510861342361423,AutoARIMA
21423,rmse,2.083974912414483,AutoARIMA
21427,rmse,63.770857154520215,AutoARIMA
21433,rmse,57.23722656824319,AutoARIMA
21437,rmse,23.341030204544825,AutoARIMA
21439,rmse,2700.123555272597,AutoARIMA
21440,rmse,8.08487637178947,AutoARIMA
21447,rmse,2.007758273642301,AutoARIMA
21463,rmse,4.672615256292062,AutoARIMA
21467,rmse,4.014534494724234,AutoARIMA
21487,rmse,61.660956856066946,AutoARIMA
21492,rmse,65.09309572536178,AutoARIMA
21528,rmse,14.927700002448685,AutoARIMA
21552,rmse,2.1282414723677108,AutoARIMA
21557,rmse,27.302097342328796,AutoARIMA
21567,rmse,31.920435453691336,AutoARIMA
21568,rmse,23.768084967680764,AutoARIMA
21569,rmse,1.9948328702624023,AutoARIMA
21578,rmse,216.93691380318194,AutoARIMA
21579,rmse,305.9753984300771,AutoARIMA
21580,rmse,5.657641071810834,AutoARIMA
21587,rmse,45.80437333184111,AutoARIMA
21590,rmse,2.1026350069053525,AutoARIMA
21592,rmse,51.08429159782789,AutoARIMA
21605,rmse,155.73267693925598,AutoARIMA
21607,rmse,9.656925347764874,AutoARIMA
21608,rmse,15.297058540778355,AutoARIMA
21610,rmse,699.8907057534054,AutoARIMA
21611,rmse,425.06646479886996,AutoARIMA
21615,rmse,10.366161954730792,AutoARIMA
21626,rmse,28.434599508170983,AutoARIMA
21629,rmse,75.43828673147742,AutoARIMA
21635,rmse,9.49572083304432,AutoARIMA
21638,rmse,54.510957104461525,AutoARIMA
21646,rmse,2.705468507055132,AutoARIMA
21656,rmse,2.69019633499249,AutoARIMA
21659,rmse,26.216077265278784,AutoARIMA
21670,rmse,24.448240273527652,AutoARIMA
21674,rmse,22.84036248539337,AutoARIMA
21692,rmse,2.502557919629811,AutoARIMA
21694,rmse,4.642796092394707,AutoARIMA
19386,mase,2.8166437631270416,AutoARIMA
19392,mase,1.7043634368879448,AutoARIMA
19393,mase,0.6405122483472581,AutoARIMA
19514,mase,0.8044728967878554,AutoARIMA
19515,mase,0.6891045108519599,AutoARIMA
19517,mase,1.7284547090530398,AutoARIMA
19519,mase,0.40875479865867953,AutoARIMA
19520,mase,1.1036713728264196,AutoARIMA
19521,mase,3.1550774420780803,AutoARIMA
19522,mase,0.9462001037692744,AutoARIMA
19523,mase,1.4103318805305558,AutoARIMA
19524,mase,1.5456504569426919,AutoARIMA
19526,mase,0.31128804167808843,AutoARIMA
19527,mase,2.145072127466148,AutoARIMA
19528,mase,2.1968447607848827,AutoARIMA
19529,mase,0.8979205888838007,AutoARIMA
19530,mase,1.3803225838825326,AutoARIMA
19531,mase,0.8099632968866595,AutoARIMA
19532,mase,1.9549372881768103,AutoARIMA
19533,mase,0.9904189893065223,AutoARIMA
19534,mase,2.41380099498003,AutoARIMA
19535,mase,0.4966423992725785,AutoARIMA
19536,mase,3.4449015562249286,AutoARIMA
19537,mase,3.1613474527994794,AutoARIMA
19538,mase,2.9086060774344413,AutoARIMA
19539,mase,2.8728672969135274,AutoARIMA
19540,mase,3.0585299798721453,AutoARIMA
19541,mase,0.7600373482726422,AutoARIMA
19542,mase,0.7476456603326239,AutoARIMA
19543,mase,3.540358105097165,AutoARIMA
19544,mase,1.8083288298550209,AutoARIMA
19545,mase,0.9099655291119376,AutoARIMA
19546,mase,2.8997804214800227,AutoARIMA
19547,mase,1.5857973957011038,AutoARIMA
19548,mase,0.42946944006252447,AutoARIMA
19549,mase,1.2219492998457526,AutoARIMA
19550,mase,1.028366177166165,AutoARIMA
19551,mase,1.4402112301961576,AutoARIMA
19552,mase,0.6759507834799096,AutoARIMA
19553,mase,1.381227909522416,AutoARIMA
19554,mase,2.4240799281164476,AutoARIMA
19555,mase,3.4230039824002425,AutoARIMA
19556,mase,0.9851753309981544,AutoARIMA
19557,mase,2.0215624422527645,AutoARIMA
19558,mase,2.366559088551164,AutoARIMA
19559,mase,1.0560732884247752,AutoARIMA
19561,mase,2.5697770693660837,AutoARIMA
19562,mase,1.5920721946432903,AutoARIMA
19563,mase,0.1814973466965808,AutoARIMA
19564,mase,2.172173277503222,AutoARIMA
19565,mase,0.8378024639597864,AutoARIMA
19566,mase,0.6046810140611331,AutoARIMA
19567,mase,1.4522485244190977,AutoARIMA
19568,mase,1.5975127759562358,AutoARIMA
19569,mase,0.7276559099627116,AutoARIMA
19570,mase,0.586850446283358,AutoARIMA
19571,mase,1.2094491736138124,AutoARIMA
19572,mase,2.473835247517842,AutoARIMA
19573,mase,2.303616112485983,AutoARIMA
19574,mase,1.6163269098780353,AutoARIMA
19575,mase,0.05773738780580583,AutoARIMA
19576,mase,5.030640245579156,AutoARIMA
19577,mase,1.435287927566625,AutoARIMA
19579,mase,1.4037102426849397,AutoARIMA
19580,mase,1.5868957540527178,AutoARIMA
19614,mase,0.5510756548713235,AutoARIMA
19616,mase,0.3913128963297387,AutoARIMA
19620,mase,0.3193428912812398,AutoARIMA
19623,mase,2.07444968860425,AutoARIMA
19624,mase,1.6967765107486288,AutoARIMA
19635,mase,0.0,AutoARIMA
19650,mase,1.1143510174599423,AutoARIMA
19658,mase,2.0948703079500697,AutoARIMA
19662,mase,0.05218758589116592,AutoARIMA
19677,mase,1.3395516774484728,AutoARIMA
19678,mase,0.0,AutoARIMA
19682,mase,1.7728707662442835,AutoARIMA
19687,mase,0.5330551668877764,AutoARIMA
19690,mase,3.4446111618570354,AutoARIMA
19704,mase,2.03561012502989,AutoARIMA
19728,mase,0.665986104054494,AutoARIMA
19746,mase,1.091447739880065,AutoARIMA
19747,mase,2.5888890259922595,AutoARIMA
19770,mase,6.53685862361592,AutoARIMA
19778,mase,0.3416411514297164,AutoARIMA
19779,mase,1.4766329955506894,AutoARIMA
19789,mase,1.2508132468092745,AutoARIMA
19790,mase,1.845678584968198,AutoARIMA
19791,mase,1.0931133464150686,AutoARIMA
19795,mase,0.10441510815410773,AutoARIMA
19804,mase,1.413056671038641,AutoARIMA
19805,mase,2.1974442252691615,AutoARIMA
19812,mase,1.4771541824852183,AutoARIMA
19821,mase,10.521114135130464,AutoARIMA
19829,mase,1.4833123387437706,AutoARIMA
19830,mase,2.151817065916489,AutoARIMA
19839,mase,2.182605204085978,AutoARIMA
19840,mase,0.33784204232414816,AutoARIMA
19852,mase,2.737130365707983,AutoARIMA
19855,mase,0.10108008335599974,AutoARIMA
19856,mase,2.5261324295992313,AutoARIMA
19858,mase,0.4535835361664028,AutoARIMA
19865,mase,0.46960524878087634,AutoARIMA
19869,mase,0.6413383736465128,AutoARIMA
19873,mase,4.1485237834753415,AutoARIMA
19874,mase,0.6595764631941784,AutoARIMA
19875,mase,0.8809567905571375,AutoARIMA
19891,mase,0.5268283802930988,AutoARIMA
19892,mase,0.19101123595505617,AutoARIMA
19893,mase,0.6145844470201189,AutoARIMA
19894,mase,0.4010830324909747,AutoARIMA
19895,mase,0.6931501634522838,AutoARIMA
19896,mase,2.1785220481197283,AutoARIMA
19897,mase,1.0347309048111375,AutoARIMA
19898,mase,1.3822396140950213,AutoARIMA
19900,mase,2.09758904220861,AutoARIMA
19910,mase,0.707497533390716,AutoARIMA
19911,mase,0.7410848427903998,AutoARIMA
19912,mase,0.881261966899234,AutoARIMA
19917,mase,0.5758502659483632,AutoARIMA
19930,mase,1.321818142167204,AutoARIMA
19932,mase,0.5994011976047904,AutoARIMA
19933,mase,1.2264131868266623,AutoARIMA
19949,mase,0.9385294920447501,AutoARIMA
19952,mase,0.9220115478736467,AutoARIMA
19953,mase,0.6710916279810086,AutoARIMA
19954,mase,1.0138684453930051,AutoARIMA
19956,mase,0.25192871300193953,AutoARIMA
19958,mase,2.1910286855673538,AutoARIMA
19961,mase,1.6358032281670762,AutoARIMA
19972,mase,1.0053050397877983,AutoARIMA
19976,mase,0.5546068483319989,AutoARIMA
19977,mase,1.9344296128195668,AutoARIMA
19985,mase,1.416318624608657,AutoARIMA
19991,mase,1.8150442996806766,AutoARIMA
19994,mase,3.592488330343495,AutoARIMA
19995,mase,3.8601172855054284,AutoARIMA
19996,mase,2.053496282457729,AutoARIMA
20003,mase,3.0345928722986515,AutoARIMA
20005,mase,0.8968346806991466,AutoARIMA
20007,mase,0.9105807518466448,AutoARIMA
20010,mase,0.7623024903708427,AutoARIMA
20016,mase,0.9379352435755799,AutoARIMA
20017,mase,1.394129383273063,AutoARIMA
20019,mase,0.5241125137388146,AutoARIMA
20023,mase,3.5153090068824877,AutoARIMA
20025,mase,1.1317554359555944,AutoARIMA
20028,mase,0.7460128863480453,AutoARIMA
20029,mase,0.23320923588238832,AutoARIMA
20030,mase,0.5379359222200092,AutoARIMA
20034,mase,0.8406375315937683,AutoARIMA
20042,mase,0.2675806765019158,AutoARIMA
20043,mase,1.4966605950212506,AutoARIMA
20045,mase,1.199103500984168,AutoARIMA
20046,mase,1.6232643907034505,AutoARIMA
20057,mase,0.40645899666769264,AutoARIMA
20059,mase,0.9708548104176432,AutoARIMA
20064,mase,0.942423028936866,AutoARIMA
20065,mase,1.6758229771423683,AutoARIMA
20075,mase,0.6609698202965524,AutoARIMA
20080,mase,2.065849673202614,AutoARIMA
20085,mase,0.8023706547608234,AutoARIMA
20088,mase,2.3599213106197836,AutoARIMA
20089,mase,0.20885170200803707,AutoARIMA
20090,mase,0.7568674001569091,AutoARIMA
20095,mase,1.0911568869337702,AutoARIMA
20100,mase,0.5301994533414396,AutoARIMA
20104,mase,1.1421991940126655,AutoARIMA
20105,mase,0.2556164996145574,AutoARIMA
20106,mase,0.5966999608653891,AutoARIMA
20107,mase,0.6358116378156232,AutoARIMA
20108,mase,3.7632733741561433,AutoARIMA
20110,mase,0.6725980191910339,AutoARIMA
20111,mase,0.5607600925678923,AutoARIMA
20114,mase,0.452171639921108,AutoARIMA
20116,mase,1.8255994271095586,AutoARIMA
20119,mase,1.0645731982479814,AutoARIMA
20120,mase,3.551428365123737,AutoARIMA
20123,mase,0.14554438334674316,AutoARIMA
20127,mase,2.3287143012660816,AutoARIMA
20133,mase,1.0237888598970826,AutoARIMA
20136,mase,1.679535189574173,AutoARIMA
20138,mase,1.104093567251462,AutoARIMA
20140,mase,0.7062022201397032,AutoARIMA
20147,mase,2.0484647272283656,AutoARIMA
20148,mase,0.1300265526145459,AutoARIMA
20149,mase,0.5306979800845768,AutoARIMA
20151,mase,0.6225757688454239,AutoARIMA
20152,mase,1.8494638517443533,AutoARIMA
20153,mase,2.404653050138959,AutoARIMA
20155,mase,1.6835489778352093,AutoARIMA
20156,mase,0.6999516375405632,AutoARIMA
20162,mase,1.6364807982034493,AutoARIMA
20166,mase,0.6101805142291298,AutoARIMA
20167,mase,1.1247234846951184,AutoARIMA
20169,mase,0.17875611487928128,AutoARIMA
20170,mase,4.536117173075937,AutoARIMA
20173,mase,2.8349726352746796,AutoARIMA
20177,mase,0.8608977109820586,AutoARIMA
20183,mase,1.047907488986784,AutoARIMA
20185,mase,0.40496109568931066,AutoARIMA
20188,mase,0.9434384082271406,AutoARIMA
20190,mase,0.5628658080958154,AutoARIMA
20191,mase,0.5210411905546644,AutoARIMA
20193,mase,1.911955816146845,AutoARIMA
20194,mase,0.8878027200714482,AutoARIMA
20195,mase,0.9185697298783522,AutoARIMA
20200,mase,7.997352939747267,AutoARIMA
20201,mase,0.3443363231904563,AutoARIMA
20203,mase,0.7729014562642398,AutoARIMA
20204,mase,1.2098691943108422,AutoARIMA
20206,mase,1.0509897035166502,AutoARIMA
20207,mase,2.4557556273445247,AutoARIMA
20208,mase,5.105053946621238,AutoARIMA
20209,mase,0.28140039002481354,AutoARIMA
20210,mase,0.41764781617059193,AutoARIMA
20211,mase,1.9877645298952313,AutoARIMA
20213,mase,0.7013046650850282,AutoARIMA
20214,mase,0.10222210692503403,AutoARIMA
20216,mase,1.8406889128094723,AutoARIMA
20218,mase,0.6645797294967201,AutoARIMA
20221,mase,0.5583511437887347,AutoARIMA
20222,mase,1.0361395051330058,AutoARIMA
20227,mase,2.0129557983288717,AutoARIMA
20229,mase,1.9350279545878986,AutoARIMA
20230,mase,1.4127440845876953,AutoARIMA
20231,mase,1.5014353842105508,AutoARIMA
20232,mase,0.7447985637736642,AutoARIMA
20233,mase,1.2116594994633914,AutoARIMA
20234,mase,1.3087765624357688,AutoARIMA
20237,mase,1.3323696869128083,AutoARIMA
20250,mase,0.7531799065785405,AutoARIMA
20253,mase,1.3548180959004867,AutoARIMA
20254,mase,2.717039244908097,AutoARIMA
20263,mase,0.08843797647430446,AutoARIMA
20266,mase,0.5081345539209675,AutoARIMA
20268,mase,1.0772713832754306,AutoARIMA
20272,mase,1.807786690288505,AutoARIMA
20277,mase,1.568446913053007,AutoARIMA
20278,mase,2.060457783360635,AutoARIMA
20280,mase,0.3323665665071238,AutoARIMA
20284,mase,0.186798809207125,AutoARIMA
20286,mase,3.755010125638378,AutoARIMA
20292,mase,1.954345434543454,AutoARIMA
20293,mase,4.433294384011187,AutoARIMA
20296,mase,1.0467652232058136,AutoARIMA
20302,mase,0.0,AutoARIMA
20303,mase,0.43267819661206286,AutoARIMA
20304,mase,0.6383453136355817,AutoARIMA
20305,mase,0.20699241531441692,AutoARIMA
20308,mase,0.5108340077103469,AutoARIMA
20309,mase,3.388338833883388,AutoARIMA
20310,mase,0.2840135454944749,AutoARIMA
20312,mase,0.6184530522656092,AutoARIMA
20313,mase,2.195654568660047,AutoARIMA
20314,mase,0.36486185326234893,AutoARIMA
20331,mase,0.6959283985766063,AutoARIMA
20334,mase,4.883120899808154,AutoARIMA
20335,mase,0.894907033144705,AutoARIMA
20344,mase,1.2068987284419133,AutoARIMA
20348,mase,0.18267314961902453,AutoARIMA
20355,mase,2.59822174731728,AutoARIMA
20356,mase,0.7457912638296489,AutoARIMA
20357,mase,0.37038802087093536,AutoARIMA
20359,mase,1.064516129032258,AutoARIMA
20360,mase,2.7780754666879357,AutoARIMA
20362,mase,0.2870774049916065,AutoARIMA
20363,mase,1.160332047402599,AutoARIMA
20364,mase,1.6813030538342593,AutoARIMA
20366,mase,0.4408416577818387,AutoARIMA
20368,mase,0.4568733995598253,AutoARIMA
20370,mase,0.8623005637945671,AutoARIMA
20372,mase,1.6603639922507625,AutoARIMA
20373,mase,1.3413247800642445,AutoARIMA
20374,mase,1.367964390656735,AutoARIMA
20375,mase,0.6623977551807644,AutoARIMA
20377,mase,1.330013514423265,AutoARIMA
20378,mase,0.5923805067728631,AutoARIMA
20380,mase,0.3707165097419618,AutoARIMA
20387,mase,2.2906492774514775,AutoARIMA
20392,mase,0.5502466394798443,AutoARIMA
20393,mase,0.9656406585540444,AutoARIMA
20394,mase,1.1360097323600973,AutoARIMA
20397,mase,1.6847950874382593,AutoARIMA
20398,mase,0.29076078732464444,AutoARIMA
20399,mase,1.1162901223283885,AutoARIMA
20400,mase,1.7999839510606406,AutoARIMA
20401,mase,1.1094437694671797,AutoARIMA
20402,mase,0.44524614942161767,AutoARIMA
20405,mase,0.9526119026595246,AutoARIMA
20406,mase,0.7272683223925138,AutoARIMA
20408,mase,0.45311797748912463,AutoARIMA
20409,mase,1.5384363797192233,AutoARIMA
20414,mase,1.0046268142072494,AutoARIMA
20415,mase,0.45822286713578897,AutoARIMA
20416,mase,3.649551551731946,AutoARIMA
20417,mase,2.1920151139373947,AutoARIMA
20418,mase,0.7125948600218639,AutoARIMA
20421,mase,2.2880557285220906,AutoARIMA
20422,mase,2.240974683294835,AutoARIMA
20423,mase,1.4376186968911837,AutoARIMA
20427,mase,3.546727050562234,AutoARIMA
20428,mase,0.9409190144785133,AutoARIMA
20436,mase,0.9961320059410272,AutoARIMA
20437,mase,2.5506441807277858,AutoARIMA
20440,mase,0.7224105635499642,AutoARIMA
20445,mase,5.054217456964517,AutoARIMA
20446,mase,0.1646353346638408,AutoARIMA
20447,mase,0.9474133766389875,AutoARIMA
20448,mase,1.2959250770271287,AutoARIMA
20452,mase,0.7345543151375129,AutoARIMA
20453,mase,1.7500467843945413,AutoARIMA
20500,mase,0.8973516013094389,AutoARIMA
21007,mase,0.6977895365820991,AutoARIMA
21008,mase,0.0,AutoARIMA
21035,mase,0.5290837754648199,AutoARIMA
21040,mase,0.6861535415682994,AutoARIMA
21059,mase,0.161655084947596,AutoARIMA
21061,mase,2.0421342377676877,AutoARIMA
21080,mase,6.486287870654998,AutoARIMA
21084,mase,1.4049748819341104,AutoARIMA
21094,mase,1.171702228094402,AutoARIMA
21107,mase,2.5300638693490356,AutoARIMA
21121,mase,1.3269905115312093,AutoARIMA
21131,mase,0.6907557887344271,AutoARIMA
21134,mase,0.2867352877948301,AutoARIMA
21136,mase,0.0,AutoARIMA
21142,mase,0.555960004113956,AutoARIMA
21147,mase,0.8962702982736214,AutoARIMA
21158,mase,0.0,AutoARIMA
21160,mase,0.46154153877976295,AutoARIMA
21161,mase,2.753217365732557,AutoARIMA
21167,mase,1.4564444685421072,AutoARIMA
21171,mase,1.1018217642236292,AutoARIMA
21186,mase,0.10433940673142336,AutoARIMA
21196,mase,0.6329950658147206,AutoARIMA
21202,mase,0.771796178817749,AutoARIMA
21226,mase,1.7757042757042758,AutoARIMA
21231,mase,2.6548665632462125,AutoARIMA
21236,mase,0.9503432918908888,AutoARIMA
21258,mase,2.2351901384238033,AutoARIMA
21261,mase,0.1590878562822158,AutoARIMA
21262,mase,0.3141177381816731,AutoARIMA
21266,mase,0.6360794593222999,AutoARIMA
21271,mase,2.256526625172891,AutoARIMA
21306,mase,0.4885688883917672,AutoARIMA
21308,mase,0.575576257958476,AutoARIMA
21309,mase,0.9121166791102683,AutoARIMA
21331,mase,0.4390411128442754,AutoARIMA
21342,mase,2.5907599797182805,AutoARIMA
21351,mase,1.496901356133713,AutoARIMA
21352,mase,0.8551464925303933,AutoARIMA
21356,mase,1.735610968283037,AutoARIMA
21361,mase,4.5492161105417,AutoARIMA
21366,mase,1.4882831367762714,AutoARIMA
21376,mase,1.2553004584870897,AutoARIMA
21395,mase,0.9958454469217555,AutoARIMA
21402,mase,0.6026050782962353,AutoARIMA
21406,mase,0.8130951864069158,AutoARIMA
21407,mase,0.6184422050913175,AutoARIMA
21411,mase,4.171556081928787,AutoARIMA
21416,mase,2.121240316937033,AutoARIMA
21421,mase,0.5035044383379369,AutoARIMA
21423,mase,0.4832604573720144,AutoARIMA
21427,mase,2.6794871794871793,AutoARIMA
21433,mase,1.759247145411454,AutoARIMA
21437,mase,0.9818869652155432,AutoARIMA
21439,mase,223.72431018717583,AutoARIMA
21440,mase,1.581641716293142,AutoARIMA
21447,mase,0.5474252965900448,AutoARIMA
21463,mase,0.08871989860583017,AutoARIMA
21467,mase,1.8967514210696674,AutoARIMA
21487,mase,1.6003043267980084,AutoARIMA
21492,mase,0.9646856158484066,AutoARIMA
21528,mase,0.2888090503675831,AutoARIMA
21552,mase,0.21890435563538393,AutoARIMA
21557,mase,1.3701895901736882,AutoARIMA
21567,mase,2.51379621866344,AutoARIMA
21568,mase,0.8650993644432129,AutoARIMA
21569,mase,0.953356628064756,AutoARIMA
21578,mase,0.7230730671595147,AutoARIMA
21579,mase,1.3438746438746438,AutoARIMA
21580,mase,0.5610475034303735,AutoARIMA
21587,mase,2.2549492320152718,AutoARIMA
21590,mase,0.6013296825533582,AutoARIMA
21592,mase,0.5551097494656922,AutoARIMA
21605,mase,3.3686507936507937,AutoARIMA
21607,mase,1.0686792111864278,AutoARIMA
21608,mase,0.8937998772252915,AutoARIMA
21610,mase,1.809247826634749,AutoARIMA
21611,mase,0.7333111296415643,AutoARIMA
21615,mase,0.3434235501688546,AutoARIMA
21626,mase,0.8437875375708109,AutoARIMA
21629,mase,1.3675566747062002,AutoARIMA
21635,mase,0.38525053188031894,AutoARIMA
21638,mase,0.6719498101370316,AutoARIMA
21646,mase,0.9952593814395607,AutoARIMA
21656,mase,1.727880075368185,AutoARIMA
21659,mase,3.2545671463012695,AutoARIMA
21670,mase,0.5379842125858704,AutoARIMA
21674,mase,0.30050149809468973,AutoARIMA
21692,mase,0.5083568070083856,AutoARIMA
21694,mase,0.39382716049382716,AutoARIMA
19386,mape,0.2628422370541335,AutoARIMA
19392,mape,0.763310000481928,AutoARIMA
19393,mape,0.16468988929202377,AutoARIMA
19514,mape,0.8160963792320446,AutoARIMA
19515,mape,0.34108626310817264,AutoARIMA
19517,mape,0.3184962482408421,AutoARIMA
19519,mape,0.17039904683875157,AutoARIMA
19520,mape,0.8329190081117348,AutoARIMA
19521,mape,7.157756237836575,AutoARIMA
19522,mape,0.8598048650447141,AutoARIMA
19523,mape,0.1751151138357476,AutoARIMA
19524,mape,0.619911200982192,AutoARIMA
19526,mape,0.09852878068181194,AutoARIMA
19527,mape,0.4036088716367261,AutoARIMA
19528,mape,1.1322344431490228,AutoARIMA
19529,mape,0.4187969474327145,AutoARIMA
19530,mape,0.41026376439814743,AutoARIMA
19531,mape,0.24595219498190563,AutoARIMA
19532,mape,0.14807479798718562,AutoARIMA
19533,mape,0.09844735766299573,AutoARIMA
19534,mape,0.3990237899853064,AutoARIMA
19535,mape,0.0961050583385333,AutoARIMA
19536,mape,0.283331112885478,AutoARIMA
19537,mape,0.1453680873715547,AutoARIMA
19538,mape,0.2259372949329347,AutoARIMA
19539,mape,0.5036408096784041,AutoARIMA
19540,mape,0.19143980483151307,AutoARIMA
19541,mape,0.6989560327812574,AutoARIMA
19542,mape,0.12173144106853265,AutoARIMA
19543,mape,0.3861383464408412,AutoARIMA
19544,mape,0.23324525460651124,AutoARIMA
19545,mape,0.07204555750249725,AutoARIMA
19546,mape,0.24250290797241192,AutoARIMA
19547,mape,0.26239677229690717,AutoARIMA
19548,mape,0.053608594624036075,AutoARIMA
19549,mape,0.3367476024150094,AutoARIMA
19550,mape,0.07108239567384668,AutoARIMA
19551,mape,0.12627708525334738,AutoARIMA
19552,mape,0.07378080592059007,AutoARIMA
19553,mape,0.8005545460837897,AutoARIMA
19554,mape,0.16647547338211086,AutoARIMA
19555,mape,0.2544020222219017,AutoARIMA
19556,mape,6.39619462934669,AutoARIMA
19557,mape,0.5536663629589018,AutoARIMA
19558,mape,0.1776145959614993,AutoARIMA
19559,mape,0.0911743122141729,AutoARIMA
19561,mape,0.3660723425555602,AutoARIMA
19562,mape,0.45364075076309185,AutoARIMA
19563,mape,0.13356403320554702,AutoARIMA
19564,mape,0.1454172512503279,AutoARIMA
19565,mape,0.16378692546528587,AutoARIMA
19566,mape,0.04847731761564456,AutoARIMA
19567,mape,1.7371511049447008,AutoARIMA
19568,mape,0.16963539759884336,AutoARIMA
19569,mape,0.26779169953190185,AutoARIMA
19570,mape,0.06844926749425591,AutoARIMA
19571,mape,0.11208659137383149,AutoARIMA
19572,mape,0.22146652815988144,AutoARIMA
19573,mape,1.0146213353896658,AutoARIMA
19574,mape,0.15938868588093447,AutoARIMA
19575,mape,0.03860509708370704,AutoARIMA
19576,mape,0.22496664972257413,AutoARIMA
19577,mape,0.3271909671071769,AutoARIMA
19579,mape,2.63761576933505,AutoARIMA
19580,mape,0.2761224837491573,AutoARIMA
19614,mape,0.30153192904543036,AutoARIMA
19616,mape,0.02735921643890247,AutoARIMA
19620,mape,2.112375722450464,AutoARIMA
19623,mape,0.140342916413714,AutoARIMA
19624,mape,0.14413278908271812,AutoARIMA
19635,mape,,AutoARIMA
19650,mape,0.2029371604648841,AutoARIMA
19658,mape,1.0457458087913514,AutoARIMA
19662,mape,0.023401789098756044,AutoARIMA
19677,mape,0.5763724615289904,AutoARIMA
19678,mape,,AutoARIMA
19682,mape,0.1057508883660246,AutoARIMA
19687,mape,0.10261742472149661,AutoARIMA
19690,mape,0.27947373033940753,AutoARIMA
19704,mape,0.11485779150225046,AutoARIMA
19728,mape,0.4016907325898758,AutoARIMA
19746,mape,0.13541016761757976,AutoARIMA
19747,mape,0.20243411707792722,AutoARIMA
19770,mape,0.16682648240722375,AutoARIMA
19778,mape,0.6557491328417144,AutoARIMA
19779,mape,0.11784893069266891,AutoARIMA
19789,mape,2.1120494618510843,AutoARIMA
19790,mape,0.0998630411416633,AutoARIMA
19791,mape,0.07042334884687919,AutoARIMA
19795,mape,0.04015643907031649,AutoARIMA
19804,mape,0.19809790558514023,AutoARIMA
19805,mape,0.11836916303765638,AutoARIMA
19812,mape,0.24260665477643592,AutoARIMA
19821,mape,0.9458519285925944,AutoARIMA
19829,mape,1.984317521403562,AutoARIMA
19830,mape,0.3813365198727969,AutoARIMA
19839,mape,0.5261755341716803,AutoARIMA
19840,mape,0.5334504525854746,AutoARIMA
19852,mape,0.26527882891035026,AutoARIMA
19855,mape,0.8593901201254792,AutoARIMA
19856,mape,1.0754720940447704,AutoARIMA
19858,mape,6.356155048345686,AutoARIMA
19865,mape,0.4445450526261882,AutoARIMA
19869,mape,2.197160837699629,AutoARIMA
19873,mape,0.4679225993169907,AutoARIMA
19874,mape,0.6064245162777956,AutoARIMA
19875,mape,1.4015119003229441,AutoARIMA
19891,mape,1.3474404739971289,AutoARIMA
19892,mape,2.57014652014652,AutoARIMA
19893,mape,0.33379716369381995,AutoARIMA
19894,mape,0.738581199876781,AutoARIMA
19895,mape,0.6722728205968451,AutoARIMA
19896,mape,4.07604276770039,AutoARIMA
19897,mape,1.0654047751491007,AutoARIMA
19898,mape,1.1894125318985496,AutoARIMA
19900,mape,0.4902815733669333,AutoARIMA
19910,mape,1.0112803156719208,AutoARIMA
19911,mape,0.0982576705889924,AutoARIMA
19912,mape,0.1759189839506147,AutoARIMA
19917,mape,0.04219210902012784,AutoARIMA
19930,mape,0.17117888123731959,AutoARIMA
19932,mape,0.7892554070966202,AutoARIMA
19933,mape,0.09449412357114767,AutoARIMA
19949,mape,0.2824117140206637,AutoARIMA
19952,mape,1.628642123613566,AutoARIMA
19953,mape,0.17648982429138452,AutoARIMA
19954,mape,2.5087928562018864,AutoARIMA
19956,mape,2.563001657699519,AutoARIMA
19958,mape,0.598130757464469,AutoARIMA
19961,mape,0.4645313555765632,AutoARIMA
19972,mape,5.469519094637018,AutoARIMA
19976,mape,3.098369994442281,AutoARIMA
19977,mape,0.09266556592909775,AutoARIMA
19985,mape,1.275467124639773,AutoARIMA
19991,mape,0.2320565995532028,AutoARIMA
19994,mape,0.47525765469159675,AutoARIMA
19995,mape,0.2931113547419828,AutoARIMA
19996,mape,0.6002883421838423,AutoARIMA
20003,mape,1.304835484352376,AutoARIMA
20005,mape,0.07516000127157664,AutoARIMA
20007,mape,0.10096500705926358,AutoARIMA
20010,mape,0.45064898680937077,AutoARIMA
20016,mape,0.6565135722064469,AutoARIMA
20017,mape,0.15676850879020174,AutoARIMA
20019,mape,0.4606907683037282,AutoARIMA
20023,mape,0.47034012813439535,AutoARIMA
20025,mape,0.8985283603838529,AutoARIMA
20028,mape,0.4054902214662926,AutoARIMA
20029,mape,0.1336408983460953,AutoARIMA
20030,mape,0.6503915575643381,AutoARIMA
20034,mape,1.3896485608651283,AutoARIMA
20042,mape,0.3350550547525644,AutoARIMA
20043,mape,0.6281857031857032,AutoARIMA
20045,mape,0.5947522123023946,AutoARIMA
20046,mape,2.021146145159809,AutoARIMA
20057,mape,0.4820489815711648,AutoARIMA
20059,mape,0.09547395474543062,AutoARIMA
20064,mape,0.32884340430713804,AutoARIMA
20065,mape,1.5088830254536132,AutoARIMA
20075,mape,0.14054864606119027,AutoARIMA
20080,mape,0.3256410256410256,AutoARIMA
20085,mape,1.1596842897488222,AutoARIMA
20088,mape,10.235318001257964,AutoARIMA
20089,mape,0.17288212011508247,AutoARIMA
20090,mape,0.4230595799272592,AutoARIMA
20095,mape,6.877354365047609,AutoARIMA
20100,mape,0.1285839465741451,AutoARIMA
20104,mape,0.2594429775064028,AutoARIMA
20105,mape,0.35768476604464705,AutoARIMA
20106,mape,3.9490768991761853,AutoARIMA
20107,mape,0.03838023413582847,AutoARIMA
20108,mape,0.662599956904774,AutoARIMA
20110,mape,0.30965625836104943,AutoARIMA
20111,mape,0.12505800935365471,AutoARIMA
20114,mape,0.10846723332817171,AutoARIMA
20116,mape,0.29147920641573377,AutoARIMA
20119,mape,0.3836085122381895,AutoARIMA
20120,mape,0.7951476234506678,AutoARIMA
20123,mape,0.5827853670981582,AutoARIMA
20127,mape,2.782071373726179,AutoARIMA
20133,mape,0.09120865846889735,AutoARIMA
20136,mape,0.38539268956046,AutoARIMA
20138,mape,0.16941676932394645,AutoARIMA
20140,mape,0.6915360414992201,AutoARIMA
20147,mape,0.6226370446719857,AutoARIMA
20148,mape,0.07085596432984874,AutoARIMA
20149,mape,0.2571052333064381,AutoARIMA
20151,mape,0.10555183142195869,AutoARIMA
20152,mape,3.841454397228893,AutoARIMA
20153,mape,0.14335117338713632,AutoARIMA
20155,mape,0.7227567406960044,AutoARIMA
20156,mape,0.20928554450283696,AutoARIMA
20162,mape,0.31080516083362253,AutoARIMA
20166,mape,0.7537504282126966,AutoARIMA
20167,mape,0.21908717722383678,AutoARIMA
20169,mape,0.8037743939293754,AutoARIMA
20170,mape,11.238991116284208,AutoARIMA
20173,mape,2.703664343614766,AutoARIMA
20177,mape,0.2889981409018402,AutoARIMA
20183,mape,0.269137899414546,AutoARIMA
20185,mape,0.07083597033684388,AutoARIMA
20188,mape,0.09427477151032371,AutoARIMA
20190,mape,0.12803263586821503,AutoARIMA
20191,mape,0.3606806060813721,AutoARIMA
20193,mape,5.065100202693185,AutoARIMA
20194,mape,0.2073717877511972,AutoARIMA
20195,mape,0.7735523608507563,AutoARIMA
20200,mape,1.4147078732270648,AutoARIMA
20201,mape,1.748314839608534,AutoARIMA
20203,mape,5.9815136502651,AutoARIMA
20204,mape,0.631575787705547,AutoARIMA
20206,mape,0.45471575822755167,AutoARIMA
20207,mape,4.447283828727219,AutoARIMA
20208,mape,0.6072505655998217,AutoARIMA
20209,mape,0.39303035889088567,AutoARIMA
20210,mape,3.034292959229215,AutoARIMA
20211,mape,1.4284675452808482,AutoARIMA
20213,mape,0.7859896135819949,AutoARIMA
20214,mape,1.1996703455299687,AutoARIMA
20216,mape,0.2507087844191152,AutoARIMA
20218,mape,14.409343040001772,AutoARIMA
20221,mape,0.3385797042657076,AutoARIMA
20222,mape,1.1092849058956253,AutoARIMA
20227,mape,0.8355108368111073,AutoARIMA
20229,mape,0.1336361963589544,AutoARIMA
20230,mape,0.45221917543920337,AutoARIMA
20231,mape,0.23008587906856265,AutoARIMA
20232,mape,1.8931421279859206,AutoARIMA
20233,mape,0.13613459656775018,AutoARIMA
20234,mape,1.2058988935184838,AutoARIMA
20237,mape,22.449067412878627,AutoARIMA
20250,mape,0.13423536106697304,AutoARIMA
20253,mape,0.501902047903695,AutoARIMA
20254,mape,2.0141332858762704,AutoARIMA
20263,mape,0.6754830214712355,AutoARIMA
20266,mape,0.8792091364330716,AutoARIMA
20268,mape,0.249710475608407,AutoARIMA
20272,mape,0.6540177577779612,AutoARIMA
20277,mape,1.274621564762443,AutoARIMA
20278,mape,2.0186463627714275,AutoARIMA
20280,mape,0.14420528829873014,AutoARIMA
20284,mape,1.8101968441845613,AutoARIMA
20286,mape,0.7892735119833076,AutoARIMA
20292,mape,0.35549577274768096,AutoARIMA
20293,mape,1.7759006436395925,AutoARIMA
20296,mape,0.4654519137385841,AutoARIMA
20302,mape,,AutoARIMA
20303,mape,0.4990278474380782,AutoARIMA
20304,mape,0.1479483542579073,AutoARIMA
20305,mape,1.4225234935634605,AutoARIMA
20308,mape,0.8480407232902138,AutoARIMA
20309,mape,0.46136252374919884,AutoARIMA
20310,mape,5.299166274389372,AutoARIMA
20312,mape,1.1777093028827939,AutoARIMA
20313,mape,0.21887404357154897,AutoARIMA
20314,mape,2.5172690006538674,AutoARIMA
20331,mape,1.3684417088826497,AutoARIMA
20334,mape,0.7679711225412491,AutoARIMA
20335,mape,20.610684769775677,AutoARIMA
20344,mape,1.3791676850392436,AutoARIMA
20348,mape,0.07395222719688918,AutoARIMA
20355,mape,0.17041882294491703,AutoARIMA
20356,mape,0.36432662460237347,AutoARIMA
20357,mape,0.7844868665336899,AutoARIMA
20359,mape,0.7667133808135986,AutoARIMA
20360,mape,0.365044457746965,AutoARIMA
20362,mape,0.07499152266984198,AutoARIMA
20363,mape,0.19497121184898467,AutoARIMA
20364,mape,0.7645328024611734,AutoARIMA
20366,mape,0.28923756769121844,AutoARIMA
20368,mape,0.34600456408722396,AutoARIMA
20370,mape,0.1294046653500755,AutoARIMA
20372,mape,2.325595989252323,AutoARIMA
20373,mape,1.90738844871521,AutoARIMA
20374,mape,0.20372981404497026,AutoARIMA
20375,mape,0.3719899216062973,AutoARIMA
20377,mape,0.46763788247675486,AutoARIMA
20378,mape,0.09053987278800406,AutoARIMA
20380,mape,0.055079927830436144,AutoARIMA
20387,mape,0.9357066228171517,AutoARIMA
20392,mape,0.06585564418175693,AutoARIMA
20393,mape,0.26365773327434805,AutoARIMA
20394,mape,0.4690235322993094,AutoARIMA
20397,mape,0.379184726559344,AutoARIMA
20398,mape,0.10210030151953585,AutoARIMA
20399,mape,1.9067745934177482,AutoARIMA
20400,mape,16.233252912685796,AutoARIMA
20401,mape,0.6027804326448778,AutoARIMA
20402,mape,0.5801934425633055,AutoARIMA
20405,mape,2.8570975543640347,AutoARIMA
20406,mape,1.257837720712026,AutoARIMA
20408,mape,0.7317095443054482,AutoARIMA
20409,mape,0.1162643546956062,AutoARIMA
20414,mape,0.4739584208463207,AutoARIMA
20415,mape,1.345998565075752,AutoARIMA
20416,mape,0.28749729054682827,AutoARIMA
20417,mape,2.7464556932688966,AutoARIMA
20418,mape,0.410944888763169,AutoARIMA
20421,mape,0.6891006715822843,AutoARIMA
20422,mape,1.6438113691180725,AutoARIMA
20423,mape,0.7174544558464827,AutoARIMA
20427,mape,1.0424452142666814,AutoARIMA
20428,mape,2.749685919847191,AutoARIMA
20436,mape,0.26380255847682815,AutoARIMA
20437,mape,5.781326694659038,AutoARIMA
20440,mape,0.11666137979792746,AutoARIMA
20445,mape,0.9836774901729601,AutoARIMA
20446,mape,0.07546225973371215,AutoARIMA
20447,mape,2.248014376536785,AutoARIMA
20448,mape,9.99526806732755,AutoARIMA
20452,mape,0.159291404278384,AutoARIMA
20453,mape,0.538180918356944,AutoARIMA
20500,mape,0.6570863226752954,AutoARIMA
21007,mape,0.45985435059777013,AutoARIMA
21008,mape,,AutoARIMA
21035,mape,0.6900295984177361,AutoARIMA
21040,mape,0.6109462703267733,AutoARIMA
21059,mape,0.09765094917957241,AutoARIMA
21061,mape,0.33550494937680725,AutoARIMA
21080,mape,0.804602023691895,AutoARIMA
21084,mape,0.18819492909047064,AutoARIMA
21094,mape,2.055969716274759,AutoARIMA
21107,mape,0.43422046087859223,AutoARIMA
21121,mape,3.823382271159021,AutoARIMA
21131,mape,0.7395616044803541,AutoARIMA
21134,mape,1.0839030623435975,AutoARIMA
21136,mape,,AutoARIMA
21142,mape,0.15212268618002017,AutoARIMA
21147,mape,1.1869327425956726,AutoARIMA
21158,mape,,AutoARIMA
21160,mape,0.6482867707808813,AutoARIMA
21161,mape,0.19141997024319446,AutoARIMA
21167,mape,0.6851998804139288,AutoARIMA
21171,mape,0.19042223443774164,AutoARIMA
21186,mape,0.12371817562315197,AutoARIMA
21196,mape,0.5508237395337019,AutoARIMA
21202,mape,0.37228155290080267,AutoARIMA
21226,mape,0.2773638119336175,AutoARIMA
21231,mape,0.8385092696616909,AutoARIMA
21236,mape,0.9359090053552029,AutoARIMA
21258,mape,1.5899604848108053,AutoARIMA
21261,mape,0.046694544003472026,AutoARIMA
21262,mape,0.02848990736373435,AutoARIMA
21266,mape,0.3117727149246085,AutoARIMA
21271,mape,1.057740948840125,AutoARIMA
21306,mape,0.26698984844344004,AutoARIMA
21308,mape,0.4794040848574941,AutoARIMA
21309,mape,0.6395656260548446,AutoARIMA
21331,mape,0.5511347320344713,AutoARIMA
21342,mape,0.4722949758264811,AutoARIMA
21351,mape,0.13007354593610584,AutoARIMA
21352,mape,1.7353313181195325,AutoARIMA
21356,mape,0.6427914323510108,AutoARIMA
21361,mape,0.37070251151414874,AutoARIMA
21366,mape,0.9948799648379553,AutoARIMA
21376,mape,0.20245232233695606,AutoARIMA
21395,mape,0.0685662226240319,AutoARIMA
21402,mape,2.2948013033185686,AutoARIMA
21406,mape,0.38634681918404323,AutoARIMA
21407,mape,0.40840234855810803,AutoARIMA
21411,mape,0.29185644376967423,AutoARIMA
21416,mape,0.41760184266841865,AutoARIMA
21421,mape,0.17360802491505942,AutoARIMA
21423,mape,0.33598176011672387,AutoARIMA
21427,mape,0.3225674152699542,AutoARIMA
21433,mape,0.28676105850249256,AutoARIMA
21437,mape,0.1940948448860272,AutoARIMA
21439,mape,0.7605607990004933,AutoARIMA
21440,mape,0.3229623548652947,AutoARIMA
21447,mape,0.29125516793944617,AutoARIMA
21463,mape,0.04770877467922943,AutoARIMA
21467,mape,0.13805957118952691,AutoARIMA
21487,mape,0.48691516204486995,AutoARIMA
21492,mape,1.2889788048247148,AutoARIMA
21528,mape,0.264412729061687,AutoARIMA
21552,mape,0.09686962504299965,AutoARIMA
21557,mape,0.49626690138158963,AutoARIMA
21567,mape,0.4402837900776854,AutoARIMA
21568,mape,0.20801369628342184,AutoARIMA
21569,mape,1.5535173217455547,AutoARIMA
21578,mape,0.12058431046271813,AutoARIMA
21579,mape,0.5092460705942818,AutoARIMA
21580,mape,0.17493426427398695,AutoARIMA
21587,mape,1.0591655980610963,AutoARIMA
21590,mape,0.9807407932403761,AutoARIMA
21592,mape,0.09354764727428752,AutoARIMA
21605,mape,0.9311841633089712,AutoARIMA
21607,mape,0.1987673396419619,AutoARIMA
21608,mape,0.3176957906559053,AutoARIMA
21610,mape,0.2899191054992325,AutoARIMA
21611,mape,0.11144167539858,AutoARIMA
21615,mape,0.23584487901412127,AutoARIMA
21626,mape,0.23394190493312778,AutoARIMA
21629,mape,0.669439631895548,AutoARIMA
21635,mape,0.8632858438225166,AutoARIMA
21638,mape,0.16139069168014428,AutoARIMA
21646,mape,1.8247410528587573,AutoARIMA
21656,mape,0.42742292544780636,AutoARIMA
21659,mape,0.7778695118306983,AutoARIMA
21670,mape,0.2794392953240229,AutoARIMA
21674,mape,0.12819680725698002,AutoARIMA
21692,mape,0.12559344099154549,AutoARIMA
21694,mape,0.18363152876604355,AutoARIMA
19386,smape,0.1068344223762912,AutoARIMA
19392,smape,0.16506259959549968,AutoARIMA
19393,smape,0.07438427917943068,AutoARIMA
19514,smape,0.22896097959766631,AutoARIMA
19515,smape,0.1238734681992434,AutoARIMA
19517,smape,0.09264658768657014,AutoARIMA
19519,smape,0.09191266965390855,AutoARIMA
19520,smape,0.1254490081123244,AutoARIMA
19521,smape,0.3319031121879798,AutoARIMA
19522,smape,0.20957058754356087,AutoARIMA
19523,smape,0.07312297020645991,AutoARIMA
19524,smape,0.2166276642859418,AutoARIMA
19526,smape,0.044630441800650976,AutoARIMA
19527,smape,0.14244804758000165,AutoARIMA
19528,smape,0.3333333333333333,AutoARIMA
19529,smape,0.08995038022448416,AutoARIMA
19530,smape,0.13062260202465567,AutoARIMA
19531,smape,0.09569512465814907,AutoARIMA
19532,smape,0.06901068078597375,AutoARIMA
19533,smape,0.04400305582220405,AutoARIMA
19534,smape,0.15272635472940355,AutoARIMA
19535,smape,0.042253506778296035,AutoARIMA
19536,smape,0.14097065516449248,AutoARIMA
19537,smape,0.07774011761799561,AutoARIMA
19538,smape,0.11052962250971007,AutoARIMA
19539,smape,0.1741658742184411,AutoARIMA
19540,smape,0.07616686349611859,AutoARIMA
19541,smape,0.14232360679989642,AutoARIMA
19542,smape,0.05337638944231052,AutoARIMA
19543,smape,0.10868829164222017,AutoARIMA
19544,smape,0.10040658235693242,AutoARIMA
19545,smape,0.03322305219264041,AutoARIMA
19546,smape,0.10032722669084346,AutoARIMA
19547,smape,0.10822795923423344,AutoARIMA
19548,smape,0.025537314049286084,AutoARIMA
19549,smape,0.13478664444595292,AutoARIMA
19550,smape,0.03181253916702513,AutoARIMA
19551,smape,0.059885536784862116,AutoARIMA
19552,smape,0.036261550109457155,AutoARIMA
19553,smape,0.24852772739082163,AutoARIMA
19554,smape,0.06835336416430399,AutoARIMA
19555,smape,0.14423347450700397,AutoARIMA
19556,smape,0.25340378286648596,AutoARIMA
19557,smape,0.21250282658218633,AutoARIMA
19558,smape,0.08974218624674042,AutoARIMA
19559,smape,0.04122285041889857,AutoARIMA
19561,smape,0.2318858543320557,AutoARIMA
19562,smape,0.1510073454406178,AutoARIMA
19563,smape,0.06013578617137716,AutoARIMA
19564,smape,0.07989364652002023,AutoARIMA
19565,smape,0.05646871783659688,AutoARIMA
19566,smape,0.02479268100496807,AutoARIMA
19567,smape,0.23455692821978325,AutoARIMA
19568,smape,0.07430386738619964,AutoARIMA
19569,smape,0.11944236435385408,AutoARIMA
19570,smape,0.03042037301728205,AutoARIMA
19571,smape,0.04748943735100338,AutoARIMA
19572,smape,0.11806298191659909,AutoARIMA
19573,smape,0.13763949325358077,AutoARIMA
19574,smape,0.080221429400571,AutoARIMA
19575,smape,0.01877505950897553,AutoARIMA
19576,smape,0.1365081871961823,AutoARIMA
19577,smape,0.1185231985272094,AutoARIMA
19579,smape,0.43060057722726996,AutoARIMA
19580,smape,0.11497642316181629,AutoARIMA
19614,smape,0.12141706997114787,AutoARIMA
19616,smape,0.013653475124146941,AutoARIMA
19620,smape,0.15155088721730353,AutoARIMA
19623,smape,0.06803461380566836,AutoARIMA
19624,smape,0.061981222812818954,AutoARIMA
19635,smape,0.0,AutoARIMA
19650,smape,0.11328150177460795,AutoARIMA
19658,smape,0.5449807966807756,AutoARIMA
19662,smape,0.01146477351683156,AutoARIMA
19677,smape,0.22752755404438518,AutoARIMA
19678,smape,0.0,AutoARIMA
19682,smape,0.050041950639086924,AutoARIMA
19687,smape,0.046956374715354056,AutoARIMA
19690,smape,0.1189177726146348,AutoARIMA
19704,smape,0.061096166670427415,AutoARIMA
19728,smape,0.11490937696903226,AutoARIMA
19746,smape,0.0639369264057694,AutoARIMA
19747,smape,0.11733528321680398,AutoARIMA
19770,smape,0.093449415736011,AutoARIMA
19778,smape,0.19794917612063542,AutoARIMA
19779,smape,0.04869298594278043,AutoARIMA
19789,smape,0.23749474421866934,AutoARIMA
19790,smape,0.046079485550975,AutoARIMA
19791,smape,0.03659711765088086,AutoARIMA
19795,smape,0.01972160601569855,AutoARIMA
19804,smape,0.12591550188353587,AutoARIMA
19805,smape,0.05367492127847578,AutoARIMA
19812,smape,0.13901075536132235,AutoARIMA
19821,smape,0.30369616175858877,AutoARIMA
19829,smape,0.3427824993032622,AutoARIMA
19830,smape,0.243185594260371,AutoARIMA
19839,smape,0.19018364811788788,AutoARIMA
19840,smape,0.19081488698007057,AutoARIMA
19852,smape,0.10291199871113851,AutoARIMA
19855,smape,0.25434308564607055,AutoARIMA
19856,smape,0.3315509135050473,AutoARIMA
19858,smape,0.3160402429627911,AutoARIMA
19865,smape,0.1198848714398039,AutoARIMA
19869,smape,0.12004140549111725,AutoARIMA
19873,smape,0.16528874572644187,AutoARIMA
19874,smape,0.17037159739885255,AutoARIMA
19875,smape,0.14999188939849503,AutoARIMA
19891,smape,0.2702335135689964,AutoARIMA
19892,smape,0.11339784551993855,AutoARIMA
19893,smape,0.13489832854494857,AutoARIMA
19894,smape,0.18583449097211183,AutoARIMA
19895,smape,0.2576340971713002,AutoARIMA
19896,smape,0.500306733274306,AutoARIMA
19897,smape,0.258072570177001,AutoARIMA
19898,smape,0.30611211017725165,AutoARIMA
19900,smape,0.30838561944039655,AutoARIMA
19910,smape,0.823723689535238,AutoARIMA
19911,smape,0.045369456666487847,AutoARIMA
19912,smape,0.08607602384216721,AutoARIMA
19917,smape,0.0204611712587819,AutoARIMA
19930,smape,0.08360146758427396,AutoARIMA
19932,smape,0.19134143137469342,AutoARIMA
19933,smape,0.044130356874145606,AutoARIMA
19949,smape,0.1708699765616287,AutoARIMA
19952,smape,0.25240989891934607,AutoARIMA
19953,smape,0.07759873801934342,AutoARIMA
19954,smape,0.3529435113726822,AutoARIMA
19956,smape,0.2729774474165313,AutoARIMA
19958,smape,0.09072304813668107,AutoARIMA
19961,smape,0.21111741111971516,AutoARIMA
19972,smape,0.4224963357479305,AutoARIMA
19976,smape,0.3093182048298726,AutoARIMA
19977,smape,0.04727208433703493,AutoARIMA
19985,smape,0.3421695572223345,AutoARIMA
19991,smape,0.09991109510228299,AutoARIMA
19994,smape,0.16960534341582842,AutoARIMA
19995,smape,0.17546489459439268,AutoARIMA
19996,smape,0.11342003947438364,AutoARIMA
20003,smape,0.33509436763551653,AutoARIMA
20005,smape,0.03573674709083349,AutoARIMA
20007,smape,0.05305052918561495,AutoARIMA
20010,smape,0.17609350234369814,AutoARIMA
20016,smape,0.2094228285285358,AutoARIMA
20017,smape,0.08657875611347789,AutoARIMA
20019,smape,0.1646721993289329,AutoARIMA
20023,smape,0.22984891143952485,AutoARIMA
20025,smape,0.27411000742366864,AutoARIMA
20028,smape,0.14398199816638502,AutoARIMA
20029,smape,0.0728665630045913,AutoARIMA
20030,smape,0.33532280262635594,AutoARIMA
20034,smape,0.2529387958682256,AutoARIMA
20042,smape,0.1509193704282045,AutoARIMA
20043,smape,0.18460109580882525,AutoARIMA
20045,smape,0.16586500218306716,AutoARIMA
20046,smape,0.2724691672163716,AutoARIMA
20057,smape,0.16942129735667724,AutoARIMA
20059,smape,0.045598280335426136,AutoARIMA
20064,smape,0.13426708412569288,AutoARIMA
20065,smape,0.3242639111048606,AutoARIMA
20075,smape,0.06122844786865819,AutoARIMA
20080,smape,0.12827264239028946,AutoARIMA
20085,smape,0.18774864366235935,AutoARIMA
20088,smape,0.28353453426804914,AutoARIMA
20089,smape,0.07942392876402347,AutoARIMA
20090,smape,0.2610049357211131,AutoARIMA
20095,smape,0.6395673755653625,AutoARIMA
20100,smape,0.05331121317522191,AutoARIMA
20104,smape,0.1445231402197005,AutoARIMA
20105,smape,0.11239590169610032,AutoARIMA
20106,smape,0.5052793247115791,AutoARIMA
20107,smape,0.019642200348426647,AutoARIMA
20108,smape,0.5050053382531976,AutoARIMA
20110,smape,0.18313013393380032,AutoARIMA
20111,smape,0.07187572863383512,AutoARIMA
20114,smape,0.053159414393498736,AutoARIMA
20116,smape,0.11858751440539209,AutoARIMA
20119,smape,0.12435763667688132,AutoARIMA
20120,smape,0.2818412920398412,AutoARIMA
20123,smape,0.221717185982045,AutoARIMA
20127,smape,0.23750638283197667,AutoARIMA
20133,smape,0.04177104091998483,AutoARIMA
20136,smape,0.1661612167965735,AutoARIMA
20138,smape,0.09237177321335466,AutoARIMA
20140,smape,0.22361811137257284,AutoARIMA
20147,smape,0.4634097610468828,AutoARIMA
20148,smape,0.033972297919326426,AutoARIMA
20149,smape,0.15464144723584697,AutoARIMA
20151,smape,0.05754439137219285,AutoARIMA
20152,smape,0.5973582815897811,AutoARIMA
20153,smape,0.06475792810446224,AutoARIMA
20155,smape,0.2501221650016101,AutoARIMA
20156,smape,0.09086195306566511,AutoARIMA
20162,smape,0.11735294538450002,AutoARIMA
20166,smape,0.07803038562717679,AutoARIMA
20167,smape,0.09484421091214049,AutoARIMA
20169,smape,0.2019808763843634,AutoARIMA
20170,smape,0.4666859007392399,AutoARIMA
20173,smape,0.46310148477798063,AutoARIMA
20177,smape,0.1174708285452871,AutoARIMA
20183,smape,0.09867261879042626,AutoARIMA
20185,smape,0.03243571090339212,AutoARIMA
20188,smape,0.04633229417593278,AutoARIMA
20190,smape,0.0661277643363311,AutoARIMA
20191,smape,0.19235715947268678,AutoARIMA
20193,smape,0.48724619460211877,AutoARIMA
20194,smape,0.11938496280030969,AutoARIMA
20195,smape,0.20146189398880937,AutoARIMA
20200,smape,0.18872712733815666,AutoARIMA
20201,smape,0.3630842301948809,AutoARIMA
20203,smape,0.27792250054288536,AutoARIMA
20204,smape,0.23261073372846713,AutoARIMA
20206,smape,0.0955553568667651,AutoARIMA
20207,smape,0.22334925547897905,AutoARIMA
20208,smape,0.192383356674504,AutoARIMA
20209,smape,0.03864028652433643,AutoARIMA
20210,smape,0.10297376216663892,AutoARIMA
20211,smape,0.220746489884871,AutoARIMA
20213,smape,0.2407730449984594,AutoARIMA
20214,smape,0.2070467344831707,AutoARIMA
20216,smape,0.1274041667953849,AutoARIMA
20218,smape,0.3520134112775235,AutoARIMA
20221,smape,0.165565558245231,AutoARIMA
20222,smape,0.12200391816065949,AutoARIMA
20227,smape,0.22232442782384426,AutoARIMA
20229,smape,0.06907728355772143,AutoARIMA
20230,smape,0.31864060198544925,AutoARIMA
20231,smape,0.13176910025562938,AutoARIMA
20232,smape,0.3426424864459391,AutoARIMA
20233,smape,0.05079448632379416,AutoARIMA
20234,smape,0.23976064964135219,AutoARIMA
20237,smape,0.6849021004730909,AutoARIMA
20250,smape,0.06223596436453154,AutoARIMA
20253,smape,0.34502893974323784,AutoARIMA
20254,smape,0.31858112639338226,AutoARIMA
20263,smape,0.24796849557359207,AutoARIMA
20266,smape,0.20372003432823363,AutoARIMA
20268,smape,0.08043844818920778,AutoARIMA
20272,smape,0.47545732137056085,AutoARIMA
20277,smape,0.10535445697105912,AutoARIMA
20278,smape,0.41047020329113043,AutoARIMA
20280,smape,0.07313263485429117,AutoARIMA
20284,smape,0.10929638318061333,AutoARIMA
20286,smape,0.6847836124661212,AutoARIMA
20292,smape,0.22030692627806725,AutoARIMA
20293,smape,0.26013332053775046,AutoARIMA
20296,smape,0.15775226198847803,AutoARIMA
20302,smape,0.0,AutoARIMA
20303,smape,0.18853066833006887,AutoARIMA
20304,smape,0.06707867274396183,AutoARIMA
20305,smape,0.4290017990952387,AutoARIMA
20308,smape,0.22874348479238543,AutoARIMA
20309,smape,0.17142178236490183,AutoARIMA
20310,smape,0.23218877400660945,AutoARIMA
20312,smape,0.18967551062228236,AutoARIMA
20313,smape,0.12514997980917952,AutoARIMA
20314,smape,0.39570822761465557,AutoARIMA
20331,smape,0.10888489177830667,AutoARIMA
20334,smape,0.4456333143281291,AutoARIMA
20335,smape,0.4852628543846833,AutoARIMA
20344,smape,0.3155282604866799,AutoARIMA
20348,smape,0.03182892199098275,AutoARIMA
20355,smape,0.0817337382147709,AutoARIMA
20356,smape,0.08404268976108331,AutoARIMA
20357,smape,0.112431510441654,AutoARIMA
20359,smape,0.037033039328258494,AutoARIMA
20360,smape,0.1586747116104816,AutoARIMA
20362,smape,0.03465267444147721,AutoARIMA
20363,smape,0.11262612503962265,AutoARIMA
20364,smape,0.6369463208841305,AutoARIMA
20366,smape,0.11748966769111509,AutoARIMA
20368,smape,0.1767668957928294,AutoARIMA
20370,smape,0.06160368666846637,AutoARIMA
20372,smape,0.3113207830513687,AutoARIMA
20373,smape,0.10847759450531774,AutoARIMA
20374,smape,0.08944989417249491,AutoARIMA
20375,smape,0.2421389244893664,AutoARIMA
20377,smape,0.3450880733776116,AutoARIMA
20378,smape,0.04811172255159671,AutoARIMA
20380,smape,0.02582965482228118,AutoARIMA
20387,smape,0.9022948050575851,AutoARIMA
20392,smape,0.029349592434355642,AutoARIMA
20393,smape,0.10673751676750926,AutoARIMA
20394,smape,0.28726343023373524,AutoARIMA
20397,smape,0.24625687925003106,AutoARIMA
20398,smape,0.04669718528515931,AutoARIMA
20399,smape,0.3522457971992403,AutoARIMA
20400,smape,0.4022366422682272,AutoARIMA
20401,smape,0.204042322909596,AutoARIMA
20402,smape,0.19437712626310946,AutoARIMA
20405,smape,0.4278362766641589,AutoARIMA
20406,smape,0.19447865013447244,AutoARIMA
20408,smape,0.2530906771662644,AutoARIMA
20409,smape,0.05389059199452319,AutoARIMA
20414,smape,0.15265100193439787,AutoARIMA
20415,smape,0.37297624003907387,AutoARIMA
20416,smape,0.1714070686656741,AutoARIMA
20417,smape,0.4694193896483092,AutoARIMA
20418,smape,0.1615266631257324,AutoARIMA
20421,smape,0.23099863134005083,AutoARIMA
20422,smape,0.3058248486225646,AutoARIMA
20423,smape,0.236807648153628,AutoARIMA
20427,smape,0.30469799900871697,AutoARIMA
20428,smape,0.42877505060663496,AutoARIMA
20436,smape,0.1283126484684491,AutoARIMA
20437,smape,0.17719573218828477,AutoARIMA
20440,smape,0.055992048497020726,AutoARIMA
20445,smape,0.9680361318715747,AutoARIMA
20446,smape,0.03539842173957755,AutoARIMA
20447,smape,0.35011543948298907,AutoARIMA
20448,smape,0.40652384460884006,AutoARIMA
20452,smape,0.07280384670509862,AutoARIMA
20453,smape,0.1920489954214202,AutoARIMA
20500,smape,0.17291948766235027,AutoARIMA
21007,smape,0.27345790125628294,AutoARIMA
21008,smape,0.0,AutoARIMA
21035,smape,0.09678465049860131,AutoARIMA
21040,smape,0.10558805428438936,AutoARIMA
21059,smape,0.042748600059733986,AutoARIMA
21061,smape,0.12612910874260758,AutoARIMA
21080,smape,0.6437643389790354,AutoARIMA
21084,smape,0.06929717030591363,AutoARIMA
21094,smape,0.3844993724152865,AutoARIMA
21107,smape,0.17723365760420767,AutoARIMA
21121,smape,0.2221609846303592,AutoARIMA
21131,smape,0.16566677129500784,AutoARIMA
21134,smape,0.19949285303167755,AutoARIMA
21136,smape,0.0,AutoARIMA
21142,smape,0.07098443831849136,AutoARIMA
21147,smape,0.2827970760059448,AutoARIMA
21158,smape,0.0,AutoARIMA
21160,smape,0.23528389126440497,AutoARIMA
21161,smape,0.024300046940000423,AutoARIMA
21167,smape,0.17785157132823068,AutoARIMA
21171,smape,0.10130698320588796,AutoARIMA
21186,smape,0.054203890168762904,AutoARIMA
21196,smape,0.2552285605871381,AutoARIMA
21202,smape,0.15179236201808866,AutoARIMA
21226,smape,0.1077159261829229,AutoARIMA
21231,smape,0.7189745948859254,AutoARIMA
21236,smape,0.836163678916331,AutoARIMA
21258,smape,0.2567721160550625,AutoARIMA
21261,smape,0.02113924421861949,AutoARIMA
21262,smape,0.013916554051205145,AutoARIMA
21266,smape,0.0742991632692108,AutoARIMA
21271,smape,0.13154582671766255,AutoARIMA
21306,smape,0.06461862161395608,AutoARIMA
21308,smape,0.16308095770652178,AutoARIMA
21309,smape,0.24337480251022692,AutoARIMA
21331,smape,0.1275838921797777,AutoARIMA
21342,smape,0.32413901935183925,AutoARIMA
21351,smape,0.0711801107364535,AutoARIMA
21352,smape,0.35433653988218405,AutoARIMA
21356,smape,0.1473605175208938,AutoARIMA
21361,smape,0.2416373244920661,AutoARIMA
21366,smape,0.7700899716256275,AutoARIMA
21376,smape,0.11620077409470743,AutoARIMA
21395,smape,0.03183594152361527,AutoARIMA
21402,smape,0.2017961668700089,AutoARIMA
21406,smape,0.14470213449458394,AutoARIMA
21407,smape,0.1432889754725066,AutoARIMA
21411,smape,0.12050282300327403,AutoARIMA
21416,smape,0.14767263899065147,AutoARIMA
21421,smape,0.0314296904202089,AutoARIMA
21423,smape,0.1278916993963889,AutoARIMA
21427,smape,0.19731675522538,AutoARIMA
21433,smape,0.18329318711026787,AutoARIMA
21437,smape,0.08189753237134506,AutoARIMA
21439,smape,0.6801317360919474,AutoARIMA
21440,smape,0.1914404626252922,AutoARIMA
21447,smape,0.11583197942913372,AutoARIMA
21463,smape,0.02176245918744887,AutoARIMA
21467,smape,0.0713485994680765,AutoARIMA
21487,smape,0.16429365046332878,AutoARIMA
21492,smape,0.28655426602403133,AutoARIMA
21528,smape,0.11078581010008894,AutoARIMA
21552,smape,0.04372620843209078,AutoARIMA
21557,smape,0.09398054879219027,AutoARIMA
21567,smape,0.17966329872239412,AutoARIMA
21568,smape,0.10264076505849948,AutoARIMA
21569,smape,0.05956827413109938,AutoARIMA
21578,smape,0.05529442266903424,AutoARIMA
21579,smape,0.16908539582650717,AutoARIMA
21580,smape,0.08307798737457948,AutoARIMA
21587,smape,0.28964657603650834,AutoARIMA
21590,smape,0.2282656567515062,AutoARIMA
21592,smape,0.04304998583169047,AutoARIMA
21605,smape,0.9183240888233636,AutoARIMA
21607,smape,0.09326273886937307,AutoARIMA
21608,smape,0.11903421156038786,AutoARIMA
21610,smape,0.17565239545162603,AutoARIMA
21611,smape,0.05253497673670877,AutoARIMA
21615,smape,0.1331541150641665,AutoARIMA
21626,smape,0.10504529560716322,AutoARIMA
21629,smape,0.5459031975335916,AutoARIMA
21635,smape,0.25816696432278274,AutoARIMA
21638,smape,0.087139075656323,AutoARIMA
21646,smape,0.2499449554231329,AutoARIMA
21656,smape,0.20483761570035117,AutoARIMA
21659,smape,0.20837270422867765,AutoARIMA
21670,smape,0.18356107833000057,AutoARIMA
21674,smape,0.06544849284239322,AutoARIMA
21692,smape,0.060582307452522875,AutoARIMA
21694,smape,0.09461369742275842,AutoARIMA
19386,mae,903.8053927951389,AutoETS
19392,mae,36.386224534776474,AutoETS
19393,mae,509.09727647569446,AutoETS
19514,mae,5.73443067073822,AutoETS
19515,mae,46.40961371527778,AutoETS
19517,mae,4.614269680447048,AutoETS
19519,mae,14.361365823184743,AutoETS
19520,mae,5.405162538800921,AutoETS
19521,mae,40.90746392144097,AutoETS
19522,mae,57.808017306857636,AutoETS
19523,mae,244.2763671875,AutoETS
19524,mae,15.341790093315971,AutoETS
19526,mae,2.843258327907986,AutoETS
19527,mae,24.214575873480904,AutoETS
19528,mae,21.165566603342693,AutoETS
19529,mae,52.056115044487846,AutoETS
19530,mae,5.306765450371636,AutoETS
19531,mae,649.5017361111111,AutoETS
19532,mae,191.06632486979166,AutoETS
19533,mae,25.09796142578125,AutoETS
19534,mae,506.85682508680554,AutoETS
19535,mae,31.21039326985677,AutoETS
19536,mae,37.259473164876304,AutoETS
19537,mae,137.29231770833334,AutoETS
19538,mae,37.33217281765408,AutoETS
19539,mae,134.05635579427084,AutoETS
19540,mae,387.05615234375,AutoETS
19541,mae,17.411802404067096,AutoETS
19542,mae,60.67414008246528,AutoETS
19543,mae,128.85064019097223,AutoETS
19544,mae,38.91937934027778,AutoETS
19545,mae,26.767588297526043,AutoETS
19546,mae,414.2225646972656,AutoETS
19547,mae,101.0023193359375,AutoETS
19548,mae,56.06513129340278,AutoETS
19549,mae,108.65974934895833,AutoETS
19550,mae,107.41586642795139,AutoETS
19551,mae,75.71525743272569,AutoETS
19552,mae,30.289181179470486,AutoETS
19553,mae,16.772340562608505,AutoETS
19554,mae,499.5906168619792,AutoETS
19555,mae,113.62110392252605,AutoETS
19556,mae,54.31598917643229,AutoETS
19557,mae,47.43986172146268,AutoETS
19558,mae,43.7706298828125,AutoETS
19559,mae,228.53119574652777,AutoETS
19561,mae,13.33144505818685,AutoETS
19562,mae,132.742431640625,AutoETS
19563,mae,1.8888888888888888,AutoETS
19564,mae,62.94794379340278,AutoETS
19565,mae,5.981798957375919,AutoETS
19566,mae,22.564544677734375,AutoETS
19567,mae,56.145423041449654,AutoETS
19568,mae,29.890279134114582,AutoETS
19569,mae,5.111133151584202,AutoETS
19570,mae,8.976951175265842,AutoETS
19571,mae,58.667724609375,AutoETS
19572,mae,110.03421200022979,AutoETS
19573,mae,64.61191134982639,AutoETS
19574,mae,143.3423326280382,AutoETS
19575,mae,16.492944929334854,AutoETS
19576,mae,83.55521986219618,AutoETS
19577,mae,259.9538251091452,AutoETS
19579,mae,4.581533544203815,AutoETS
19580,mae,13.52754635281033,AutoETS
19614,mae,19.5681766933865,AutoETS
19616,mae,1.5835872226291232,AutoETS
19620,mae,3.60575989314488,AutoETS
19623,mae,132.19184366861978,AutoETS
19624,mae,21.307627360026043,AutoETS
19635,mae,,AutoETS
19650,mae,70.27070617675781,AutoETS
19658,mae,20.994752443753757,AutoETS
19662,mae,1.3843201531304254,AutoETS
19677,mae,25.72715669519761,AutoETS
19678,mae,,AutoETS
19682,mae,217.78921847873264,AutoETS
19687,mae,112.82756890190973,AutoETS
19690,mae,65.41705322265625,AutoETS
19704,mae,958.4588216145834,AutoETS
19728,mae,2.247423145506117,AutoETS
19746,mae,5.673230912950304,AutoETS
19747,mae,14.450701395670572,AutoETS
19770,mae,548.4330715603298,AutoETS
19778,mae,36.45148849487305,AutoETS
19779,mae,95.13433159722223,AutoETS
19789,mae,29.117404090033638,AutoETS
19790,mae,1111.0,AutoETS
19791,mae,60.71716986762153,AutoETS
19795,mae,1.4215562608506944,AutoETS
19804,mae,5.419321901658002,AutoETS
19805,mae,1605.020724826389,AutoETS
19812,mae,29.552936130099827,AutoETS
19821,mae,774.3143039279514,AutoETS
19829,mae,73.39273974299431,AutoETS
19830,mae,57.765719943576386,AutoETS
19839,mae,37.64686414930556,AutoETS
19840,mae,2.358535554673937,AutoETS
19852,mae,134.50184461805554,AutoETS
19855,mae,1.499987284342448,AutoETS
19856,mae,25.72825876871745,AutoETS
19858,mae,16.000214304242814,AutoETS
19865,mae,15.280131022135416,AutoETS
19869,mae,15.999539184570313,AutoETS
19873,mae,84.89379374186198,AutoETS
19874,mae,24.647533416748047,AutoETS
19875,mae,77.46331108940973,AutoETS
19891,mae,9.177435768975151,AutoETS
19892,mae,17.391482162475587,AutoETS
19893,mae,28.339564853244358,AutoETS
19894,mae,16.854127671983505,AutoETS
19895,mae,12.072851419448853,AutoETS
19896,mae,13.424898932961856,AutoETS
19897,mae,8.563371234469944,AutoETS
19898,mae,89.00654432508681,AutoETS
19900,mae,10.711393144395617,AutoETS
19910,mae,17.6741462983191,AutoETS
19911,mae,22.77690972222222,AutoETS
19912,mae,33.345597161187065,AutoETS
19917,mae,99.86378987630208,AutoETS
19930,mae,261.4313015407986,AutoETS
19932,mae,33.8,AutoETS
19933,mae,38.09605407714844,AutoETS
19949,mae,6.623270034790039,AutoETS
19952,mae,124.72944810655382,AutoETS
19953,mae,36.20919581821987,AutoETS
19954,mae,5.439409192403158,AutoETS
19956,mae,31.239725748697918,AutoETS
19958,mae,58.86215379503038,AutoETS
19961,mae,100.70592319264131,AutoETS
19972,mae,24.86425517155574,AutoETS
19976,mae,17.24633731842041,AutoETS
19977,mae,1490.0738932291667,AutoETS
19985,mae,4.8303503148696,AutoETS
19991,mae,229.0844930013021,AutoETS
19994,mae,36.18872324625651,AutoETS
19995,mae,65.96615770128038,AutoETS
19996,mae,40.051649729410805,AutoETS
20003,mae,12.315791659884983,AutoETS
20005,mae,47.90263197157118,AutoETS
20007,mae,68.27070448133681,AutoETS
20010,mae,23.101885477701824,AutoETS
20016,mae,187.43023681640625,AutoETS
20017,mae,136.49774848090277,AutoETS
20019,mae,58.4989013671875,AutoETS
20023,mae,19.04471074617826,AutoETS
20025,mae,45.55449255307516,AutoETS
20028,mae,18.257442898220486,AutoETS
20029,mae,17.97746361626519,AutoETS
20030,mae,1.3842561841011047,AutoETS
20034,mae,5.375309586524963,AutoETS
20042,mae,16.714932335747612,AutoETS
20043,mae,7.886749479505751,AutoETS
20045,mae,4.272779252794054,AutoETS
20046,mae,413.4392361111111,AutoETS
20057,mae,11.46640353732639,AutoETS
20059,mae,8.691785600450304,AutoETS
20064,mae,7.305246988932292,AutoETS
20065,mae,127.57093048095703,AutoETS
20075,mae,7.66533301858341,AutoETS
20080,mae,5.222288979424371,AutoETS
20085,mae,19.444444444444443,AutoETS
20088,mae,96.30988311767578,AutoETS
20089,mae,2.6045197879566864,AutoETS
20090,mae,151.09488201141357,AutoETS
20095,mae,28.481741163465713,AutoETS
20100,mae,27.430118136935764,AutoETS
20104,mae,10.66638904147678,AutoETS
20105,mae,8.255970425075954,AutoETS
20106,mae,25.00971720499151,AutoETS
20107,mae,85.57219780815973,AutoETS
20108,mae,39.48884688483344,AutoETS
20110,mae,3.1690847078959146,AutoETS
20111,mae,15.79751925998264,AutoETS
20114,mae,0.8487963146633573,AutoETS
20116,mae,113.55609130859375,AutoETS
20119,mae,32.85339482625326,AutoETS
20120,mae,164.73101467556424,AutoETS
20123,mae,25.63264975282881,AutoETS
20127,mae,67.1655569637523,AutoETS
20133,mae,35.395168728298614,AutoETS
20136,mae,5.920809213931744,AutoETS
20138,mae,9.996220906575521,AutoETS
20140,mae,36.25269020928277,AutoETS
20147,mae,145.9297858344184,AutoETS
20148,mae,5.420767042371962,AutoETS
20149,mae,23.464923858642578,AutoETS
20151,mae,31.987040201822918,AutoETS
20152,mae,163.6009046766493,AutoETS
20153,mae,27.315101623535156,AutoETS
20155,mae,101.68409729003906,AutoETS
20156,mae,16.236328125,AutoETS
20162,mae,47.20521724925322,AutoETS
20166,mae,29.15737575954861,AutoETS
20167,mae,103.44486999511719,AutoETS
20169,mae,2.142857142857143,AutoETS
20170,mae,710.459159342448,AutoETS
20173,mae,247.17132229275174,AutoETS
20177,mae,9.160607231987846,AutoETS
20183,mae,9.613870408799913,AutoETS
20185,mae,31.632090250651043,AutoETS
20188,mae,22.22222222222222,AutoETS
20190,mae,26.330301621380976,AutoETS
20191,mae,68.12694634331598,AutoETS
20193,mae,181.19959513346353,AutoETS
20194,mae,100.85281032986111,AutoETS
20195,mae,77.48325856526692,AutoETS
20200,mae,90.29148356119792,AutoETS
20201,mae,62.74585645339068,AutoETS
20203,mae,67.15116712782118,AutoETS
20204,mae,88.69422573513455,AutoETS
20206,mae,701.3109809027778,AutoETS
20207,mae,120.22874450683594,AutoETS
20208,mae,34.44453260633681,AutoETS
20209,mae,6.107304043240017,AutoETS
20210,mae,18.900789533342635,AutoETS
20211,mae,372.2757839626736,AutoETS
20213,mae,3.3261084276087143,AutoETS
20214,mae,3.193087027623103,AutoETS
20216,mae,15.0,AutoETS
20218,mae,54.764610290527344,AutoETS
20221,mae,4.46805477142334,AutoETS
20222,mae,6.8167368570963545,AutoETS
20227,mae,16.893839094373917,AutoETS
20229,mae,592.9703911675347,AutoETS
20230,mae,28.07273186577691,AutoETS
20231,mae,50.144812689887154,AutoETS
20232,mae,52.507167392306854,AutoETS
20233,mae,54.54352484809028,AutoETS
20234,mae,43.082800971137154,AutoETS
20237,mae,415.3842468261719,AutoETS
20250,mae,128.85356987847223,AutoETS
20253,mae,108.52891794840495,AutoETS
20254,mae,401.5831298828125,AutoETS
20263,mae,2.865602281358507,AutoETS
20266,mae,2.215717633565267,AutoETS
20268,mae,3.3958281411064997,AutoETS
20272,mae,213.27932739257812,AutoETS
20277,mae,101.20118882921007,AutoETS
20278,mae,43.44506496853299,AutoETS
20280,mae,60.610799153645836,AutoETS
20284,mae,16.22634506225586,AutoETS
20286,mae,204.94215308295355,AutoETS
20292,mae,71.77867804633246,AutoETS
20293,mae,1240.6351996527778,AutoETS
20296,mae,23.086167279411764,AutoETS
20302,mae,,AutoETS
20303,mae,6.8163752836339615,AutoETS
20304,mae,409.93480088975696,AutoETS
20305,mae,15.883486376868355,AutoETS
20308,mae,32.329556465148926,AutoETS
20309,mae,15.55515628390842,AutoETS
20310,mae,46.23626349954044,AutoETS
20312,mae,44.55160692003038,AutoETS
20313,mae,70.78934902615018,AutoETS
20314,mae,5.19233455657959,AutoETS
20331,mae,13.681979560852051,AutoETS
20334,mae,123.0756238301595,AutoETS
20335,mae,67.08665188876066,AutoETS
20344,mae,246.66722717285157,AutoETS
20348,mae,3.5085856119791665,AutoETS
20355,mae,650.42138671875,AutoETS
20356,mae,16.3578126695421,AutoETS
20357,mae,11.900324503580729,AutoETS
20359,mae,1.5,AutoETS
20360,mae,65.57162560356988,AutoETS
20362,mae,8.182801988389757,AutoETS
20363,mae,224.85934109157986,AutoETS
20364,mae,52.77804480658637,AutoETS
20366,mae,361.888671875,AutoETS
20368,mae,13.666666666666666,AutoETS
20370,mae,37.628997802734375,AutoETS
20372,mae,20.25009028116862,AutoETS
20373,mae,4.356234073638916,AutoETS
20374,mae,756.8053927951389,AutoETS
20375,mae,13.929746839735243,AutoETS
20377,mae,58.984152475992836,AutoETS
20378,mae,204.05300564236111,AutoETS
20380,mae,3.029142043169807,AutoETS
20387,mae,24.874643961588543,AutoETS
20392,mae,54.95808580186632,AutoETS
20393,mae,299.776123046875,AutoETS
20394,mae,67.66755676269531,AutoETS
20397,mae,155.92854817708334,AutoETS
20398,mae,194.20987955729166,AutoETS
20399,mae,124.950015174018,AutoETS
20400,mae,71.45343344552177,AutoETS
20401,mae,378.40597195095484,AutoETS
20402,mae,19.46515161850873,AutoETS
20405,mae,19.571878963046604,AutoETS
20406,mae,1.5799918174743652,AutoETS
20408,mae,4.345221042633057,AutoETS
20409,mae,697.3666449652778,AutoETS
20414,mae,558.271497938368,AutoETS
20415,mae,4.922606574164496,AutoETS
20416,mae,481.8829820421007,AutoETS
20417,mae,517.6194864908854,AutoETS
20418,mae,111.11111111111111,AutoETS
20421,mae,153.02359008789062,AutoETS
20422,mae,183.97722880045572,AutoETS
20423,mae,359.4840545654297,AutoETS
20427,mae,156.83489990234375,AutoETS
20428,mae,8.340413199530708,AutoETS
20436,mae,157.43088107638889,AutoETS
20437,mae,388.03302680121527,AutoETS
20440,mae,14.055555555555555,AutoETS
20445,mae,251.82971954345703,AutoETS
20446,mae,13.275018056233725,AutoETS
20447,mae,117.75646434110753,AutoETS
20448,mae,334.0570339626736,AutoETS
20452,mae,215.57030571831598,AutoETS
20453,mae,107.10067749023438,AutoETS
20500,mae,103.55747477213542,AutoETS
21007,mae,3.2718544002208443,AutoETS
21008,mae,,AutoETS
21035,mae,1.12239670753479,AutoETS
21040,mae,12.28816282749176,AutoETS
21059,mae,2.6666776869032116,AutoETS
21061,mae,79.71819170783547,AutoETS
21080,mae,316.933709886339,AutoETS
21084,mae,9.162871890597874,AutoETS
21094,mae,7.9487645626068115,AutoETS
21107,mae,100.16696675618489,AutoETS
21121,mae,62.67810736762153,AutoETS
21131,mae,1.5994161878313338,AutoETS
21134,mae,1.8725900650024414,AutoETS
21136,mae,,AutoETS
21142,mae,9.098597208658854,AutoETS
21147,mae,3.1426243146260577,AutoETS
21158,mae,,AutoETS
21160,mae,2.8544600009918213,AutoETS
21161,mae,172.84414672851562,AutoETS
21167,mae,263.6922200520833,AutoETS
21171,mae,46.828531901041664,AutoETS
21186,mae,0.9523789087931315,AutoETS
21196,mae,2.07359955045912,AutoETS
21202,mae,2.141252729627821,AutoETS
21226,mae,275.9492458767361,AutoETS
21231,mae,76.83333333333333,AutoETS
21236,mae,51.970044907401586,AutoETS
21258,mae,61.49727545844184,AutoETS
21261,mae,2.364044613308377,AutoETS
21262,mae,20.33313666449653,AutoETS
21266,mae,3.214871406555176,AutoETS
21271,mae,80.61262342664931,AutoETS
21306,mae,0.6236057111195156,AutoETS
21308,mae,1.766752004623413,AutoETS
21309,mae,3.277656634648641,AutoETS
21331,mae,1.2677731646431818,AutoETS
21342,mae,131.83353169759116,AutoETS
21351,mae,178.89508734809027,AutoETS
21352,mae,9.024235781501321,AutoETS
21356,mae,18.333741929796005,AutoETS
21361,mae,190.22718641493054,AutoETS
21366,mae,92.50403376988002,AutoETS
21376,mae,24.230799357096355,AutoETS
21395,mae,9.274443732367622,AutoETS
21402,mae,2.409726824079241,AutoETS
21406,mae,1.082828933542425,AutoETS
21407,mae,0.8508662382761637,AutoETS
21411,mae,144.63302196155894,AutoETS
21416,mae,41.41159227159288,AutoETS
21421,mae,0.9412280321121216,AutoETS
21423,mae,1.3295996372516339,AutoETS
21427,mae,31.053596920437283,AutoETS
21433,mae,40.9630249871148,AutoETS
21437,mae,25.299767886891086,AutoETS
21439,mae,2156.4232799305637,AutoETS
21440,mae,6.288356304168701,AutoETS
21447,mae,1.4062039852142334,AutoETS
21463,mae,2.441265106201172,AutoETS
21467,mae,3.2958139531752644,AutoETS
21487,mae,55.8291982014974,AutoETS
21492,mae,53.33149973551432,AutoETS
21528,mae,51.55001025729709,AutoETS
21552,mae,1.4448714536779068,AutoETS
21557,mae,14.17146725124783,AutoETS
21567,mae,32.222389221191406,AutoETS
21568,mae,12.156619801240808,AutoETS
21569,mae,2.303865830103556,AutoETS
21578,mae,371.7672932942708,AutoETS
21579,mae,252.19470893012152,AutoETS
21580,mae,4.214192708333333,AutoETS
21587,mae,37.34577772352431,AutoETS
21590,mae,2.3860769271850586,AutoETS
21592,mae,37.456172943115234,AutoETS
21605,mae,145.11121112770505,AutoETS
21607,mae,5.455732981363933,AutoETS
21608,mae,11.621055603027344,AutoETS
21610,mae,598.3089192708334,AutoETS
21611,mae,339.90717230902777,AutoETS
21615,mae,7.732872856987847,AutoETS
21626,mae,21.03521177503798,AutoETS
21629,mae,30.692942301432293,AutoETS
21635,mae,6.3295349544949,AutoETS
21638,mae,41.10958014594184,AutoETS
21646,mae,2.551528974012895,AutoETS
21656,mae,1.6039110880631666,AutoETS
21659,mae,22.619001176622177,AutoETS
21670,mae,76.13048476146326,AutoETS
21674,mae,41.809539794921875,AutoETS
21692,mae,0.9990049600601196,AutoETS
21694,mae,3.6850352817111545,AutoETS
19386,mse,1144653.456801547,AutoETS
19392,mse,2050.099708020176,AutoETS
19393,mse,332290.87672257423,AutoETS
19514,mse,42.23185538800408,AutoETS
19515,mse,3927.1694718003273,AutoETS
19517,mse,48.043660413499715,AutoETS
19519,mse,345.22983043295716,AutoETS
19520,mse,71.22898298521874,AutoETS
19521,mse,2196.8434439901675,AutoETS
19522,mse,5161.532297048718,AutoETS
19523,mse,119517.15786055062,AutoETS
19524,mse,292.4476078024923,AutoETS
19526,mse,15.966350205475464,AutoETS
19527,mse,873.5465245936325,AutoETS
19528,mse,662.1200985294244,AutoETS
19529,mse,6943.94679531217,AutoETS
19530,mse,54.39902644484836,AutoETS
19531,mse,830232.2354367574,AutoETS
19532,mse,55852.25936990976,AutoETS
19533,mse,1218.621097946436,AutoETS
19534,mse,346421.272709979,AutoETS
19535,mse,1520.7864559435595,AutoETS
19536,mse,2003.10607353063,AutoETS
19537,mse,23063.15773487753,AutoETS
19538,mse,1969.0523012395456,AutoETS
19539,mse,26140.34596746177,AutoETS
19540,mse,332112.18137256306,AutoETS
19541,mse,848.2378324742621,AutoETS
19542,mse,6808.805362483279,AutoETS
19543,mse,39467.28605719573,AutoETS
19544,mse,3372.3910859690773,AutoETS
19545,mse,1339.7644789654555,AutoETS
19546,mse,213240.0116435875,AutoETS
19547,mse,15314.410195480204,AutoETS
19548,mse,5723.386961527996,AutoETS
19549,mse,17405.274461911784,AutoETS
19550,mse,26142.897441410358,AutoETS
19551,mse,9193.38741305843,AutoETS
19552,mse,1659.9775877985069,AutoETS
19553,mse,372.6102533806374,AutoETS
19554,mse,353928.8448686633,AutoETS
19555,mse,19236.553869994772,AutoETS
19556,mse,8897.229980337019,AutoETS
19557,mse,3698.2356590357763,AutoETS
19558,mse,2513.3172679382064,AutoETS
19559,mse,116647.592580186,AutoETS
19561,mse,245.25177139949423,AutoETS
19562,mse,27827.838463705448,AutoETS
19563,mse,8.028229356025905,AutoETS
19564,mse,6017.527934182021,AutoETS
19565,mse,94.00949670505703,AutoETS
19566,mse,939.7000450633673,AutoETS
19567,mse,6240.685368195538,AutoETS
19568,mse,1110.0984356241922,AutoETS
19569,mse,65.77707252198726,AutoETS
19570,mse,203.13928104444574,AutoETS
19571,mse,6716.399586896102,AutoETS
19572,mse,13093.123544854496,AutoETS
19573,mse,7434.868869208731,AutoETS
19574,mse,27790.77298053685,AutoETS
19575,mse,374.4357350751557,AutoETS
19576,mse,11204.986234195634,AutoETS
19577,mse,86051.15381863384,AutoETS
19579,mse,24.64080783021157,AutoETS
19580,mse,280.8439883632236,AutoETS
19614,mse,436.4555593447197,AutoETS
19616,mse,3.5060610531509155,AutoETS
19620,mse,17.352188857924894,AutoETS
19623,mse,36479.66661024694,AutoETS
19624,mse,832.7877995054134,AutoETS
19635,mse,,AutoETS
19650,mse,7393.660657310781,AutoETS
19658,mse,811.7149873311472,AutoETS
19662,mse,3.644417639254243,AutoETS
19677,mse,1152.571466374978,AutoETS
19678,mse,,AutoETS
19682,mse,83558.01866441054,AutoETS
19687,mse,18680.21237057613,AutoETS
19690,mse,5723.307519002507,AutoETS
19704,mse,1238760.8153368896,AutoETS
19728,mse,7.571179556320696,AutoETS
19746,mse,82.5403927693082,AutoETS
19747,mse,341.60219824175067,AutoETS
19770,mse,1709591.5367408304,AutoETS
19778,mse,2075.3766438825137,AutoETS
19779,mse,30912.93449797233,AutoETS
19789,mse,1728.0016823509714,AutoETS
19790,mse,2146784.708767361,AutoETS
19791,mse,4852.656378011323,AutoETS
19795,mse,3.4307111725987247,AutoETS
19804,mse,99.00226786686969,AutoETS
19805,mse,4173069.314588865,AutoETS
19812,mse,1411.6609381815588,AutoETS
19821,mse,687534.5165167269,AutoETS
19829,mse,8086.8657244769565,AutoETS
19830,mse,4720.5045855358085,AutoETS
19839,mse,1848.9208869607085,AutoETS
19840,mse,7.379151917910349,AutoETS
19852,mse,36096.887915988766,AutoETS
19855,mse,2.8533086928202636,AutoETS
19856,mse,829.2324602971125,AutoETS
19858,mse,273.0154321558718,AutoETS
19865,mse,392.7163862841825,AutoETS
19869,mse,903.9318046251777,AutoETS
19873,mse,12323.073334059833,AutoETS
19874,mse,644.0723321011402,AutoETS
19875,mse,10951.422549421588,AutoETS
19891,mse,107.31483346650404,AutoETS
19892,mse,371.4869922141464,AutoETS
19893,mse,838.813034836675,AutoETS
19894,mse,439.47756468355266,AutoETS
19895,mse,249.75450882077348,AutoETS
19896,mse,289.3144165505518,AutoETS
19897,mse,91.78644443688528,AutoETS
19898,mse,9477.599505232854,AutoETS
19900,mse,132.6700484385316,AutoETS
19910,mse,357.81451516377587,AutoETS
19911,mse,848.1999385621813,AutoETS
19912,mse,2021.9261871144408,AutoETS
19917,mse,15131.447352979747,AutoETS
19930,mse,90412.98314961501,AutoETS
19932,mse,1552.6,AutoETS
19933,mse,2150.011299988203,AutoETS
19949,mse,58.15944238473134,AutoETS
19952,mse,22493.82102743464,AutoETS
19953,mse,1890.9032599191248,AutoETS
19954,mse,37.62938912388048,AutoETS
19956,mse,1464.1527052459617,AutoETS
19958,mse,18891.578065215144,AutoETS
19961,mse,17782.018856282815,AutoETS
19972,mse,908.0772162886983,AutoETS
19976,mse,657.7981521540574,AutoETS
19977,mse,3661337.5223015677,AutoETS
19985,mse,24.750969285468113,AutoETS
19991,mse,69205.66070018626,AutoETS
19994,mse,2008.3515787601937,AutoETS
19995,mse,7051.475862503207,AutoETS
19996,mse,2419.894700190877,AutoETS
20003,mse,188.77269213117768,AutoETS
20005,mse,4014.6854182959846,AutoETS
20007,mse,6121.943665875743,AutoETS
20010,mse,622.4748904026281,AutoETS
20016,mse,49902.13377030691,AutoETS
20017,mse,24497.478276699367,AutoETS
20019,mse,5242.887258584301,AutoETS
20023,mse,534.4426266068854,AutoETS
20025,mse,2441.767347323735,AutoETS
20028,mse,492.54509158878096,AutoETS
20029,mse,467.5555668486308,AutoETS
20030,mse,3.5257902949486444,AutoETS
20034,mse,43.875315720529215,AutoETS
20042,mse,394.36576599916344,AutoETS
20043,mse,90.03106426606448,AutoETS
20045,mse,37.0208153315422,AutoETS
20046,mse,230221.81429714628,AutoETS
20057,mse,196.9632524057395,AutoETS
20059,mse,168.0176675277536,AutoETS
20064,mse,70.0187002840814,AutoETS
20065,mse,24006.684909503274,AutoETS
20075,mse,83.48235229027854,AutoETS
20080,mse,38.44600215260329,AutoETS
20085,mse,716.2135490670657,AutoETS
20088,mse,15149.69289995353,AutoETS
20089,mse,9.528283287203521,AutoETS
20090,mse,32883.20643013857,AutoETS
20095,mse,923.9009377273485,AutoETS
20100,mse,1756.8059984887432,AutoETS
20104,mse,164.88089353314555,AutoETS
20105,mse,139.40213574854715,AutoETS
20106,mse,1154.9722371144778,AutoETS
20107,mse,12384.16568210721,AutoETS
20108,mse,2123.738456747135,AutoETS
20110,mse,12.487832593316702,AutoETS
20111,mse,640.1794549964575,AutoETS
20114,mse,1.4794654633810498,AutoETS
20116,mse,22449.550777372802,AutoETS
20119,mse,1831.4047599678515,AutoETS
20120,mse,33784.50826003149,AutoETS
20123,mse,957.1465662458767,AutoETS
20127,mse,9283.485945251785,AutoETS
20133,mse,2925.31827419096,AutoETS
20136,mse,45.588526126477255,AutoETS
20138,mse,121.43744990935859,AutoETS
20140,mse,1646.766455179614,AutoETS
20147,mse,35254.57341931191,AutoETS
20148,mse,41.13694425362499,AutoETS
20149,mse,866.4799493094405,AutoETS
20151,mse,1694.6253553765516,AutoETS
20152,mse,27406.836257931674,AutoETS
20153,mse,1025.5109162050326,AutoETS
20155,mse,11432.544530579018,AutoETS
20156,mse,363.6508933769332,AutoETS
20162,mse,3029.3842810866395,AutoETS
20166,mse,3559.6281009453037,AutoETS
20167,mse,14225.854880767823,AutoETS
20169,mse,10.243716355778743,AutoETS
20170,mse,511658.33264913334,AutoETS
20173,mse,74443.23355160168,AutoETS
20177,mse,148.85862476393717,AutoETS
20183,mse,208.12060872988593,AutoETS
20185,mse,2335.168565153455,AutoETS
20188,mse,885.0107576687975,AutoETS
20190,mse,1042.6176977152252,AutoETS
20191,mse,7500.636179228727,AutoETS
20193,mse,38601.340302264216,AutoETS
20194,mse,13723.419071088649,AutoETS
20195,mse,8175.180291939851,AutoETS
20200,mse,9169.45228952066,AutoETS
20201,mse,4891.093622055413,AutoETS
20203,mse,6678.933770849577,AutoETS
20204,mse,13153.449086216531,AutoETS
20206,mse,1072141.0603462523,AutoETS
20207,mse,14521.617672356699,AutoETS
20208,mse,1985.5805055284873,AutoETS
20209,mse,245.97868048374787,AutoETS
20210,mse,446.07727412450396,AutoETS
20211,mse,270721.21299214,AutoETS
20213,mse,14.850967055174271,AutoETS
20214,mse,12.834858020412813,AutoETS
20216,mse,396.61473621808466,AutoETS
20218,mse,4043.1469152733334,AutoETS
20221,mse,28.31426478651388,AutoETS
20222,mse,141.20527415609428,AutoETS
20227,mse,326.2042684823989,AutoETS
20229,mse,530146.0958277285,AutoETS
20230,mse,1693.7079798673449,AutoETS
20231,mse,3543.6841341920403,AutoETS
20232,mse,3677.2565395802117,AutoETS
20233,mse,9540.088501719965,AutoETS
20234,mse,2245.2632117065496,AutoETS
20237,mse,180303.05688634608,AutoETS
20250,mse,29426.636524322133,AutoETS
20253,mse,21559.67526491862,AutoETS
20254,mse,174902.2725686886,AutoETS
20263,mse,8.62070754278789,AutoETS
20266,mse,6.674029292588602,AutoETS
20268,mse,28.92465853149103,AutoETS
20272,mse,60252.598688285594,AutoETS
20277,mse,30100.754184856803,AutoETS
20278,mse,2759.538766055219,AutoETS
20280,mse,5038.90529575323,AutoETS
20284,mse,448.97284550796655,AutoETS
20286,mse,72468.5805560572,AutoETS
20292,mse,6094.351461585223,AutoETS
20293,mse,2275936.5659014382,AutoETS
20296,mse,714.5670616263182,AutoETS
20302,mse,,AutoETS
20303,mse,72.91560847298858,AutoETS
20304,mse,220717.6676781608,AutoETS
20305,mse,383.30313688512973,AutoETS
20308,mse,1278.1358532324084,AutoETS
20309,mse,328.427941575053,AutoETS
20310,mse,4162.931565320667,AutoETS
20312,mse,3548.3059606020493,AutoETS
20313,mse,6033.341812089318,AutoETS
20314,mse,33.200338147450566,AutoETS
20331,mse,252.33427920879495,AutoETS
20334,mse,19067.15798505385,AutoETS
20335,mse,4904.220397279746,AutoETS
20344,mse,69104.58175078277,AutoETS
20348,mse,48.400339702445,AutoETS
20355,mse,547607.2472744253,AutoETS
20356,mse,635.3805044676345,AutoETS
20357,mse,418.975611304722,AutoETS
20359,mse,2.277357090469252,AutoETS
20360,mse,4999.493932349426,AutoETS
20362,mse,141.31427662139242,AutoETS
20363,mse,86759.9220229826,AutoETS
20364,mse,4350.927786245776,AutoETS
20366,mse,177951.74297423495,AutoETS
20368,mse,412.2288090932691,AutoETS
20370,mse,2190.1906083897793,AutoETS
20372,mse,771.8485367174258,AutoETS
20373,mse,18.976775304332705,AutoETS
20374,mse,723280.933364047,AutoETS
20375,mse,233.220617346907,AutoETS
20377,mse,7172.33359388041,AutoETS
20378,mse,61967.57038610677,AutoETS
20380,mse,18.59643439524328,AutoETS
20387,mse,1015.9347797570905,AutoETS
20392,mse,8467.031795851266,AutoETS
20393,mse,143550.39097884131,AutoETS
20394,mse,5542.4130613777215,AutoETS
20397,mse,32256.680881301974,AutoETS
20398,mse,62259.43861988518,AutoETS
20399,mse,19010.031019808113,AutoETS
20400,mse,6126.541687589197,AutoETS
20401,mse,224931.2025951656,AutoETS
20402,mse,575.9803524767767,AutoETS
20405,mse,454.71076056491904,AutoETS
20406,mse,3.3024611334216956,AutoETS
20408,mse,23.258129573643902,AutoETS
20409,mse,794563.7586406602,AutoETS
20414,mse,666995.6792991658,AutoETS
20415,mse,36.3159775644502,AutoETS
20416,mse,286064.3762346514,AutoETS
20417,mse,305231.84946175455,AutoETS
20418,mse,22754.124588291783,AutoETS
20421,mse,28968.810491058666,AutoETS
20422,mse,54342.94631374754,AutoETS
20423,mse,151381.18063177785,AutoETS
20427,mse,38039.21872014842,AutoETS
20428,mse,80.52485084939437,AutoETS
20436,mse,35463.547410917054,AutoETS
20437,mse,341938.6851137827,AutoETS
20440,mse,266.96156630344274,AutoETS
20445,mse,79961.76320089177,AutoETS
20446,mse,226.26744431790334,AutoETS
20447,mse,16065.675786844948,AutoETS
20448,mse,150934.2592619165,AutoETS
20452,mse,70406.86022935394,AutoETS
20453,mse,14444.666229978307,AutoETS
20500,mse,15392.385635366147,AutoETS
21007,mse,15.633045850726692,AutoETS
21008,mse,,AutoETS
21035,mse,1.607192218842093,AutoETS
21040,mse,158.3060200803519,AutoETS
21059,mse,19.11133152567911,AutoETS
21061,mse,8536.164492120253,AutoETS
21080,mse,133867.35475642176,AutoETS
21084,mse,173.65332814644594,AutoETS
21094,mse,77.59630389140159,AutoETS
21107,mse,10240.231711472126,AutoETS
21121,mse,6936.404209922876,AutoETS
21131,mse,5.269408220102475,AutoETS
21134,mse,4.3271610480511145,AutoETS
21136,mse,,AutoETS
21142,mse,95.85207548608822,AutoETS
21147,mse,11.181676778116572,AutoETS
21158,mse,,AutoETS
21160,mse,9.974683368557635,AutoETS
21161,mse,41253.212267970666,AutoETS
21167,mse,127034.5038832662,AutoETS
21171,mse,3290.663145632483,AutoETS
21186,mse,1.4485533269989144,AutoETS
21196,mse,6.231454097684769,AutoETS
21202,mse,7.011285694335129,AutoETS
21226,mse,125763.17550210323,AutoETS
21231,mse,10318.055555555555,AutoETS
21236,mse,3723.7644604109023,AutoETS
21258,mse,6618.46912798702,AutoETS
21261,mse,21.49462171099569,AutoETS
21262,mse,890.8602044387824,AutoETS
21266,mse,14.235271781433585,AutoETS
21271,mse,14458.07759855284,AutoETS
21306,mse,0.981157639717994,AutoETS
21308,mse,4.305324840193919,AutoETS
21309,mse,14.536444825983672,AutoETS
21331,mse,2.2053720948048467,AutoETS
21342,mse,22153.885635415325,AutoETS
21351,mse,44147.131068716444,AutoETS
21352,mse,105.79964301860502,AutoETS
21356,mse,593.3316022602698,AutoETS
21361,mse,52765.23085258663,AutoETS
21366,mse,12034.771693720615,AutoETS
21376,mse,894.7113941817079,AutoETS
21395,mse,192.45185013817778,AutoETS
21402,mse,5.937978458116796,AutoETS
21406,mse,1.4792164293672685,AutoETS
21407,mse,0.780451119260988,AutoETS
21411,mse,169077.409860839,AutoETS
21416,mse,3085.512174311016,AutoETS
21421,mse,0.926547229724927,AutoETS
21423,mse,3.172704750073063,AutoETS
21427,mse,1264.9645701832842,AutoETS
21433,mse,2837.379709335474,AutoETS
21437,mse,896.1267449712682,AutoETS
21439,mse,7287149.623094521,AutoETS
21440,mse,63.91145806048285,AutoETS
21447,mse,4.566226004266233,AutoETS
21463,mse,20.992885772601262,AutoETS
21467,mse,14.516368852699088,AutoETS
21487,mse,4347.254581833362,AutoETS
21492,mse,4236.913112805387,AutoETS
21528,mse,3226.881228089025,AutoETS
21552,mse,4.051906418269509,AutoETS
21557,mse,745.445426399826,AutoETS
21567,mse,1537.8529295728918,AutoETS
21568,mse,257.23144443759094,AutoETS
21569,mse,5.423001755210881,AutoETS
21578,mse,198079.90900857912,AutoETS
21579,mse,93684.46778249451,AutoETS
21580,mse,32.01997926500108,AutoETS
21587,mse,2103.9590668877227,AutoETS
21590,mse,6.322847780221169,AutoETS
21592,mse,2367.179378026165,AutoETS
21605,mse,24252.69569371482,AutoETS
21607,mse,70.90429364203818,AutoETS
21608,mse,240.04738200836357,AutoETS
21610,mse,489815.25636960566,AutoETS
21611,mse,180829.91499800154,AutoETS
21615,mse,102.87848074168303,AutoETS
21626,mse,803.8865300425516,AutoETS
21629,mse,1366.3636723996087,AutoETS
21635,mse,77.74752059620651,AutoETS
21638,mse,2971.197469825158,AutoETS
21646,mse,7.511627968375478,AutoETS
21656,mse,3.9116748988457744,AutoETS
21659,mse,789.9042404476139,AutoETS
21670,mse,7564.201958793151,AutoETS
21674,mse,2636.6398475223687,AutoETS
21692,mse,1.642402044993787,AutoETS
21694,mse,21.782811407967124,AutoETS
19386,rmse,1069.884786695066,AutoETS
19392,rmse,45.27802676818167,AutoETS
19393,rmse,576.4467683338803,AutoETS
19514,rmse,6.498604110730556,AutoETS
19515,rmse,62.667132308733635,AutoETS
19517,rmse,6.931353433024442,AutoETS
19519,rmse,18.580361418254412,AutoETS
19520,rmse,8.439726475734787,AutoETS
19521,rmse,46.87049651956087,AutoETS
19522,rmse,71.8438048619971,AutoETS
19523,rmse,345.7125364526873,AutoETS
19524,rmse,17.101099607992825,AutoETS
19526,rmse,3.9957915618154387,AutoETS
19527,rmse,29.55582048588116,AutoETS
19528,rmse,25.731694435645398,AutoETS
19529,rmse,83.33034738504436,AutoETS
19530,rmse,7.375569567487542,AutoETS
19531,rmse,911.1708047543871,AutoETS
19532,rmse,236.33082611015806,AutoETS
19533,rmse,34.90875388704725,AutoETS
19534,rmse,588.5756304078338,AutoETS
19535,rmse,38.997262159587045,AutoETS
19536,rmse,44.75607303518294,AutoETS
19537,rmse,151.8655910167854,AutoETS
19538,rmse,44.37400479153922,AutoETS
19539,rmse,161.67976363002813,AutoETS
19540,rmse,576.2917502208088,AutoETS
19541,rmse,29.12452287118644,AutoETS
19542,rmse,82.5154855919983,AutoETS
19543,rmse,198.66375124112534,AutoETS
19544,rmse,58.072291895266865,AutoETS
19545,rmse,36.602793321896286,AutoETS
19546,rmse,461.77918060864056,AutoETS
19547,rmse,123.75140482224921,AutoETS
19548,rmse,75.65306974292581,AutoETS
19549,rmse,131.929050864136,AutoETS
19550,rmse,161.68765395480992,AutoETS
19551,rmse,95.8821537777413,AutoETS
19552,rmse,40.74282253107297,AutoETS
19553,rmse,19.30311512115693,AutoETS
19554,rmse,594.91919188127,AutoETS
19555,rmse,138.69590430144206,AutoETS
19556,rmse,94.32512910320885,AutoETS
19557,rmse,60.81312078027057,AutoETS
19558,rmse,50.13299580055242,AutoETS
19559,rmse,341.5371027870706,AutoETS
19561,rmse,15.660516319696942,AutoETS
19562,rmse,166.8167811214011,AutoETS
19563,rmse,2.8334130224917624,AutoETS
19564,rmse,77.57272674195501,AutoETS
19565,rmse,9.695849457631706,AutoETS
19566,rmse,30.654527317565464,AutoETS
19567,rmse,78.9980086343671,AutoETS
19568,rmse,33.31813973834962,AutoETS
19569,rmse,8.110306561529427,AutoETS
19570,rmse,14.252693817115617,AutoETS
19571,rmse,81.95364291412616,AutoETS
19572,rmse,114.4251875456383,AutoETS
19573,rmse,86.22568566969318,AutoETS
19574,rmse,166.70564771637717,AutoETS
19575,rmse,19.350341988583967,AutoETS
19576,rmse,105.85360756344411,AutoETS
19577,rmse,293.34476954367847,AutoETS
19579,rmse,4.963950828746349,AutoETS
19580,rmse,16.758400531173123,AutoETS
19614,rmse,20.89151883766998,AutoETS
19616,rmse,1.8724478772854842,AutoETS
19620,rmse,4.165595858688754,AutoETS
19623,rmse,190.9965094190125,AutoETS
19624,rmse,28.85806298949071,AutoETS
19635,rmse,,AutoETS
19650,rmse,85.98639809476137,AutoETS
19658,rmse,28.490612266694924,AutoETS
19662,rmse,1.9090357878400925,AutoETS
19677,rmse,33.94954294795407,AutoETS
19678,rmse,,AutoETS
19682,rmse,289.06403903704546,AutoETS
19687,rmse,136.67557342325705,AutoETS
19690,rmse,75.65254469614692,AutoETS
19704,rmse,1112.9963231461682,AutoETS
19728,rmse,2.7515776486082846,AutoETS
19746,rmse,9.085174338960602,AutoETS
19747,rmse,18.482483551778174,AutoETS
19770,rmse,1307.5134939039178,AutoETS
19778,rmse,45.55630191183777,AutoETS
19779,rmse,175.82074535723117,AutoETS
19789,rmse,41.56923961718534,AutoETS
19790,rmse,1465.1910144303238,AutoETS
19791,rmse,69.66101045786893,AutoETS
19795,rmse,1.85221790634869,AutoETS
19804,rmse,9.949988335011739,AutoETS
19805,rmse,2042.809172338147,AutoETS
19812,rmse,37.572076575317986,AutoETS
19821,rmse,829.1770115703443,AutoETS
19829,rmse,89.92700219887772,AutoETS
19830,rmse,68.70592831434423,AutoETS
19839,rmse,42.99908007109813,AutoETS
19840,rmse,2.716459445290938,AutoETS
19852,rmse,189.9918101287231,AutoETS
19855,rmse,1.6891739676008104,AutoETS
19856,rmse,28.79639665473985,AutoETS
19858,rmse,16.52317863353997,AutoETS
19865,rmse,19.81707310084369,AutoETS
19869,rmse,30.065458663143286,AutoETS
19873,rmse,111.00933894974708,AutoETS
19874,rmse,25.378580182924736,AutoETS
19875,rmse,104.64904466559447,AutoETS
19891,rmse,10.35928730495028,AutoETS
19892,rmse,19.273997826453815,AutoETS
19893,rmse,28.962269158970866,AutoETS
19894,rmse,20.963720201423044,AutoETS
19895,rmse,15.80362328141156,AutoETS
19896,rmse,17.009245031762926,AutoETS
19897,rmse,9.580524225577914,AutoETS
19898,rmse,97.35296351541054,AutoETS
19900,rmse,11.518248496995176,AutoETS
19910,rmse,18.91598570426019,AutoETS
19911,rmse,29.123872314000096,AutoETS
19912,rmse,44.96583355298154,AutoETS
19917,rmse,123.00994818704602,AutoETS
19930,rmse,300.687517448954,AutoETS
19932,rmse,39.403045567570025,AutoETS
19933,rmse,46.36821432822492,AutoETS
19949,rmse,7.626233827042765,AutoETS
19952,rmse,149.9794020105249,AutoETS
19953,rmse,43.48451747368395,AutoETS
19954,rmse,6.13427983742839,AutoETS
19956,rmse,38.264248395152904,AutoETS
19958,rmse,137.4466371549888,AutoETS
19961,rmse,133.34923642932048,AutoETS
19972,rmse,30.134319575671494,AutoETS
19976,rmse,25.647575950839048,AutoETS
19977,rmse,1913.4621820933821,AutoETS
19985,rmse,4.975034601434257,AutoETS
19991,rmse,263.0696879159328,AutoETS
19994,rmse,44.814635765118005,AutoETS
19995,rmse,83.97306629213445,AutoETS
19996,rmse,49.192425231847196,AutoETS
20003,rmse,13.739457490424346,AutoETS
20005,rmse,63.36154526442663,AutoETS
20007,rmse,78.24285057355556,AutoETS
20010,rmse,24.949446695320283,AutoETS
20016,rmse,223.38785501970986,AutoETS
20017,rmse,156.51670286809446,AutoETS
20019,rmse,72.40778451647516,AutoETS
20023,rmse,23.11801519609513,AutoETS
20025,rmse,49.41424235302748,AutoETS
20028,rmse,22.19335692473721,AutoETS
20029,rmse,21.62303324810446,AutoETS
20030,rmse,1.8777087886433945,AutoETS
20034,rmse,6.623844481909974,AutoETS
20042,rmse,19.858644616367034,AutoETS
20043,rmse,9.48847006983025,AutoETS
20045,rmse,6.084473299435392,AutoETS
20046,rmse,479.81435399240223,AutoETS
20057,rmse,14.034359707722311,AutoETS
20059,rmse,12.962162918577809,AutoETS
20064,rmse,8.367717746439672,AutoETS
20065,rmse,154.94090779875816,AutoETS
20075,rmse,9.136867750508296,AutoETS
20080,rmse,6.200484025671164,AutoETS
20085,rmse,26.762166374698925,AutoETS
20088,rmse,123.08408873592691,AutoETS
20089,rmse,3.086791746652748,AutoETS
20090,rmse,181.3372725893344,AutoETS
20095,rmse,30.395738808710483,AutoETS
20100,rmse,41.91426962847788,AutoETS
20104,rmse,12.84059552875744,AutoETS
20105,rmse,11.806868160039187,AutoETS
20106,rmse,33.98488247904468,AutoETS
20107,rmse,111.28416635850408,AutoETS
20108,rmse,46.084036897250385,AutoETS
20110,rmse,3.533812755837058,AutoETS
20111,rmse,25.301767823542637,AutoETS
20114,rmse,1.216332793022144,AutoETS
20116,rmse,149.83174155489485,AutoETS
20119,rmse,42.79491511812883,AutoETS
20120,rmse,183.80562630134992,AutoETS
20123,rmse,30.93778541275824,AutoETS
20127,rmse,96.35084818127854,AutoETS
20133,rmse,54.086211497857384,AutoETS
20136,rmse,6.751927585991814,AutoETS
20138,rmse,11.019866147524596,AutoETS
20140,rmse,40.580370318413976,AutoETS
20147,rmse,187.76201271639562,AutoETS
20148,rmse,6.413808872551862,AutoETS
20149,rmse,29.43603148030387,AutoETS
20151,rmse,41.16582751963759,AutoETS
20152,rmse,165.5501019568749,AutoETS
20153,rmse,32.02359936367292,AutoETS
20155,rmse,106.92307763331084,AutoETS
20156,rmse,19.069632754118082,AutoETS
20162,rmse,55.039842669530216,AutoETS
20166,rmse,59.662618958149196,AutoETS
20167,rmse,119.27218821153498,AutoETS
20169,rmse,3.2005806279140576,AutoETS
20170,rmse,715.3029656370322,AutoETS
20173,rmse,272.84287337513814,AutoETS
20177,rmse,12.200763286120143,AutoETS
20183,rmse,14.426385851275638,AutoETS
20185,rmse,48.32358187420977,AutoETS
20188,rmse,29.749130368277953,AutoETS
20190,rmse,32.28959116674017,AutoETS
20191,rmse,86.60621328304758,AutoETS
20193,rmse,196.4722379937283,AutoETS
20194,rmse,117.14699770411809,AutoETS
20195,rmse,90.41670361133417,AutoETS
20200,rmse,95.75725711151432,AutoETS
20201,rmse,69.93635408037377,AutoETS
20203,rmse,81.72474393260327,AutoETS
20204,rmse,114.68848715636862,AutoETS
20206,rmse,1035.4424466604855,AutoETS
20207,rmse,120.50567485540546,AutoETS
20208,rmse,44.559853068973275,AutoETS
20209,rmse,15.683707485277449,AutoETS
20210,rmse,21.120541520626407,AutoETS
20211,rmse,520.3087669760524,AutoETS
20213,rmse,3.8536952467955055,AutoETS
20214,rmse,3.5825770083018194,AutoETS
20216,rmse,19.915188581032435,AutoETS
20218,rmse,63.585744591640456,AutoETS
20221,rmse,5.321114994671125,AutoETS
20222,rmse,11.882982544634755,AutoETS
20227,rmse,18.061125891881684,AutoETS
20229,rmse,728.1113210407653,AutoETS
20230,rmse,41.1546835714642,AutoETS
20231,rmse,59.52885127559611,AutoETS
20232,rmse,60.64038703356214,AutoETS
20233,rmse,97.67337662700089,AutoETS
20234,rmse,47.384208463438,AutoETS
20237,rmse,424.6210744726951,AutoETS
20250,rmse,171.5419380918909,AutoETS
20253,rmse,146.8321329441162,AutoETS
20254,rmse,418.2131903332182,AutoETS
20263,rmse,2.9361041437230884,AutoETS
20266,rmse,2.5834142704159166,AutoETS
20268,rmse,5.378164978084164,AutoETS
20272,rmse,245.46404764911213,AutoETS
20277,rmse,173.49568923998314,AutoETS
20278,rmse,52.531312243796265,AutoETS
20280,rmse,70.98524702889489,AutoETS
20284,rmse,21.188979340873562,AutoETS
20286,rmse,269.1998895914655,AutoETS
20292,rmse,78.0663273222535,AutoETS
20293,rmse,1508.6207495263475,AutoETS
20296,rmse,26.731387199812847,AutoETS
20302,rmse,,AutoETS
20303,rmse,8.539063676597603,AutoETS
20304,rmse,469.8059894021795,AutoETS
20305,rmse,19.57812904455198,AutoETS
20308,rmse,35.75102590461438,AutoETS
20309,rmse,18.122580985473704,AutoETS
20310,rmse,64.52078397943306,AutoETS
20312,rmse,59.56765867987468,AutoETS
20313,rmse,77.67458923025804,AutoETS
20314,rmse,5.761973459453849,AutoETS
20331,rmse,15.885033182489577,AutoETS
20334,rmse,138.08388025057033,AutoETS
20335,rmse,70.03013920648556,AutoETS
20344,rmse,262.8775033181477,AutoETS
20348,rmse,6.957035266724254,AutoETS
20355,rmse,740.0048967908424,AutoETS
20356,rmse,25.206755135630498,AutoETS
20357,rmse,20.46889374892356,AutoETS
20359,rmse,1.5090914784960028,AutoETS
20360,rmse,70.70709958942896,AutoETS
20362,rmse,11.88756815422702,AutoETS
20363,rmse,294.55037264105204,AutoETS
20364,rmse,65.96156294574725,AutoETS
20366,rmse,421.843268257578,AutoETS
20368,rmse,20.303418655321796,AutoETS
20370,rmse,46.79947230888164,AutoETS
20372,rmse,27.782162203785106,AutoETS
20373,rmse,4.356234073638916,AutoETS
20374,rmse,850.4592485028586,AutoETS
20375,rmse,15.271562374128818,AutoETS
20377,rmse,84.68963097026938,AutoETS
20378,rmse,248.9328632103579,AutoETS
20380,rmse,4.3123583333534885,AutoETS
20387,rmse,31.873731814098747,AutoETS
20392,rmse,92.01647567610523,AutoETS
20393,rmse,378.8804441757866,AutoETS
20394,rmse,74.44738451670227,AutoETS
20397,rmse,179.60145010912905,AutoETS
20398,rmse,249.5184133884415,AutoETS
20399,rmse,137.8768690528187,AutoETS
20400,rmse,78.27222807349486,AutoETS
20401,rmse,474.26912464882804,AutoETS
20402,rmse,23.999590673108923,AutoETS
20405,rmse,21.32394805295021,AutoETS
20406,rmse,1.817267490883413,AutoETS
20408,rmse,4.8226683043356715,AutoETS
20409,rmse,891.3830594310508,AutoETS
20414,rmse,816.6980343426608,AutoETS
20415,rmse,6.0262739370568115,AutoETS
20416,rmse,534.8498632650582,AutoETS
20417,rmse,552.4779176236409,AutoETS
20418,rmse,150.84470354736285,AutoETS
20421,rmse,170.20226347219554,AutoETS
20422,rmse,233.1157358775841,AutoETS
20423,rmse,389.0773453078165,AutoETS
20427,rmse,195.03645484921125,AutoETS
20428,rmse,8.973563999292274,AutoETS
20436,rmse,188.31767684133388,AutoETS
20437,rmse,584.7552352170801,AutoETS
20440,rmse,16.3389585440273,AutoETS
20445,rmse,282.7751106460605,AutoETS
20446,rmse,15.042188814062378,AutoETS
20447,rmse,126.75044689011928,AutoETS
20448,rmse,388.50258591406634,AutoETS
20452,rmse,265.34291064461087,AutoETS
20453,rmse,120.18596519551818,AutoETS
20500,rmse,124.06605351733465,AutoETS
21007,rmse,3.953864672788725,AutoETS
21008,rmse,,AutoETS
21035,rmse,1.2677508504600157,AutoETS
21040,rmse,12.581972026687705,AutoETS
21059,rmse,4.371650892475188,AutoETS
21061,rmse,92.39136589595509,AutoETS
21080,rmse,365.87887989937565,AutoETS
21084,rmse,13.177758843841616,AutoETS
21094,rmse,8.80887642616251,AutoETS
21107,rmse,101.1940300189301,AutoETS
21121,rmse,83.28507795471454,AutoETS
21131,rmse,2.295519161345092,AutoETS
21134,rmse,2.0801829361984283,AutoETS
21136,rmse,,AutoETS
21142,rmse,9.79040731972313,AutoETS
21147,rmse,3.343901430681917,AutoETS
21158,rmse,,AutoETS
21160,rmse,3.1582722125487592,AutoETS
21161,rmse,203.10886801902734,AutoETS
21167,rmse,356.419000452089,AutoETS
21171,rmse,57.364302014689265,AutoETS
21186,rmse,1.2035586097066127,AutoETS
21196,rmse,2.4962880638429468,AutoETS
21202,rmse,2.647883247867082,AutoETS
21226,rmse,354.631041368495,AutoETS
21231,rmse,101.57783003960832,AutoETS
21236,rmse,61.02265530449247,AutoETS
21258,rmse,81.35397426055485,AutoETS
21261,rmse,4.636229255655472,AutoETS
21262,rmse,29.847281357584016,AutoETS
21266,rmse,3.772965913102527,AutoETS
21271,rmse,120.24174648828433,AutoETS
21306,rmse,0.990534017446142,AutoETS
21308,rmse,2.074927671075288,AutoETS
21309,rmse,3.812668989826375,AutoETS
21331,rmse,1.4850495260444503,AutoETS
21342,rmse,148.8418141364023,AutoETS
21351,rmse,210.11218686386673,AutoETS
21352,rmse,10.285895343556875,AutoETS
21356,rmse,24.35839900856109,AutoETS
21361,rmse,229.70683675630255,AutoETS
21366,rmse,109.70310703767973,AutoETS
21376,rmse,29.911726700103888,AutoETS
21395,rmse,13.872701616418404,AutoETS
21402,rmse,2.4367967617585173,AutoETS
21406,rmse,1.2162304178761805,AutoETS
21407,rmse,0.8834314457053178,AutoETS
21411,rmse,411.1902356097953,AutoETS
21416,rmse,55.54738674601188,AutoETS
21421,rmse,0.9625732334346966,AutoETS
21423,rmse,1.7812087890174648,AutoETS
21427,rmse,35.56634041032735,AutoETS
21433,rmse,53.26706026556632,AutoETS
21437,rmse,29.935376145478248,AutoETS
21439,rmse,2699.4721008179586,AutoETS
21440,rmse,7.994464213471898,AutoETS
21447,rmse,2.1368729499589425,AutoETS
21463,rmse,4.581799403356858,AutoETS
21467,rmse,3.8100352823430765,AutoETS
21487,rmse,65.93371354499428,AutoETS
21492,rmse,65.09157482197973,AutoETS
21528,rmse,56.80564433301523,AutoETS
21552,rmse,2.012934777450454,AutoETS
21557,rmse,27.302846488962025,AutoETS
21567,rmse,39.215467988701754,AutoETS
21568,rmse,16.038436471102504,AutoETS
21569,rmse,2.3287339382614927,AutoETS
21578,rmse,445.06169123906756,AutoETS
21579,rmse,306.07918547737694,AutoETS
21580,rmse,5.658619908157914,AutoETS
21587,rmse,45.868933570421305,AutoETS
21590,rmse,2.5145273472804326,AutoETS
21592,rmse,48.65366767291203,AutoETS
21605,rmse,155.73277013433884,AutoETS
21607,rmse,8.420468730542153,AutoETS
21608,rmse,15.493462557103353,AutoETS
21610,rmse,699.868027823536,AutoETS
21611,rmse,425.24100813303687,AutoETS
21615,rmse,10.142902974084048,AutoETS
21626,rmse,28.352892798487982,AutoETS
21629,rmse,36.96435678325282,AutoETS
21635,rmse,8.817455449062757,AutoETS
21638,rmse,54.50869169063919,AutoETS
21646,rmse,2.7407349321624443,AutoETS
21656,rmse,1.9777954643607043,AutoETS
21659,rmse,28.10523510749579,AutoETS
21670,rmse,86.97242067916214,AutoETS
21674,rmse,51.34822146406211,AutoETS
21692,rmse,1.281562345340166,AutoETS
21694,rmse,4.66720595302662,AutoETS
19386,mase,3.5026044970653865,AutoETS
19392,mase,1.8284534942098731,AutoETS
19393,mase,0.795029712619184,AutoETS
19514,mase,0.7964487042691972,AutoETS
19515,mase,0.6765249812722709,AutoETS
19517,mase,1.730351130167643,AutoETS
19519,mase,0.3570864015710492,AutoETS
19520,mase,1.1294369484061626,AutoETS
19521,mase,2.915134695336331,AutoETS
19522,mase,0.9942676373585535,AutoETS
19523,mase,1.4103237365214807,AutoETS
19524,mase,1.5223385980137127,AutoETS
19526,mase,0.31126196431834796,AutoETS
19527,mase,2.026431667378169,AutoETS
19528,mase,1.8234239494700903,AutoETS
19529,mase,0.8979302396622083,AutoETS
19530,mase,1.140801785876436,AutoETS
19531,mase,0.844995011408077,AutoETS
19532,mase,2.3825158652552187,AutoETS
19533,mase,0.990512129716656,AutoETS
19534,mase,2.460254187678286,AutoETS
19535,mase,1.1224035527824938,AutoETS
19536,mase,3.672845929554315,AutoETS
19537,mase,2.745846354166667,AutoETS
19538,mase,3.772872093559578,AutoETS
19539,mase,2.9110379184540065,AutoETS
19540,mase,3.3794724227291946,AutoETS
19541,mase,0.7600389938283256,AutoETS
19542,mase,0.7477604976854528,AutoETS
19543,mase,4.133249511953931,AutoETS
19544,mase,0.5683031493230651,AutoETS
19545,mase,1.210708164506955,AutoETS
19546,mase,10.455250060197791,AutoETS
19547,mase,1.6264699617422114,AutoETS
19548,mase,0.4295536138946489,AutoETS
19549,mase,0.9840492076407094,AutoETS
19550,mase,1.4177361680740315,AutoETS
19551,mase,1.4662235825248695,AutoETS
19552,mase,0.6331636743731118,AutoETS
19553,mase,1.4043066601616392,AutoETS
19554,mase,4.843615902845636,AutoETS
19555,mase,5.018679878790446,AutoETS
19556,mase,0.9815430223478947,AutoETS
19557,mase,1.975039362070739,AutoETS
19558,mase,2.1806732122945185,AutoETS
19559,mase,1.0674451635400894,AutoETS
19561,mase,1.5263324817724988,AutoETS
19562,mase,1.578804374844531,AutoETS
19563,mase,0.18097139055222888,AutoETS
19564,mase,2.4768598940332183,AutoETS
19565,mase,1.0363281635053154,AutoETS
19566,mase,0.6260617711785992,AutoETS
19567,mase,1.0983863470347293,AutoETS
19568,mase,3.0025529265943156,AutoETS
19569,mase,0.5544142848511763,AutoETS
19570,mase,0.7807135949406255,AutoETS
19571,mase,1.5011796753436204,AutoETS
19572,mase,2.4742651493062677,AutoETS
19573,mase,2.3986415042301115,AutoETS
19574,mase,1.6165880978472829,AutoETS
19575,mase,0.754825854889467,AutoETS
19576,mase,4.915881309913662,AutoETS
19577,mase,2.4293964382532325,AutoETS
19579,mase,1.3854337963011536,AutoETS
19580,mase,0.9632618145964013,AutoETS
19614,mase,1.1510692172580295,AutoETS
19616,mase,0.3770996600270958,AutoETS
19620,mase,0.3193843613961111,AutoETS
19623,mase,2.4702516241105714,AutoETS
19624,mase,2.1469785863527004,AutoETS
19635,mase,0.0,AutoETS
19650,mase,1.3427523473265823,AutoETS
19658,mase,0.9551260768402997,AutoETS
19662,mase,0.05219332296479293,AutoETS
19677,mase,1.381765449102685,AutoETS
19678,mase,0.0,AutoETS
19682,mase,2.9980905230846617,AutoETS
19687,mase,0.6891465442201057,AutoETS
19690,mase,1.8548519660023806,AutoETS
19704,mase,1.968070659252999,AutoETS
19728,mase,0.7896351592318789,AutoETS
19746,mase,1.0903981420433733,AutoETS
19747,mase,2.290796054581877,AutoETS
19770,mase,6.709832200367031,AutoETS
19778,mase,0.3413684395362711,AutoETS
19779,mase,1.4216358114286036,AutoETS
19789,mase,0.6913350133108546,AutoETS
19790,mase,1.9127245091044454,AutoETS
19791,mase,1.050764866745555,AutoETS
19795,mase,0.10820678104093026,AutoETS
19804,mase,1.8119818628243012,AutoETS
19805,mase,2.1888080356091613,AutoETS
19812,mase,1.3307609302423882,AutoETS
19821,mase,12.49379611703343,AutoETS
19829,mase,2.390260077054273,AutoETS
19830,mase,2.2161103560512316,AutoETS
19839,mase,2.1323914959822434,AutoETS
19840,mase,0.14781013012942928,AutoETS
19852,mase,2.733492412769237,AutoETS
19855,mase,0.047063579999526414,AutoETS
19856,mase,3.4598802922166527,AutoETS
19858,mase,0.5237967229575953,AutoETS
19865,mase,0.4660298740577345,AutoETS
19869,mase,0.6831999679086641,AutoETS
19873,mase,4.752796455285817,AutoETS
19874,mase,0.6597854669825669,AutoETS
19875,mase,0.8810489647716351,AutoETS
19891,mase,0.5726478804943443,AutoETS
19892,mase,0.19540991193792795,AutoETS
19893,mase,1.2362897419200558,AutoETS
19894,mase,0.401578493267477,AutoETS
19895,mase,0.6732642109705317,AutoETS
19896,mase,0.8155312435911408,AutoETS
19897,mase,1.2729335618806672,AutoETS
19898,mase,1.3641329206178938,AutoETS
19900,mase,2.063662899378972,AutoETS
19910,mase,0.7999074833290972,AutoETS
19911,mase,0.7260188246486569,AutoETS
19912,mase,0.9080954776947723,AutoETS
19917,mase,0.9379394169738708,AutoETS
19930,mase,1.8576042550535778,AutoETS
19932,mase,0.5994011976047904,AutoETS
19933,mase,1.5655912634444564,AutoETS
19949,mase,0.5260958639674362,AutoETS
19952,mase,1.1677519564928376,AutoETS
19953,mase,0.5569864140730474,AutoETS
19954,mase,0.9358123341768874,AutoETS
19956,mase,0.24054225216116223,AutoETS
19958,mase,2.334855519408734,AutoETS
19961,mase,2.78235858398702,AutoETS
19972,mase,0.857388109363991,AutoETS
19976,mase,0.50934250792736,AutoETS
19977,mase,2.2378728991877925,AutoETS
19985,mase,1.4297836932014014,AutoETS
19991,mase,2.048595690932285,AutoETS
19994,mase,4.720268249511718,AutoETS
19995,mase,3.7455977085070997,AutoETS
19996,mase,5.61110068672905,AutoETS
20003,mase,2.630557441917181,AutoETS
20005,mase,0.9071545708902017,AutoETS
20007,mase,0.878681588204177,AutoETS
20010,mase,0.774797724238183,AutoETS
20016,mase,1.3030428415606974,AutoETS
20017,mase,1.4332733516183847,AutoETS
20019,mase,0.5093187929979011,AutoETS
20023,mase,2.916583491554683,AutoETS
20025,mase,1.132516317221757,AutoETS
20028,mase,0.7116370120571,AutoETS
20029,mase,0.14363894980228045,AutoETS
20030,mase,0.40769188983799665,AutoETS
20034,mase,0.8435704825568373,AutoETS
20042,mase,0.2647981902147517,AutoETS
20043,mase,1.4652977175038007,AutoETS
20045,mase,1.197975491437585,AutoETS
20046,mase,1.623243941760071,AutoETS
20057,mase,0.40624563715776174,AutoETS
20059,mase,0.9022839420930487,AutoETS
20064,mase,1.0614461436910168,AutoETS
20065,mase,3.226858833666059,AutoETS
20075,mase,0.7932728356440971,AutoETS
20080,mase,2.0658760815664055,AutoETS
20085,mase,0.7831479350466691,AutoETS
20088,mase,4.418711865885874,AutoETS
20089,mase,0.2112588472270777,AutoETS
20090,mase,2.4512914612036454,AutoETS
20095,mase,0.7473162352090622,AutoETS
20100,mase,0.6050114282689554,AutoETS
20104,mase,1.1421694655812789,AutoETS
20105,mase,0.24644687836047624,AutoETS
20106,mase,0.8916877101949435,AutoETS
20107,mase,0.6204664431937723,AutoETS
20108,mase,2.0043930449127827,AutoETS
20110,mase,0.9383561719207284,AutoETS
20111,mase,0.5550842698322038,AutoETS
20114,mase,0.4536669957683461,AutoETS
20116,mase,1.797032088037018,AutoETS
20119,mase,1.5423818244039915,AutoETS
20120,mase,7.80749044790249,AutoETS
20123,mase,0.38016374505559264,AutoETS
20127,mase,2.2939321915261277,AutoETS
20133,mase,1.0724454607741025,AutoETS
20136,mase,2.9126561455631963,AutoETS
20138,mase,1.1223826982821639,AutoETS
20140,mase,1.0073503198567557,AutoETS
20147,mase,1.1675432343818084,AutoETS
20148,mase,0.11847891099851818,AutoETS
20149,mase,0.5637218945019238,AutoETS
20151,mase,0.6027094656938285,AutoETS
20152,mase,1.7637083120526098,AutoETS
20153,mase,3.2308184716009323,AutoETS
20155,mase,2.023069124165813,AutoETS
20156,mase,0.7004938000050638,AutoETS
20162,mase,2.6399567173147274,AutoETS
20166,mase,0.6098318710975617,AutoETS
20167,mase,1.428220454450271,AutoETS
20169,mase,0.17688905979619302,AutoETS
20170,mase,6.995768527442047,AutoETS
20173,mase,2.6991292164868335,AutoETS
20177,mase,0.8511367998605821,AutoETS
20183,mase,1.0482083375233386,AutoETS
20185,mase,0.3717957774136804,AutoETS
20188,mase,0.9434384082271406,AutoETS
20190,mase,0.558191502831758,AutoETS
20191,mase,0.42300671500296877,AutoETS
20193,mase,2.413313142732034,AutoETS
20194,mase,1.0293531673785234,AutoETS
20195,mase,1.7112438415105524,AutoETS
20200,mase,8.173121427645357,AutoETS
20201,mase,3.2752401285776056,AutoETS
20203,mase,0.7208855292231159,AutoETS
20204,mase,1.4512585708706724,AutoETS
20206,mase,1.4175950262037331,AutoETS
20207,mase,2.743314606802804,AutoETS
20208,mase,5.105067013204945,AutoETS
20209,mase,0.2778642537591282,AutoETS
20210,mase,0.4173853850991809,AutoETS
20211,mase,1.9625174275951347,AutoETS
20213,mase,0.7165086181923535,AutoETS
20214,mase,0.1106083017772816,AutoETS
20216,mase,1.8406889128094723,AutoETS
20218,mase,0.7375473003255414,AutoETS
20221,mase,0.5737190951633082,AutoETS
20222,mase,1.0436046654186601,AutoETS
20227,mase,2.0173690752141424,AutoETS
20229,mase,2.4532946002947345,AutoETS
20230,mase,1.205577442088579,AutoETS
20231,mase,1.9057732046560887,AutoETS
20232,mase,0.7636448617737707,AutoETS
20233,mase,1.2097657550375378,AutoETS
20234,mase,4.4651642463083325,AutoETS
20237,mase,1.3336913937793027,AutoETS
20250,mase,0.9345204513860594,AutoETS
20253,mase,0.6569105262866666,AutoETS
20254,mase,2.753028908287537,AutoETS
20263,mase,0.10132712781478592,AutoETS
20266,mase,0.6199943837040426,AutoETS
20268,mase,1.071302925468122,AutoETS
20272,mase,1.5590857618066432,AutoETS
20277,mase,1.538372829849178,AutoETS
20278,mase,2.1021805629935315,AutoETS
20280,mase,0.33064024941330983,AutoETS
20284,mase,0.40782994338460155,AutoETS
20286,mase,4.096567190997406,AutoETS
20292,mase,1.9543699468060818,AutoETS
20293,mase,4.526852111913565,AutoETS
20296,mase,1.0592843286099864,AutoETS
20302,mase,0.0,AutoETS
20303,mase,0.4505828396560497,AutoETS
20304,mase,0.9491550682414203,AutoETS
20305,mase,0.21598431298433987,AutoETS
20308,mase,0.5108675531756568,AutoETS
20309,mase,3.3882518638216363,AutoETS
20310,mase,0.2884329736083818,AutoETS
20312,mase,0.5723391590460674,AutoETS
20313,mase,2.2425633470116275,AutoETS
20314,mase,0.25905356789876477,AutoETS
20331,mase,2.3993832964814175,AutoETS
20334,mase,4.237587450297022,AutoETS
20335,mase,0.8948502475057,AutoETS
20344,mase,3.2898499419980203,AutoETS
20348,mase,0.18142463491363298,AutoETS
20355,mase,2.64792835363043,AutoETS
20356,mase,0.890057454078026,AutoETS
20357,mase,0.2927999444683719,AutoETS
20359,mase,1.064516129032258,AutoETS
20360,mase,8.777715618645212,AutoETS
20362,mase,0.2874271296875847,AutoETS
20363,mase,0.8164168427562606,AutoETS
20364,mase,1.1974076483169682,AutoETS
20366,mase,0.48836616080191514,AutoETS
20368,mase,0.44368374558303886,AutoETS
20370,mase,0.9302481405155236,AutoETS
20372,mase,1.6439187682129508,AutoETS
20373,mase,1.531708109763361,AutoETS
20374,mase,1.520844546188173,AutoETS
20375,mase,0.5028239397410447,AutoETS
20377,mase,1.3243528301035492,AutoETS
20378,mase,0.5923731042845249,AutoETS
20380,mase,0.4252800629084225,AutoETS
20387,mase,1.1633258523989138,AutoETS
20392,mase,0.6063922300736923,AutoETS
20393,mase,0.9656353283542859,AutoETS
20394,mase,1.1360246755780965,AutoETS
20397,mase,1.5986266853557602,AutoETS
20398,mase,0.29181017611638194,AutoETS
20399,mase,3.583354549878322,AutoETS
20400,mase,1.8000789538998545,AutoETS
20401,mase,1.4797218168445585,AutoETS
20402,mase,0.4479217279582845,AutoETS
20405,mase,1.265726304197026,AutoETS
20406,mase,0.7317856838828639,AutoETS
20408,mase,0.7900401895696466,AutoETS
20409,mase,1.735768382975708,AutoETS
20414,mase,1.1911274247924928,AutoETS
20415,mase,0.10010605765321258,AutoETS
20416,mase,3.2775814768472613,AutoETS
20417,mase,2.2887865704866903,AutoETS
20418,mase,0.6844786683778633,AutoETS
20421,mase,2.3305381900122333,AutoETS
20422,mase,3.0325399372278854,AutoETS
20423,mase,3.734792666452118,AutoETS
20427,mase,1.1079743505211714,AutoETS
20428,mase,1.1794049087787086,AutoETS
20436,mase,1.5448625359081805,AutoETS
20437,mase,3.0134712421463448,AutoETS
20440,mase,0.7196199467441298,AutoETS
20445,mase,5.0542254097403285,AutoETS
20446,mase,0.5546461639767801,AutoETS
20447,mase,2.0250403001651875,AutoETS
20448,mase,1.3305044563028257,AutoETS
20452,mase,0.8601068726990806,AutoETS
20453,mase,1.81733067312086,AutoETS
20500,mase,0.8435707171096564,AutoETS
21007,mase,1.090618133406948,AutoETS
21008,mase,0.0,AutoETS
21035,mase,0.696301661155842,AutoETS
21040,mase,6.74983591932646,AutoETS
21059,mase,0.1581465294891475,AutoETS
21061,mase,2.7919735344679704,AutoETS
21080,mase,6.154971957756808,AutoETS
21084,mase,1.580212140720869,AutoETS
21094,mase,2.8239031998734725,AutoETS
21107,mase,2.6208205375255513,AutoETS
21121,mase,2.2044581488612134,AutoETS
21131,mase,0.6891793329679731,AutoETS
21134,mase,0.31304697135299175,AutoETS
21136,mase,0.0,AutoETS
21142,mase,0.5452743333038795,AutoETS
21147,mase,1.1030403223521925,AutoETS
21158,mase,0.0,AutoETS
21160,mase,0.869461954325095,AutoETS
21161,mase,2.3005147947644797,AutoETS
21167,mase,1.5345431358415194,AutoETS
21171,mase,1.9588405501089323,AutoETS
21186,mase,0.18191507246610375,AutoETS
21196,mase,0.6705052438610327,AutoETS
21202,mase,0.813676037258572,AutoETS
21226,mase,1.7757351729519697,AutoETS
21231,mase,2.5710959497509207,AutoETS
21236,mase,0.9508714841101867,AutoETS
21258,mase,2.211336765855514,AutoETS
21261,mase,0.15909155012819065,AutoETS
21262,mase,0.3192338498857394,AutoETS
21266,mase,0.6162895779364664,AutoETS
21271,mase,2.3205397303833175,AutoETS
21306,mase,0.3741634266717093,AutoETS
21308,mase,0.6704192874687058,AutoETS
21309,mase,0.9146948747856672,AutoETS
21331,mase,0.4950352357178138,AutoETS
21342,mase,2.1599408353028395,AutoETS
21351,mase,0.9259483268395952,AutoETS
21352,mase,1.487866831358641,AutoETS
21356,mase,1.763124693473996,AutoETS
21361,mase,4.54933483055864,AutoETS
21366,mase,1.9856528344385793,AutoETS
21376,mase,1.0437253101451978,AutoETS
21395,mase,1.0068289646829152,AutoETS
21402,mase,0.6052868325886245,AutoETS
21406,mase,0.736323674808849,AutoETS
21407,mase,0.8306075183172074,AutoETS
21411,mase,4.25212580315377,AutoETS
21416,mase,2.0008858372268006,AutoETS
21421,mase,0.9596834837221633,AutoETS
21423,mase,0.42593235132736323,AutoETS
21427,mase,1.433242934789413,AutoETS
21433,mase,1.6677058518927146,AutoETS
21437,mase,1.308363488248443,AutoETS
21439,mase,223.64953351392532,AutoETS
21440,mase,1.5521892143201226,AutoETS
21447,mase,0.6598341776774479,AutoETS
21463,mase,0.08663551707684768,AutoETS
21467,mase,1.7746690517097576,AutoETS
21487,mase,1.7425944914730518,AutoETS
21492,mase,0.9646524499963831,AutoETS
21528,mase,1.201631940729536,AutoETS
21552,mase,0.21507628508945942,AutoETS
21557,mase,1.3702690980850318,AutoETS
21567,mase,2.734573342675367,AutoETS
21568,mase,0.5169696564960653,AutoETS
21569,mase,1.3896333578402402,AutoETS
21578,mase,1.508461905657314,AutoETS
21579,mase,1.3440240898236744,AutoETS
21580,mase,0.5611864661850922,AutoETS
21587,mase,2.2571623898833373,AutoETS
21590,mase,0.739050375676788,AutoETS
21592,mase,0.5219302787155401,AutoETS
21605,mase,3.368653115464581,AutoETS
21607,mase,0.7551187517458731,AutoETS
21608,mase,0.898866179239684,AutoETS
21610,mase,1.8091740030868089,AutoETS
21611,mase,0.7321786790333679,AutoETS
21615,mase,0.41408908200557587,AutoETS
21626,mase,0.8510096050067232,AutoETS
21629,mase,0.6534502431112699,AutoETS
21635,mase,0.30839961495218765,AutoETS
21638,mase,0.6719247869321846,AutoETS
21646,mase,1.0062367784839588,AutoETS
21656,mase,1.3160296107184957,AutoETS
21659,mase,3.635196617671421,AutoETS
21670,mase,2.363528121679415,AutoETS
21674,mase,0.6464492153832467,AutoETS
21692,mase,0.23101989701390266,AutoETS
21694,mase,0.3958000858134203,AutoETS
19386,mape,0.32175583193538276,AutoETS
19392,mape,0.8497752655474875,AutoETS
19393,mape,0.17605301935890494,AutoETS
19514,mape,0.8056669594338222,AutoETS
19515,mape,0.33460595744168514,AutoETS
19517,mape,0.31884340077178014,AutoETS
19519,mape,0.17065573381207266,AutoETS
19520,mape,1.0743982918072865,AutoETS
19521,mape,6.8761873050184,AutoETS
19522,mape,0.8880915109466595,AutoETS
19523,mape,0.1751140907475316,AutoETS
19524,mape,0.6115906143718042,AutoETS
19526,mape,0.09851882800294916,AutoETS
19527,mape,0.4140892885676482,AutoETS
19528,mape,0.8740291907018155,AutoETS
19529,mape,0.4187973364916686,AutoETS
19530,mape,0.329633913442721,AutoETS
19531,mape,0.2546641026332208,AutoETS
19532,mape,0.19095003499952645,AutoETS
19533,mape,0.09845606976018112,AutoETS
19534,mape,0.40563538258529186,AutoETS
19535,mape,0.20614101158715945,AutoETS
19536,mape,0.37352655220737996,AutoETS
19537,mape,0.12687041878371008,AutoETS
19538,mape,0.3698094808329447,AutoETS
19539,mape,0.5090582164476053,AutoETS
19540,mape,0.21324243650825117,AutoETS
19541,mape,0.6989571450237706,AutoETS
19542,mape,0.12174902074792006,AutoETS
19543,mape,0.4367965492409951,AutoETS
19544,mape,0.07612764360621439,AutoETS
19545,mape,0.09492727282034562,AutoETS
19546,mape,0.8749959430763399,AutoETS
19547,mape,0.26912657273104323,AutoETS
19548,mape,0.053620504432746324,AutoETS
19549,mape,0.27730166214331686,AutoETS
19550,mape,0.0964198963324268,AutoETS
19551,mape,0.1346683064629353,AutoETS
19552,mape,0.06979206656714508,AutoETS
19553,mape,0.8161147953248422,AutoETS
19554,mape,0.3127561373359755,AutoETS
19555,mape,0.5487435922134342,AutoETS
19556,mape,7.590211960762856,AutoETS
19557,mape,0.4369057391321822,AutoETS
19558,mape,0.1744598521000119,AutoETS
19559,mape,0.09295785235381136,AutoETS
19561,mape,0.2144223081368552,AutoETS
19562,mape,0.44852754571237696,AutoETS
19563,mape,0.13947631789262963,AutoETS
19564,mape,0.1650812266143804,AutoETS
19565,mape,0.2030348552553103,AutoETS
19566,mape,0.0501471400011976,AutoETS
19567,mape,1.3097135540585068,AutoETS
19568,mape,0.3241755108548442,AutoETS
19569,mape,0.2963383052559763,AutoETS
19570,mape,0.08916973512927763,AutoETS
19571,mape,0.13523939727992126,AutoETS
19572,mape,0.22150400953644842,AutoETS
19573,mape,1.0464617496178485,AutoETS
19574,mape,0.1627915493789003,AutoETS
19575,mape,0.4907310348858613,AutoETS
19576,mape,0.23062023846344884,AutoETS
19577,mape,0.52520272967818,AutoETS
19579,mape,2.5897018948269968,AutoETS
19580,mape,0.17042577801543632,AutoETS
19614,mape,0.5820225085419151,AutoETS
19616,mape,0.026596274057025013,AutoETS
19620,mape,2.11280860868441,AutoETS
19623,mape,0.18991410995031088,AutoETS
19624,mape,0.18327922984504644,AutoETS
19635,mape,,AutoETS
19650,mape,0.23799796969402223,AutoETS
19658,mape,6.480728622950172,AutoETS
19662,mape,0.023403740853439794,AutoETS
19677,mape,0.5592297617923369,AutoETS
19678,mape,,AutoETS
19682,mape,0.19619872121354728,AutoETS
19687,mape,0.13185634305489816,AutoETS
19690,mape,0.15340568422519907,AutoETS
19704,mape,0.11426236758706992,AutoETS
19728,mape,0.3554704666051685,AutoETS
19746,mape,0.13513232633283437,AutoETS
19747,mape,0.18036080716283054,AutoETS
19770,mape,0.1761595528389126,AutoETS
19778,mape,0.6560083664926354,AutoETS
19779,mape,0.11741855947407756,AutoETS
19789,mape,1.4135141848220514,AutoETS
19790,mape,0.10140231437202955,AutoETS
19791,mape,0.06801499386143836,AutoETS
19795,mape,0.042155882280928064,AutoETS
19804,mape,0.31123956468740727,AutoETS
19805,mape,0.11715097474785889,AutoETS
19812,mape,0.23196834522740342,AutoETS
19821,mape,1.1250308823619974,AutoETS
19829,mape,4.5374113209659965,AutoETS
19830,mape,0.39095815513593896,AutoETS
19839,mape,0.5170709823344436,AutoETS
19840,mape,0.2685469298909018,AutoETS
19852,mape,0.26488093659072326,AutoETS
19855,mape,0.40073524249924547,AutoETS
19856,mape,1.4564516938036598,AutoETS
19858,mape,3.9719000415966854,AutoETS
19865,mape,0.4369170016233543,AutoETS
19869,mape,3.0789229438483448,AutoETS
19873,mape,0.630703125832249,AutoETS
19874,mape,0.6066245733659331,AutoETS
19875,mape,1.401844612162802,AutoETS
19891,mape,1.431334362580226,AutoETS
19892,mape,2.816615372437697,AutoETS
19893,mape,0.6563121894214069,AutoETS
19894,mape,0.7403793343329644,AutoETS
19895,mape,1.021071659930663,AutoETS
19896,mape,1.905185076507399,AutoETS
19897,mape,1.2667087670603856,AutoETS
19898,mape,1.17193053295669,AutoETS
19900,mape,0.4792744554156098,AutoETS
19910,mape,2.2158620137964857,AutoETS
19911,mape,0.0963504438969823,AutoETS
19912,mape,0.22019674653786753,AutoETS
19917,mape,0.06864917975757949,AutoETS
19930,mape,0.2132321589100112,AutoETS
19932,mape,0.7892554070966202,AutoETS
19933,mape,0.12112005348744272,AutoETS
19949,mape,0.17910694851724449,AutoETS
19952,mape,1.9757728729687623,AutoETS
19953,mape,0.1458008407493781,AutoETS
19954,mape,2.3401207798186987,AutoETS
19956,mape,3.1695472592243994,AutoETS
19958,mape,0.6230267554859901,AutoETS
19961,mape,0.5397542547215703,AutoETS
19972,mape,4.55703554374351,AutoETS
19976,mape,0.7754426042839399,AutoETS
19977,mape,0.10604330829689888,AutoETS
19985,mape,1.2885237194242931,AutoETS
19991,mape,0.2625411293046969,AutoETS
19994,mape,0.626745712545985,AutoETS
19995,mape,0.28494374300697206,AutoETS
19996,mape,1.2166022533912864,AutoETS
20003,mape,1.1345682778933446,AutoETS
20005,mape,0.075626271959599,AutoETS
20007,mape,0.09744013668503708,AutoETS
20010,mape,0.45757243606720244,AutoETS
20016,mape,0.9921639644089115,AutoETS
20017,mape,0.16119008244577981,AutoETS
20019,mape,0.44340885042226574,AutoETS
20023,mape,0.43592460153082485,AutoETS
20025,mape,0.899343602161803,AutoETS
20028,mape,0.3846767134377041,AutoETS
20029,mape,0.08559011343142853,AutoETS
20030,mape,0.4503984148303668,AutoETS
20034,mape,1.4115223515543711,AutoETS
20042,mape,0.33310556551263215,AutoETS
20043,mape,0.6183697160558757,AutoETS
20045,mape,0.594112007201664,AutoETS
20046,mape,2.021126241332707,AutoETS
20057,mape,0.4815703599705203,AutoETS
20059,mape,0.09450217225776186,AutoETS
20064,mape,0.3723239008791931,AutoETS
20065,mape,3.2829453604894487,AutoETS
20075,mape,0.17112309985456595,AutoETS
20080,mape,0.3256465245515872,AutoETS
20085,mape,1.1227164733787367,AutoETS
20088,mape,20.44921420217652,AutoETS
20089,mape,0.17564238865279796,AutoETS
20090,mape,1.7616239117158734,AutoETS
20095,mape,4.955632861475008,AutoETS
20100,mape,0.14571928825155134,AutoETS
20104,mape,0.25943820412061974,AutoETS
20105,mape,0.34073158766047196,AutoETS
20106,mape,3.3239449070673337,AutoETS
20107,mape,0.038429747938577445,AutoETS
20108,mape,0.3365300632956505,AutoETS
20110,mape,0.6229569436304649,AutoETS
20111,mape,0.12424772608872223,AutoETS
20114,mape,0.10876384796919646,AutoETS
20116,mape,0.3025908077830027,AutoETS
20119,mape,0.5204774110200758,AutoETS
20120,mape,2.513882293468831,AutoETS
20123,mape,1.5087243729893691,AutoETS
20127,mape,2.745069119304061,AutoETS
20133,mape,0.09749849880114654,AutoETS
20136,mape,0.6823848048543621,AutoETS
20138,mape,0.1720710849040058,AutoETS
20140,mape,0.960958200562939,AutoETS
20147,mape,0.3526125287936837,AutoETS
20148,mape,0.06226519616001093,AutoETS
20149,mape,0.27365875815639185,AutoETS
20151,mape,0.10286542255048681,AutoETS
20152,mape,3.6754540546594905,AutoETS
20153,mape,0.19146711685644616,AutoETS
20155,mape,0.8573055714825186,AutoETS
20156,mape,0.20943982941361192,AutoETS
20162,mape,0.5047261414046734,AutoETS
20166,mape,0.7539057398413708,AutoETS
20167,mape,0.27831283026681825,AutoETS
20169,mape,0.6013854076938024,AutoETS
20170,mape,15.664802646704164,AutoETS
20173,mape,2.599190869037316,AutoETS
20177,mape,0.28759491989733715,AutoETS
20183,mape,0.26919980124329845,AutoETS
20185,mape,0.0646869570001915,AutoETS
20188,mape,0.09430187066077408,AutoETS
20190,mape,0.126964034288421,AutoETS
20191,mape,0.3849535596834003,AutoETS
20193,mape,6.176838012587494,AutoETS
20194,mape,0.24151844519744664,AutoETS
20195,mape,1.3535135097628306,AutoETS
20200,mape,1.4739999654822589,AutoETS
20201,mape,18.26373653335209,AutoETS
20203,mape,5.536559775042807,AutoETS
20204,mape,0.557682001740207,AutoETS
20206,mape,0.5659226619996548,AutoETS
20207,mape,4.957213375571878,AutoETS
20208,mape,0.6072533309402239,AutoETS
20209,mape,0.38731351700389033,AutoETS
20210,mape,3.0360465404174337,AutoETS
20211,mape,1.4178042095169086,AutoETS
20213,mape,0.8063628236897964,AutoETS
20214,mape,1.2801844222205028,AutoETS
20216,mape,0.25428322922976765,AutoETS
20218,mape,15.198072087744869,AutoETS
20221,mape,0.35824662468955937,AutoETS
20222,mape,1.254503592719806,AutoETS
20227,mape,0.8370390707630997,AutoETS
20229,mape,0.1590429742731614,AutoETS
20230,mape,0.39974563520922557,AutoETS
20231,mape,0.2853871346818995,AutoETS
20232,mape,1.973558783350298,AutoETS
20233,mape,0.1359675399847789,AutoETS
20234,mape,4.643421028062302,AutoETS
20237,mape,22.468773228481172,AutoETS
20250,mape,0.17537205004438425,AutoETS
20253,mape,0.2582851845638261,AutoETS
20254,mape,2.0349405607359166,AutoETS
20263,mape,0.7791417598724366,AutoETS
20266,mape,1.0572840415106879,AutoETS
20268,mape,0.24812115632578546,AutoETS
20272,mape,0.9698987604970289,AutoETS
20277,mape,1.2679774189272761,AutoETS
20278,mape,2.7059275795877933,AutoETS
20280,mape,0.14432157900847387,AutoETS
20284,mape,4.247559253558225,AutoETS
20286,mape,1.281200698078348,AutoETS
20292,mape,0.35550052870578885,AutoETS
20293,mape,1.807444392894008,AutoETS
20296,mape,0.4720859726379671,AutoETS
20302,mape,,AutoETS
20303,mape,0.5303782688291545,AutoETS
20304,mape,0.21885487769555026,AutoETS
20305,mape,1.9836681496247328,AutoETS
20308,mape,0.8480913837296857,AutoETS
20309,mape,0.46135045972938976,AutoETS
20310,mape,5.406136920630369,AutoETS
20312,mape,1.0272053475684895,AutoETS
20313,mape,0.22382128666826062,AutoETS
20314,mape,1.8959922753440008,AutoETS
20331,mape,6.12308858235677,AutoETS
20334,mape,0.9264050685162917,AutoETS
20335,mape,20.60927338132892,AutoETS
20344,mape,3.6525608594240695,AutoETS
20348,mape,0.07365762018690021,AutoETS
20355,mape,0.16483242410324717,AutoETS
20356,mape,0.40253153223376564,AutoETS
20357,mape,0.7802422423401904,AutoETS
20359,mape,0.8754750788211823,AutoETS
20360,mape,1.323057563317781,AutoETS
20362,mape,0.07508112869608148,AutoETS
20363,mape,0.13701126337365382,AutoETS
20364,mape,0.5586527021989794,AutoETS
20366,mape,0.31775225532997975,AutoETS
20368,mape,0.30329643909230347,AutoETS
20370,mape,0.1411726846498663,AutoETS
20372,mape,3.367075263953774,AutoETS
20373,mape,2.178117036819458,AutoETS
20374,mape,0.22596364221337156,AutoETS
20375,mape,0.3142937710180693,AutoETS
20377,mape,0.4621569914213951,AutoETS
20378,mape,0.0905388478216447,AutoETS
20380,mape,0.06435655256608626,AutoETS
20387,mape,0.7519627808342003,AutoETS
20392,mape,0.07206264785561639,AutoETS
20393,mape,0.26365548746267936,AutoETS
20394,mape,0.46902522302197336,AutoETS
20397,mape,0.35778843910450997,AutoETS
20398,mape,0.10245371479449197,AutoETS
20399,mape,5.283809455824456,AutoETS
20400,mape,16.234038268575784,AutoETS
20401,mape,0.8486990631069768,AutoETS
20402,mape,0.5759075817688593,AutoETS
20405,mape,3.9223079429312864,AutoETS
20406,mape,1.2716550747553508,AutoETS
20408,mape,2.6215848679895757,AutoETS
20409,mape,0.1284812887964631,AutoETS
20414,mape,0.5688958820436931,AutoETS
20415,mape,0.2679470701663481,AutoETS
20416,mape,0.25824575057613,AutoETS
20417,mape,2.780092166345276,AutoETS
20418,mape,0.4782000530184848,AutoETS
20421,mape,0.700056816835486,AutoETS
20422,mape,0.8928540237138007,AutoETS
20423,mape,1.8101179331007802,AutoETS
20427,mape,0.34713212836022794,AutoETS
20428,mape,3.1853048703485864,AutoETS
20436,mape,0.4730535728900892,AutoETS
20437,mape,6.484796032615541,AutoETS
20440,mape,0.11533386115737125,AutoETS
20445,mape,0.9836795300598712,AutoETS
20446,mape,0.24682039520947338,AutoETS
20447,mape,4.415422276100279,AutoETS
20448,mape,10.194635459392533,AutoETS
20452,mape,0.19315205153965087,AutoETS
20453,mape,0.5564479162535315,AutoETS
20500,mape,0.5932293550754478,AutoETS
21007,mape,0.718449870393508,AutoETS
21008,mape,,AutoETS
21035,mape,0.935330589612325,AutoETS
21040,mape,6.693956106901169,AutoETS
21059,mape,0.09666348972404092,AutoETS
21061,mape,0.4563260848744708,AutoETS
21080,mape,0.8150332454086789,AutoETS
21084,mape,0.21050554843810568,AutoETS
21094,mape,4.621081777035244,AutoETS
21107,mape,0.45029487462226175,AutoETS
21121,mape,6.040259079566798,AutoETS
21131,mape,0.737553747981584,AutoETS
21134,mape,1.210567690928777,AutoETS
21136,mape,,AutoETS
21142,mape,0.14895650305481223,AutoETS
21147,mape,1.6182363788286844,AutoETS
21158,mape,,AutoETS
21160,mape,1.8286653339862824,AutoETS
21161,mape,0.15909572716655884,AutoETS
21167,mape,0.7105479642190067,AutoETS
21171,mape,0.32232893456140665,AutoETS
21186,mape,0.35639763871828717,AutoETS
21196,mape,1.0127564812148058,AutoETS
21202,mape,0.4071794615792698,AutoETS
21226,mape,0.2773710225403816,AutoETS
21231,mape,0.9831703772571851,AutoETS
21236,mape,0.9368341087698071,AutoETS
21258,mape,1.5841364807577383,AutoETS
21261,mape,0.046669627222128654,AutoETS
21262,mape,0.028943269081987497,AutoETS
21266,mape,0.2961423889156822,AutoETS
21271,mape,1.1057134571070069,AutoETS
21306,mape,0.1808492456163679,AutoETS
21308,mape,0.6534561132864347,AutoETS
21309,mape,0.614820767205859,AutoETS
21331,mape,0.5048584485495532,AutoETS
21342,mape,0.3928425318934481,AutoETS
21351,mape,0.08401764648335797,AutoETS
21352,mape,3.4121748771782556,AutoETS
21356,mape,0.6438132176373423,AutoETS
21361,mape,0.3707134733481095,AutoETS
21366,mape,3.1678737725293793,AutoETS
21376,mape,0.16606441567009209,AutoETS
21395,mape,0.0694290894201305,AutoETS
21402,mape,2.3007500682558333,AutoETS
21406,mape,0.45845184001055633,AutoETS
21407,mape,0.719649440712399,AutoETS
21411,mape,0.31306327496123215,AutoETS
21416,mape,0.4692337466156256,AutoETS
21421,mape,0.4229370355606079,AutoETS
21423,mape,0.3596661151983799,AutoETS
21427,mape,0.17353164638378207,AutoETS
21433,mape,0.2777299907419949,AutoETS
21437,mape,0.2667459157334988,AutoETS
21439,mape,0.758705325291439,AutoETS
21440,mape,0.31350579892492586,AutoETS
21447,mape,0.40141745047135785,AutoETS
21463,mape,0.04662759277282648,AutoETS
21467,mape,0.12882127527583392,AutoETS
21487,mape,0.5237025267004045,AutoETS
21492,mape,1.2888991262176182,AutoETS
21528,mape,1.0967088608909952,AutoETS
21552,mape,0.09790919962149124,AutoETS
21557,mape,0.49628169890178786,AutoETS
21567,mape,0.552863374025121,AutoETS
21568,mape,0.15087027521922539,AutoETS
21569,mape,1.9897628625233967,AutoETS
21578,mape,0.25038648516968925,AutoETS
21579,mape,0.5094175557812801,AutoETS
21580,mape,0.17491036580102934,AutoETS
21587,mape,1.0605002389134506,AutoETS
21590,mape,1.2947710141157494,AutoETS
21592,mape,0.08861711238583027,AutoETS
21605,mape,0.9311876046717684,AutoETS
21607,mape,0.17057787772521532,AutoETS
21608,mape,0.3203930948870029,AutoETS
21610,mape,0.2899065950836863,AutoETS
21611,mape,0.11139665410095044,AutoETS
21615,mape,0.362112227845249,AutoETS
21626,mape,0.23844834545852717,AutoETS
21629,mape,0.49884862212509984,AutoETS
21635,mape,0.64950353800597,AutoETS
21638,mape,0.1613869311344945,AutoETS
21646,mape,1.8484677704897796,AutoETS
21656,mape,0.3939689856309157,AutoETS
21659,mape,0.7854448914575707,AutoETS
21670,mape,1.5815297397422214,AutoETS
21674,mape,0.2998088088934696,AutoETS
21692,mape,0.0622707742547232,AutoETS
21694,mape,0.18380874316414264,AutoETS
19386,smape,0.12796605396412328,AutoETS
19392,smape,0.17372472345951387,AutoETS
19393,smape,0.09266833758233377,AutoETS
19514,smape,0.2274000873631962,AutoETS
19515,smape,0.12215892154368152,AutoETS
19517,smape,0.09272949772692657,AutoETS
19519,smape,0.07735130797246627,AutoETS
19520,smape,0.1215032299357887,AutoETS
19521,smape,0.31735630226165523,AutoETS
19522,smape,0.21669263673754172,AutoETS
19523,smape,0.0731226126926495,AutoETS
19524,smape,0.2143147199952557,AutoETS
19526,smape,0.044627055592482666,AutoETS
19527,smape,0.1341586106677908,AutoETS
19528,smape,0.261020735303122,AutoETS
19529,smape,0.08995121293130486,AutoETS
19530,smape,0.1133114197932181,AutoETS
19531,smape,0.09904830079240959,AutoETS
19532,smape,0.08255387348888223,AutoETS
19533,smape,0.04400682710118842,AutoETS
19534,smape,0.1551059313816499,AutoETS
19535,smape,0.08690547417104856,AutoETS
19536,smape,0.14916150286828167,AutoETS
19537,smape,0.06687527278106348,AutoETS
19538,smape,0.14321764282964083,AutoETS
19539,smape,0.17596607163959108,AutoETS
19540,smape,0.08255742837138591,AutoETS
19541,smape,0.14232378608294216,AutoETS
19542,smape,0.05338375587118262,AutoETS
19543,smape,0.12110671221085934,AutoETS
19544,smape,0.03533992374142967,AutoETS
19545,smape,0.04324404195834604,AutoETS
19546,smape,0.2706837444446375,AutoETS
19547,smape,0.11053669015908357,AutoETS
19548,smape,0.025542086600859992,AutoETS
19549,smape,0.11259713851090754,AutoETS
19550,smape,0.04253814938328641,AutoETS
19551,smape,0.06077552279350421,AutoETS
19552,smape,0.033984436055327666,AutoETS
19553,smape,0.25115368278619077,AutoETS
19554,smape,0.12191581750857611,AutoETS
19555,smape,0.18761588198786044,AutoETS
19556,smape,0.23505902827161648,AutoETS
19557,smape,0.20822793341048026,AutoETS
19558,smape,0.08260285309087968,AutoETS
19559,smape,0.04161619005072173,AutoETS
19561,smape,0.12245939086757403,AutoETS
19562,smape,0.15025685749854453,AutoETS
19563,smape,0.059816101123517,AutoETS
19564,smape,0.09254225423981925,AutoETS
19565,smape,0.0671537313504551,AutoETS
19566,smape,0.025694020730945084,AutoETS
19567,smape,0.20654615037083907,AutoETS
19568,smape,0.13289606028780085,AutoETS
19569,smape,0.08937220760247801,AutoETS
19570,smape,0.0393407347899687,AutoETS
19571,smape,0.057601749394445574,AutoETS
19572,smape,0.11808617689219693,AutoETS
19573,smape,0.14153136267470506,AutoETS
19574,smape,0.0801661756039594,AutoETS
19575,smape,0.18369763341957301,AutoETS
19576,smape,0.13290753657396895,AutoETS
19577,smape,0.17878142049754753,AutoETS
19579,smape,0.42860647983579875,AutoETS
19580,smape,0.0747091599689703,AutoETS
19614,smape,0.2135207827903581,AutoETS
19616,smape,0.013159682337653236,AutoETS
19620,smape,0.1515585524542467,AutoETS
19623,smape,0.07790906428629933,AutoETS
19624,smape,0.0758636098849596,AutoETS
19635,smape,0.0,AutoETS
19650,smape,0.14108268862499848,AutoETS
19658,smape,0.20386932020809181,AutoETS
19662,smape,0.011466012310066904,AutoETS
19677,smape,0.23598886867961266,AutoETS
19678,smape,0.0,AutoETS
19682,smape,0.08175482448481637,AutoETS
19687,smape,0.059982358237725575,AutoETS
19690,smape,0.06898860036825993,AutoETS
19704,smape,0.05895625839559244,AutoETS
19728,smape,0.13812833764202115,AutoETS
19746,smape,0.06387481504476031,AutoETS
19747,smape,0.10184608951264086,AutoETS
19770,smape,0.09726988680047148,AutoETS
19778,smape,0.1977623724055417,AutoETS
19779,smape,0.04697151514818834,AutoETS
19789,smape,0.1683930120610384,AutoETS
19790,smape,0.04775425780551948,AutoETS
19791,smape,0.035129560988568925,AutoETS
19795,smape,0.020418219681446536,AutoETS
19804,smape,0.19585745877338198,AutoETS
19805,smape,0.05366506844461622,AutoETS
19812,smape,0.12359317421143184,AutoETS
19821,smape,0.33794414533550715,AutoETS
19829,smape,0.4444444444444444,AutoETS
19830,smape,0.25270230666188365,AutoETS
19839,smape,0.18674118146227592,AutoETS
19840,smape,0.06688929389405068,AutoETS
19852,smape,0.10280606244503326,AutoETS
19855,smape,0.08933719543422555,AutoETS
19856,smape,0.3852178787912114,AutoETS
19858,smape,0.39802242747622274,AutoETS
19865,smape,0.11937209454441085,AutoETS
19869,smape,0.1185263644311379,AutoETS
19873,smape,0.1783734390644352,AutoETS
19874,smape,0.17045106889415665,AutoETS
19875,smape,0.14999774369784932,AutoETS
19891,smape,0.28479870964728116,AutoETS
19892,smape,0.1140974992987511,AutoETS
19893,smape,0.24033514180464527,AutoETS
19894,smape,0.18600307668185642,AutoETS
19895,smape,0.2427620280492249,AutoETS
19896,smape,0.31527888293868744,AutoETS
19897,smape,0.2961924260734695,AutoETS
19898,smape,0.30367014155695266,AutoETS
19900,smape,0.3007194048717021,AutoETS
19910,smape,0.8039709323650213,AutoETS
19911,smape,0.04451319191241678,AutoETS
19912,smape,0.08687116867931342,AutoETS
19917,smape,0.03265602240973415,AutoETS
19930,smape,0.12106548273450032,AutoETS
19932,smape,0.19134143137469342,AutoETS
19933,smape,0.05551593378535162,AutoETS
19949,smape,0.08851134878380679,AutoETS
19952,smape,0.2867172765395818,AutoETS
19953,smape,0.06289444473998389,AutoETS
19954,smape,0.33911219856912134,AutoETS
19956,smape,0.24928236680585383,AutoETS
19958,smape,0.09365197390911031,AutoETS
19961,smape,0.37402315415121984,AutoETS
19972,smape,0.39756925367784623,AutoETS
19976,smape,0.2724110886040579,AutoETS
19977,smape,0.05507973277479697,AutoETS
19985,smape,0.3440599526075865,AutoETS
19991,smape,0.11068954270009558,AutoETS
19994,smape,0.20532217772516825,AutoETS
19995,smape,0.1690328824193836,AutoETS
19996,smape,0.22176044329694353,AutoETS
20003,smape,0.30826696395115144,AutoETS
20005,smape,0.03613868788642973,AutoETS
20007,smape,0.051088981050278696,AutoETS
20010,smape,0.17838379020514358,AutoETS
20016,smape,0.25919732130738826,AutoETS
20017,smape,0.08928440456554484,AutoETS
20019,smape,0.1613333829176563,AutoETS
20023,smape,0.18004220496005638,AutoETS
20025,smape,0.2745293639385386,AutoETS
20028,smape,0.13858998608080084,AutoETS
20029,smape,0.04389134795297969,AutoETS
20030,smape,0.20316444319740745,AutoETS
20034,smape,0.25319408061267407,AutoETS
20042,smape,0.14921765738444204,AutoETS
20043,smape,0.1817504160568149,AutoETS
20045,smape,0.16577201873316266,AutoETS
20046,smape,0.2724671369825212,AutoETS
20057,smape,0.16935909096127277,AutoETS
20059,smape,0.04239030696741206,AutoETS
20064,smape,0.1479141783703713,AutoETS
20065,smape,0.41862513772399196,AutoETS
20075,smape,0.07246943869562354,AutoETS
20080,smape,0.12827393061155853,AutoETS
20085,smape,0.18630162008940296,AutoETS
20088,smape,0.3566451117248082,AutoETS
20089,smape,0.08032188861346581,AutoETS
20090,smape,0.34496716993653614,AutoETS
20095,smape,0.5634924329230068,AutoETS
20100,smape,0.05969836765147016,AutoETS
20104,smape,0.1445188239413029,AutoETS
20105,smape,0.10955401247958235,AutoETS
20106,smape,0.884601211028212,AutoETS
20107,smape,0.019146951147310944,AutoETS
20108,smape,0.21051643995939665,AutoETS
20110,smape,0.215753802161775,AutoETS
20111,smape,0.07104360252877925,AutoETS
20114,smape,0.05333666651475696,AutoETS
20116,smape,0.11645119203395292,AutoETS
20119,smape,0.16237198344903636,AutoETS
20120,smape,0.4706299343266081,AutoETS
20123,smape,0.7202608231460188,AutoETS
20127,smape,0.23609317562909546,AutoETS
20133,smape,0.043520983084974665,AutoETS
20136,smape,0.3851098165591336,AutoETS
20138,smape,0.09405268022005624,AutoETS
20140,smape,0.2829702912348801,AutoETS
20147,smape,0.20524094516041438,AutoETS
20148,smape,0.03102283481576493,AutoETS
20149,smape,0.16672106180938256,AutoETS
20151,smape,0.05530092388383528,AutoETS
20152,smape,0.5863062208562277,AutoETS
20153,smape,0.08422260690871827,AutoETS
20155,smape,0.2846069563156904,AutoETS
20156,smape,0.09092356494491594,AutoETS
20162,smape,0.17052306102704332,AutoETS
20166,smape,0.0779920185658259,AutoETS
20167,smape,0.11632747761321391,AutoETS
20169,smape,0.20124173186315142,AutoETS
20170,smape,0.5486677503133008,AutoETS
20173,smape,0.45269551277494063,AutoETS
20177,smape,0.11618530144659883,AutoETS
20183,smape,0.0986948977441079,AutoETS
20185,smape,0.02997011750037131,AutoETS
20188,smape,0.04633225318577929,AutoETS
20190,smape,0.06552270445172395,AutoETS
20191,smape,0.13710540243559594,AutoETS
20193,smape,0.5317379228162568,AutoETS
20194,smape,0.14201105452169538,AutoETS
20195,smape,0.297096669778863,AutoETS
20200,smape,0.1905860569923338,AutoETS
20201,smape,0.7111187455832153,AutoETS
20203,smape,0.26841819625015506,AutoETS
20204,smape,0.2956669765410011,AutoETS
20206,smape,0.11728390737972044,AutoETS
20207,smape,0.23123082827707733,AutoETS
20208,smape,0.19238361771417406,AutoETS
20209,smape,0.038448528814495925,AutoETS
20210,smape,0.10290512349189194,AutoETS
20211,smape,0.21913115422413973,AutoETS
20213,smape,0.24498338638962938,AutoETS
20214,smape,0.21738149511852548,AutoETS
20216,smape,0.127462950352781,AutoETS
20218,smape,0.369077627608901,AutoETS
20221,smape,0.1706173801858395,AutoETS
20222,smape,0.11917578235376837,AutoETS
20227,smape,0.22267998717460014,AutoETS
20229,smape,0.08947043109572794,AutoETS
20230,smape,0.24096442964869608,AutoETS
20231,smape,0.1752863557726445,AutoETS
20232,smape,0.34545023936684943,AutoETS
20233,smape,0.05072867745673832,AutoETS
20234,smape,0.48024385103590705,AutoETS
20237,smape,0.6850340040781914,AutoETS
20250,smape,0.07509061939544312,AutoETS
20253,smape,0.1054323364607585,AutoETS
20254,smape,0.32123331995986315,AutoETS
20263,smape,0.27427234613649737,AutoETS
20266,smape,0.23053500875048247,AutoETS
20268,smape,0.08009889758014428,AutoETS
20272,smape,0.26623750573505656,AutoETS
20277,smape,0.10396010103043045,AutoETS
20278,smape,0.3832697774167644,AutoETS
20280,smape,0.0727449282544394,AutoETS
20284,smape,0.1627440833364439,AutoETS
20286,smape,0.2994958223320165,AutoETS
20292,smape,0.22031041767979584,AutoETS
20293,smape,0.263163560475434,AutoETS
20296,smape,0.15960848858047205,AutoETS
20302,smape,0.0,AutoETS
20303,smape,0.1955784391013753,AutoETS
20304,smape,0.09510174281257915,AutoETS
20305,smape,0.44117315132670465,AutoETS
20308,smape,0.2287537866146955,AutoETS
20309,smape,0.17141844081920657,AutoETS
20310,smape,0.23321716232650053,AutoETS
20312,smape,0.17853910012132712,AutoETS
20313,smape,0.128242602108177,AutoETS
20314,smape,0.3335188120449691,AutoETS
20331,smape,0.159499527435149,AutoETS
20334,smape,0.37318323830180083,AutoETS
20335,smape,0.48526041128543046,AutoETS
20344,smape,0.5062857847468398,AutoETS
20348,smape,0.03162766117172283,AutoETS
20355,smape,0.08338717231630308,AutoETS
20356,smape,0.09577914576302121,AutoETS
20357,smape,0.09178599515779323,AutoETS
20359,smape,0.036840734609316396,AutoETS
20360,smape,0.3614915785563736,AutoETS
20362,smape,0.034691967654887586,AutoETS
20363,smape,0.07536743988759498,AutoETS
20364,smape,0.34672990633104583,AutoETS
20366,smape,0.1279128210193764,AutoETS
20368,smape,0.16927708531527227,AutoETS
20370,smape,0.06628902901494672,AutoETS
20372,smape,0.2773765137819063,AutoETS
20373,smape,0.11584788169327129,AutoETS
20374,smape,0.09819563416136506,AutoETS
20375,smape,0.17271754608498208,AutoETS
20377,smape,0.34127287064507017,AutoETS
20378,smape,0.048111083437225595,AutoETS
20380,smape,0.029604857639801998,AutoETS
20387,smape,0.2398788543168868,AutoETS
20392,smape,0.03205800747899598,AutoETS
20393,smape,0.10673704436450167,AutoETS
20394,smape,0.28726809333796877,AutoETS
20397,smape,0.22971592790258352,AutoETS
20398,smape,0.04685258737633218,AutoETS
20399,smape,0.5695610908232902,AutoETS
20400,smape,0.40224299311958095,AutoETS
20401,smape,0.24278744359666815,AutoETS
20402,smape,0.1968105700425644,AutoETS
20405,smape,0.4754983808767417,AutoETS
20406,smape,0.19508468220604558,AutoETS
20408,smape,0.287881676319915,AutoETS
20409,smape,0.06054446664665141,AutoETS
20414,smape,0.1696697180960661,AutoETS
20415,smape,0.1370720797152193,AutoETS
20416,smape,0.15129375548344415,AutoETS
20417,smape,0.4833320455004821,AutoETS
20418,smape,0.15266091896289008,AutoETS
20421,smape,0.23406128181155939,AutoETS
20422,smape,0.4436158139489352,AutoETS
20423,smape,0.4190882569922385,AutoETS
20427,smape,0.13344338888040697,AutoETS
20428,smape,0.4779141997548584,AutoETS
20436,smape,0.17915835518380446,AutoETS
20437,smape,0.19281173777511007,AutoETS
20440,smape,0.055787744947383144,AutoETS
20445,smape,0.9680400436297059,AutoETS
20446,smape,0.10612066262446998,AutoETS
20447,smape,0.4924317618968004,AutoETS
20448,smape,0.41099446142744195,AutoETS
20452,smape,0.08383907320426696,AutoETS
20453,smape,0.19758118287838197,AutoETS
20500,smape,0.1656109498400962,AutoETS
21007,smape,0.5806823314365696,AutoETS
21008,smape,0.0,AutoETS
21035,smape,0.10742603042786801,AutoETS
21040,smape,0.3097815160454326,AutoETS
21059,smape,0.041883234888908494,AutoETS
21061,smape,0.1613527233822385,AutoETS
21080,smape,0.5894340968916638,AutoETS
21084,smape,0.07656941761725079,AutoETS
21094,smape,0.5417379137550019,AutoETS
21107,smape,0.1824134414305068,AutoETS
21121,smape,0.2860004340865671,AutoETS
21131,smape,0.16535983700597243,AutoETS
21134,smape,0.2098557497534715,AutoETS
21136,smape,0.0,AutoETS
21142,smape,0.06970131944634027,AutoETS
21147,smape,0.31631172743841646,AutoETS
21158,smape,0.0,AutoETS
21160,smape,0.3436384324339074,AutoETS
21161,smape,0.019813408324602377,AutoETS
21167,smape,0.18417309772546644,AutoETS
21171,smape,0.20380075028796596,AutoETS
21186,smape,0.11283078488085259,AutoETS
21196,smape,0.2557635328080569,AutoETS
21202,smape,0.1589684629917674,AutoETS
21226,smape,0.10771738127848916,AutoETS
21231,smape,0.6494950273336221,AutoETS
21236,smape,0.8375730669947524,AutoETS
21258,smape,0.2550223708373005,AutoETS
21261,smape,0.021140148048133925,AutoETS
21262,smape,0.014137558201522574,AutoETS
21266,smape,0.07224769632801951,AutoETS
21271,smape,0.1331600509111456,AutoETS
21306,smape,0.04247806782403903,AutoETS
21308,smape,0.17861122705315777,AutoETS
21309,smape,0.24239879845504023,AutoETS
21331,smape,0.14601589108573557,AutoETS
21342,smape,0.25348680254427053,AutoETS
21351,smape,0.0427298537500416,AutoETS
21352,smape,0.4424025150432294,AutoETS
21356,smape,0.14937605339175278,AutoETS
21361,smape,0.24164592642370236,AutoETS
21366,smape,0.3313722550527426,AutoETS
21376,smape,0.09384292032923497,AutoETS
21395,smape,0.03216164565767595,AutoETS
21402,smape,0.2023720478062476,AutoETS
21406,smape,0.12221467044341115,AutoETS
21407,smape,0.17908989611560439,AutoETS
21411,smape,0.13075164794850325,AutoETS
21416,smape,0.13739548720302164,AutoETS
21421,smape,0.059952140199588735,AutoETS
21423,smape,0.1088073946090737,AutoETS
21427,smape,0.09595862847380739,AutoETS
21433,smape,0.17202078731995984,AutoETS
21437,smape,0.10500846106807717,AutoETS
21439,smape,0.6784448029410817,AutoETS
21440,smape,0.18710218474286455,AutoETS
21447,smape,0.16205684003686163,AutoETS
21463,smape,0.021290595564506097,AutoETS
21467,smape,0.06632892001221426,AutoETS
21487,smape,0.17515081009093444,AutoETS
21492,smape,0.2865484899123242,AutoETS
21528,smape,0.32648640070716717,AutoETS
21552,smape,0.04295599481431846,AutoETS
21557,smape,0.09398415305348257,AutoETS
21567,smape,0.1910731636663188,AutoETS
21568,smape,0.06142683090961803,AutoETS
21569,smape,0.07956906637295875,AutoETS
21578,smape,0.10562391099331576,AutoETS
21579,smape,0.16909451698162642,AutoETS
21580,smape,0.08309906774751824,AutoETS
21587,smape,0.2897862734472749,AutoETS
21590,smape,0.26098446471343073,AutoETS
21592,smape,0.04037451944221776,AutoETS
21605,smape,0.9183267645261503,AutoETS
21607,smape,0.06573880844087593,AutoETS
21608,smape,0.11951961995139723,AutoETS
21610,smape,0.17564351412115878,AutoETS
21611,smape,0.052455665464302303,AutoETS
21615,smape,0.16266611939919104,AutoETS
21626,smape,0.1059118557953056,AutoETS
21629,smape,0.18942361480835979,AutoETS
21635,smape,0.21672581703471072,AutoETS
21638,smape,0.08713552105489904,AutoETS
21646,smape,0.2512054851349071,AutoETS
21656,smape,0.1475554589085548,AutoETS
21659,smape,0.23751013001855037,AutoETS
21670,smape,0.8783004162941209,AutoETS
21674,smape,0.1205824592332677,AutoETS
21692,smape,0.026409586712862837,AutoETS
21694,smape,0.09511369707270302,AutoETS
19386,mae,945.0757378472222,Theta
19392,mae,37.97036658393012,Theta
19393,mae,512.1128607855903,Theta
19514,mae,7.059280693531036,Theta
19515,mae,49.5265384250217,Theta
19517,mae,5.28129948510064,Theta
19519,mae,14.626111647661995,Theta
19520,mae,5.310457502092634,Theta
19521,mae,47.116661919487846,Theta
19522,mae,54.58111911349826,Theta
19523,mae,276.99981689453125,Theta
19524,mae,14.670111974080404,Theta
19526,mae,3.2967185974121094,Theta
19527,mae,23.26209937201606,Theta
19528,mae,21.231018622716267,Theta
19529,mae,50.91243998209635,Theta
19530,mae,7.141823238796658,Theta
19531,mae,658.1717664930555,Theta
19532,mae,183.63732231987848,Theta
19533,mae,28.14171685112847,Theta
19534,mae,516.6360609266493,Theta
19535,mae,13.123920016818577,Theta
19536,mae,35.31872304280599,Theta
19537,mae,129.6688469780816,Theta
19538,mae,36.99883948432075,Theta
19539,mae,134.18574015299478,Theta
19540,mae,401.04541015625,Theta
19541,mae,17.134801528033087,Theta
19542,mae,64.93507215711806,Theta
19543,mae,122.1093037923177,Theta
19544,mae,38.897365993923614,Theta
19545,mae,23.012434217664932,Theta
19546,mae,345.7461751302083,Theta
19547,mae,100.6395263671875,Theta
19548,mae,49.81867133246528,Theta
19549,mae,107.53453572591145,Theta
19550,mae,74.35942925347223,Theta
19551,mae,75.37117513020833,Theta
19552,mae,28.881339179144966,Theta
19553,mae,15.145106633504232,Theta
19554,mae,372.03526475694446,Theta
19555,mae,83.14829678005643,Theta
19556,mae,49.855835808648,Theta
19557,mae,47.329659356011284,Theta
19558,mae,42.53004116482205,Theta
19559,mae,239.77248806423611,Theta
19561,mae,13.116483476426867,Theta
19562,mae,140.34049479166666,Theta
19563,mae,1.6656629774305556,Theta
19564,mae,60.25124274359809,Theta
19565,mae,5.058609457576976,Theta
19566,mae,21.723936292860245,Theta
19567,mae,71.94822014702692,Theta
19568,mae,30.41810353597005,Theta
19569,mae,5.204573737250434,Theta
19570,mae,7.446309831407335,Theta
19571,mae,59.450890435112846,Theta
19572,mae,106.9693603515625,Theta
19573,mae,65.02457851833768,Theta
19574,mae,143.77482096354166,Theta
19575,mae,1.3606366051567926,Theta
19576,mae,82.89841206868489,Theta
19577,mae,269.0873448988971,Theta
19579,mae,4.653014631832347,Theta
19580,mae,15.61587185329861,Theta
19614,mae,11.585597568088108,Theta
19616,mae,1.5738006167941623,Theta
19620,mae,2.9552989857537404,Theta
19623,mae,108.86288452148438,Theta
19624,mae,19.527002970377605,Theta
19635,mae,,Theta
19650,mae,55.17281172010634,Theta
19658,mae,25.881820678710938,Theta
19662,mae,3.4157091776529946,Theta
19677,mae,25.568697087904987,Theta
19678,mae,,Theta
19682,mae,188.55828179253473,Theta
19687,mae,107.5488993326823,Theta
19690,mae,70.71377563476562,Theta
19704,mae,933.9150390625,Theta
19728,mae,1.9882187843322754,Theta
19746,mae,5.747687445746528,Theta
19747,mae,14.214103062947592,Theta
19770,mae,551.9004448784722,Theta
19778,mae,45.419277736118865,Theta
19779,mae,94.93930392795139,Theta
19789,mae,57.445902506510414,Theta
19790,mae,1114.5042317708333,Theta
19791,mae,55.49614461263021,Theta
19795,mae,1.3411998748779297,Theta
19804,mae,5.201982021331787,Theta
19805,mae,1656.951171875,Theta
19812,mae,29.033558739556206,Theta
19821,mae,665.1012912326389,Theta
19829,mae,49.44168854691088,Theta
19830,mae,68.46257230970595,Theta
19839,mae,41.40884908040365,Theta
19840,mae,1.9156680636935763,Theta
19852,mae,142.50545586480035,Theta
19855,mae,2.4953552559018135,Theta
19856,mae,16.149395836724175,Theta
19858,mae,16.235563005719865,Theta
19865,mae,15.23608144124349,Theta
19869,mae,15.77957763671875,Theta
19873,mae,78.32205200195312,Theta
19874,mae,23.910686220441544,Theta
19875,mae,78.26055230034723,Theta
19891,mae,12.033408059014214,Theta
19892,mae,15.113481140136718,Theta
19893,mae,31.96860800849067,Theta
19894,mae,16.009037441677517,Theta
19895,mae,11.949253797531128,Theta
19896,mae,11.941773021922392,Theta
19897,mae,8.950326071845161,Theta
19898,mae,97.52611202663846,Theta
19900,mae,12.134009732140434,Theta
19910,mae,14.371765673160553,Theta
19911,mae,31.18978542751736,Theta
19912,mae,30.137728373209637,Theta
19917,mae,77.47451443142361,Theta
19930,mae,255.1628180609809,Theta
19932,mae,30.49185085296631,Theta
19933,mae,30.598892211914062,Theta
19949,mae,7.239121543036567,Theta
19952,mae,122.52581956651476,Theta
19953,mae,41.04361179896763,Theta
19954,mae,4.740135129292806,Theta
19956,mae,31.290879991319443,Theta
19958,mae,57.111031426323784,Theta
19961,mae,101.09205470365636,Theta
19972,mae,25.559449415940506,Theta
19976,mae,20.26747283563018,Theta
19977,mae,1518.724338107639,Theta
19985,mae,4.825709735645967,Theta
19991,mae,217.89670138888889,Theta
19994,mae,35.09149254692925,Theta
19995,mae,64.58648512098524,Theta
19996,mae,15.406328837076822,Theta
20003,mae,10.490851720174154,Theta
20005,mae,46.504130045572914,Theta
20007,mae,60.89130655924479,Theta
20010,mae,24.634180704752605,Theta
20016,mae,141.18517049153647,Theta
20017,mae,142.67440456814236,Theta
20019,mae,84.33075205485027,Theta
20023,mae,18.80166714008038,Theta
20025,mae,47.828814923763275,Theta
20028,mae,18.198421902126736,Theta
20029,mae,26.51446278889974,Theta
20030,mae,1.3605972528457642,Theta
20034,mae,5.427249789237976,Theta
20042,mae,13.382163365681967,Theta
20043,mae,6.677109400431315,Theta
20045,mae,4.4338573879665795,Theta
20046,mae,435.00438096788196,Theta
20057,mae,12.718864228990343,Theta
20059,mae,9.147090488009983,Theta
20064,mae,8.243237495422363,Theta
20065,mae,68.85684627956815,Theta
20075,mae,9.367749158073874,Theta
20080,mae,5.2210199568006725,Theta
20085,mae,21.572614669799805,Theta
20088,mae,56.189753139720246,Theta
20089,mae,3.15106621910544,Theta
20090,mae,46.27911376953125,Theta
20095,mae,32.04811689588759,Theta
20100,mae,29.36310492621528,Theta
20104,mae,9.609122806125217,Theta
20105,mae,8.099829567803276,Theta
20106,mae,9.247332068050609,Theta
20107,mae,84.10625542534723,Theta
20108,mae,54.82400533888075,Theta
20110,mae,2.0831274456448026,Theta
20111,mae,15.766785091824001,Theta
20114,mae,0.9941853417290581,Theta
20116,mae,116.68440755208333,Theta
20119,mae,24.407508002387154,Theta
20120,mae,140.5827178955078,Theta
20123,mae,8.627662128872341,Theta
20127,mae,64.23043733484604,Theta
20133,mae,38.74255032009549,Theta
20136,mae,6.1489286331030035,Theta
20138,mae,8.867480595906576,Theta
20140,mae,25.944116804334854,Theta
20147,mae,144.65014478895398,Theta
20148,mae,5.424329121907552,Theta
20149,mae,23.57118648952908,Theta
20151,mae,30.966964721679688,Theta
20152,mae,174.5976850721571,Theta
20153,mae,22.13183085123698,Theta
20155,mae,105.4060287475586,Theta
20156,mae,16.795788235134548,Theta
20162,mae,38.0534766702091,Theta
20166,mae,30.537273830837673,Theta
20167,mae,93.13160705566406,Theta
20169,mae,2.20864691053118,Theta
20170,mae,707.4595865885417,Theta
20173,mae,269.8644833034939,Theta
20177,mae,9.291171391805014,Theta
20183,mae,10.416736814710829,Theta
20185,mae,39.156945122612846,Theta
20188,mae,22.841648525661892,Theta
20190,mae,24.354616052964154,Theta
20191,mae,60.567281087239586,Theta
20193,mae,157.91659800211588,Theta
20194,mae,97.30401780870226,Theta
20195,mae,60.50532870822482,Theta
20200,mae,110.88761393229167,Theta
20201,mae,11.657281090231503,Theta
20203,mae,68.53057946099176,Theta
20204,mae,85.6725222269694,Theta
20206,mae,538.2456868489584,Theta
20207,mae,101.90254974365234,Theta
20208,mae,35.81072107950846,Theta
20209,mae,6.092307620578342,Theta
20210,mae,18.770601545061385,Theta
20211,mae,369.50336371527777,Theta
20213,mae,3.625264251933378,Theta
20214,mae,1.3396127132269053,Theta
20216,mae,15.470287746853298,Theta
20218,mae,52.974382400512695,Theta
20221,mae,4.826695283253987,Theta
20222,mae,6.812730577256945,Theta
20227,mae,17.276373121473526,Theta
20229,mae,578.2416042751736,Theta
20230,mae,28.070166693793404,Theta
20231,mae,51.2646115620931,Theta
20232,mae,50.26437844170464,Theta
20233,mae,58.55620998806424,Theta
20234,mae,39.09681362575955,Theta
20237,mae,434.8016948699951,Theta
20250,mae,111.92879570855035,Theta
20253,mae,199.96427069769965,Theta
20254,mae,421.2450764973958,Theta
20263,mae,1.4354668590757582,Theta
20266,mae,1.7671344121297201,Theta
20268,mae,3.4731847974989147,Theta
20272,mae,206.9489949544271,Theta
20277,mae,111.23569064670139,Theta
20278,mae,43.427291022406685,Theta
20280,mae,64.89694213867188,Theta
20284,mae,17.232243129185267,Theta
20286,mae,90.83886210123698,Theta
20292,mae,69.26670752631293,Theta
20293,mae,1290.0440131293403,Theta
20296,mae,27.68666704963235,Theta
20302,mae,,Theta
20303,mae,5.825863389407887,Theta
20304,mae,287.90086534288196,Theta
20305,mae,15.778885311550564,Theta
20308,mae,27.836204528808594,Theta
20309,mae,16.098506503634983,Theta
20310,mae,39.56118819292854,Theta
20312,mae,46.74565760294596,Theta
20313,mae,67.25841946072049,Theta
20314,mae,3.2877610296010973,Theta
20331,mae,3.8438117027282717,Theta
20334,mae,149.42141681247287,Theta
20335,mae,58.82761348377574,Theta
20344,mae,112.64900207519531,Theta
20348,mae,4.266437530517578,Theta
20355,mae,642.3297254774305,Theta
20356,mae,13.927213456895617,Theta
20357,mae,15.8979369269477,Theta
20359,mae,1.5256322622299194,Theta
20360,mae,45.670171949598526,Theta
20362,mae,9.485101487901476,Theta
20363,mae,347.286126030816,Theta
20364,mae,53.38878356085883,Theta
20366,mae,448.048590766059,Theta
20368,mae,13.740652614169651,Theta
20370,mae,39.098246256510414,Theta
20372,mae,19.344058990478516,Theta
20373,mae,3.55799400806427,Theta
20374,mae,903.687255859375,Theta
20375,mae,14.024529139200846,Theta
20377,mae,60.63549571567111,Theta
20378,mae,198.6497056749132,Theta
20380,mae,3.2592721826889934,Theta
20387,mae,28.22148651546902,Theta
20392,mae,70.97749159071181,Theta
20393,mae,327.5021226671007,Theta
20394,mae,61.299451192220054,Theta
20397,mae,178.59693654378256,Theta
20398,mae,206.27700466579861,Theta
20399,mae,40.27838897705078,Theta
20400,mae,75.24376787458148,Theta
20401,mae,274.3297305636936,Theta
20402,mae,18.83905455645393,Theta
20405,mae,14.104480425516764,Theta
20406,mae,1.5519047021865844,Theta
20408,mae,3.7359569470087686,Theta
20409,mae,692.9618326822916,Theta
20414,mae,408.47854953342016,Theta
20415,mae,25.192802005343967,Theta
20416,mae,638.544175889757,Theta
20417,mae,506.29172770182294,Theta
20418,mae,110.04227871365018,Theta
20421,mae,168.91893513997397,Theta
20422,mae,211.82852109273276,Theta
20423,mae,164.25214301215277,Theta
20427,mae,180.54718356662326,Theta
20428,mae,5.69938866297404,Theta
20436,mae,172.94177754720053,Theta
20437,mae,349.30594211154516,Theta
20440,mae,14.47926245795356,Theta
20445,mae,255.7868546081914,Theta
20446,mae,4.885556115044488,Theta
20447,mae,72.11382966883042,Theta
20448,mae,319.48262193467883,Theta
20452,mae,232.4206068250868,Theta
20453,mae,120.6728515625,Theta
20500,mae,104.56744045681424,Theta
21007,mae,2.539779007434845,Theta
21008,mae,,Theta
21035,mae,1.2491662502288818,Theta
21040,mae,1.4062534272670746,Theta
21059,mae,2.9497799343532987,Theta
21061,mae,63.328306310317096,Theta
21080,mae,307.55929480658637,Theta
21084,mae,9.419243706597221,Theta
21094,mae,3.3814320829179554,Theta
21107,mae,116.84000481499567,Theta
21121,mae,27.15009223090278,Theta
21131,mae,1.7670557498931885,Theta
21134,mae,1.3322395881017048,Theta
21136,mae,,Theta
21142,mae,11.477367824978298,Theta
21147,mae,2.7690409660339355,Theta
21158,mae,,Theta
21160,mae,2.50711789727211,Theta
21161,mae,178.2281494140625,Theta
21167,mae,284.5403238932292,Theta
21171,mae,48.17215008205838,Theta
21186,mae,1.253467008471489,Theta
21196,mae,1.9590728018018935,Theta
21202,mae,2.1363131205240884,Theta
21226,mae,286.90633816189234,Theta
21231,mae,76.49202299118042,Theta
21236,mae,65.77177028095021,Theta
21258,mae,67.74628024631076,Theta
21261,mae,6.031551784939236,Theta
21262,mae,38.47297837999132,Theta
21266,mae,3.1371910095214846,Theta
21271,mae,82.635740492079,Theta
21306,mae,0.9719418798174176,Theta
21308,mae,1.807092398405075,Theta
21309,mae,3.2709471119774713,Theta
21331,mae,1.2102736234664917,Theta
21342,mae,130.2074406941732,Theta
21351,mae,223.2208455403646,Theta
21352,mae,9.529077081119313,Theta
21356,mae,20.02286656697591,Theta
21361,mae,175.71350606282553,Theta
21366,mae,58.10281378882272,Theta
21376,mae,34.1207521226671,Theta
21395,mae,9.983316209581163,Theta
21402,mae,2.3466785635266985,Theta
21406,mae,0.9297621033408425,Theta
21407,mae,1.0119201143582661,Theta
21411,mae,142.73306274414062,Theta
21416,mae,42.2920650906033,Theta
21421,mae,0.5592461427052816,Theta
21423,mae,1.3027140910808856,Theta
21427,mae,54.1172252231174,Theta
21433,mae,31.873199462890625,Theta
21437,mae,21.805522245519303,Theta
21439,mae,2155.7090752545523,Theta
21440,mae,6.387099583943685,Theta
21447,mae,1.3135072751478716,Theta
21463,mae,3.7921070522732205,Theta
21467,mae,3.501406389124253,Theta
21487,mae,67.10430145263672,Theta
21492,mae,56.247181786431206,Theta
21528,mae,36.6982307434082,Theta
21552,mae,1.6558349833768957,Theta
21557,mae,16.89592022365994,Theta
21567,mae,32.459916008843315,Theta
21568,mae,15.061206593232995,Theta
21569,mae,1.838351806004842,Theta
21578,mae,242.44329833984375,Theta
21579,mae,265.1878967285156,Theta
21580,mae,4.31111388736301,Theta
21587,mae,41.48182635837131,Theta
21590,mae,2.6249521328852725,Theta
21592,mae,30.269805908203125,Theta
21605,mae,156.4394211024046,Theta
21607,mae,6.169663959079319,Theta
21608,mae,14.711366653442383,Theta
21610,mae,519.6326565212673,Theta
21611,mae,303.10234917534723,Theta
21615,mae,7.135397593180339,Theta
21626,mae,21.692299313015408,Theta
21629,mae,28.570558336046005,Theta
21635,mae,5.008887714809841,Theta
21638,mae,36.90156131320529,Theta
21646,mae,2.4163706519386987,Theta
21656,mae,1.796344702060406,Theta
21659,mae,20.479958004421658,Theta
21670,mae,20.114688661363388,Theta
21674,mae,17.60377926296658,Theta
21692,mae,1.0441653728485107,Theta
21694,mae,3.6306419372558594,Theta
19386,mse,1243270.1954028076,Theta
19392,mse,2237.446120896493,Theta
19393,mse,341388.1813924081,Theta
19514,mse,58.44624306199336,Theta
19515,mse,4511.885118667502,Theta
19517,mse,53.78227052654802,Theta
19519,mse,351.2309582826223,Theta
19520,mse,68.81936645704263,Theta
19521,mse,2780.325555578909,Theta
19522,mse,4690.043710056796,Theta
19523,mse,144784.82175427757,Theta
19524,mse,269.53656781009096,Theta
19526,mse,21.77785252686105,Theta
19527,mse,920.5159355311577,Theta
19528,mse,664.1406266882932,Theta
19529,mse,7378.85154934067,Theta
19530,mse,89.01378786756443,Theta
19531,mse,845763.2120735976,Theta
19532,mse,52065.71385897944,Theta
19533,mse,1452.4200727650896,Theta
19534,mse,359145.4804861951,Theta
19535,mse,419.0707768351098,Theta
19536,mse,1937.7013294000515,Theta
19537,mse,21148.79444934531,Theta
19538,mse,1659.5786278238131,Theta
19539,mse,26209.450786142403,Theta
19540,mse,363350.6180116932,Theta
19541,mse,778.5409329754082,Theta
19542,mse,7548.827942361848,Theta
19543,mse,36074.71748471446,Theta
19544,mse,3392.50083035272,Theta
19545,mse,1071.2844640117967,Theta
19546,mse,157835.10079780925,Theta
19547,mse,15205.211925705687,Theta
19548,mse,4513.258728706174,Theta
19549,mse,17533.295362408997,Theta
19550,mse,16440.741108227106,Theta
19551,mse,9068.970935510264,Theta
19552,mse,1738.8583350567044,Theta
19553,mse,295.2458898043203,Theta
19554,mse,222363.06803830466,Theta
19555,mse,8765.20852600954,Theta
19556,mse,6661.180024260254,Theta
19557,mse,3736.900491715564,Theta
19558,mse,2548.602588061502,Theta
19559,mse,129727.0758217242,Theta
19561,mse,236.0967079526001,Theta
19562,mse,30910.701376625646,Theta
19563,mse,4.252589199262325,Theta
19564,mse,5580.622447974204,Theta
19565,mse,76.54119876309585,Theta
19566,mse,900.6495890330212,Theta
19567,mse,10327.662753178764,Theta
19568,mse,1153.03992659931,Theta
19569,mse,66.89317597721109,Theta
19570,mse,161.73266019487508,Theta
19571,mse,6963.546642041248,Theta
19572,mse,12300.160921517978,Theta
19573,mse,7529.340296428495,Theta
19574,mse,28129.35124490534,Theta
19575,mse,3.4537667823129192,Theta
19576,mse,10989.617673946803,Theta
19577,mse,91294.5867291759,Theta
19579,mse,25.468973972621075,Theta
19580,mse,380.76141837617615,Theta
19614,mse,180.6868311277552,Theta
19616,mse,3.935845195044951,Theta
19620,mse,13.492426651602527,Theta
19623,mse,23780.699701078443,Theta
19624,mse,688.0606577456929,Theta
19635,mse,,Theta
19650,mse,4845.810956037306,Theta
19658,mse,1389.0769653998298,Theta
19662,mse,16.01728966838305,Theta
19677,mse,1131.358812793693,Theta
19678,mse,,Theta
19682,mse,57638.238219185005,Theta
19687,mse,17341.316047310207,Theta
19690,mse,6494.060061503823,Theta
19704,mse,1157439.2097346252,Theta
19728,mse,6.914548945298874,Theta
19746,mse,80.43112130434666,Theta
19747,mse,329.7303687331579,Theta
19770,mse,1702037.4079745081,Theta
19778,mse,3042.629657809182,Theta
19779,mse,30810.972125253742,Theta
19789,mse,5364.778760006444,Theta
19790,mse,2166049.894414372,Theta
19791,mse,3934.5653882699294,Theta
19795,mse,2.428369713737791,Theta
19804,mse,95.81475555048148,Theta
19805,mse,4472552.5145362215,Theta
19812,mse,1119.4606034276626,Theta
19821,mse,504120.5941374302,Theta
19829,mse,4078.135047038102,Theta
19830,mse,6176.276504740531,Theta
19839,mse,2256.1486255556033,Theta
19840,mse,5.192316207645086,Theta
19852,mse,41050.06523398744,Theta
19855,mse,7.87242499463646,Theta
19856,mse,279.1237327346866,Theta
19858,mse,300.83330439334674,Theta
19865,mse,356.5145788626241,Theta
19869,mse,868.8337183217984,Theta
19873,mse,9002.372505208892,Theta
19874,mse,607.2720675479397,Theta
19875,mse,11231.358537492342,Theta
19891,mse,179.39773198828092,Theta
19892,mse,309.73717642949634,Theta
19893,mse,1057.047349737113,Theta
19894,mse,411.2949602049905,Theta
19895,mse,251.23261422134783,Theta
19896,mse,230.41653835015592,Theta
19897,mse,98.32625781931831,Theta
19898,mse,11403.624540299139,Theta
19900,mse,168.4615897806273,Theta
19910,mse,280.58877758967986,Theta
19911,mse,1345.881036842035,Theta
19912,mse,1539.6610263143277,Theta
19917,mse,9895.254647336073,Theta
19930,mse,85836.29402065463,Theta
19932,mse,1275.0860982126835,Theta
19933,mse,1326.4538989651223,Theta
19949,mse,66.67503742690396,Theta
19952,mse,21846.0172273958,Theta
19953,mse,2405.3480908710376,Theta
19954,mse,30.968426008144586,Theta
19956,mse,1440.2422474393582,Theta
19958,mse,18437.82418976295,Theta
19961,mse,17965.70283262965,Theta
19972,mse,924.9326804247864,Theta
19976,mse,841.7938450747436,Theta
19977,mse,3706950.1532095275,Theta
19985,mse,24.540573411050847,Theta
19991,mse,62680.516619609465,Theta
19994,mse,1924.0048393013421,Theta
19995,mse,6778.43859658561,Theta
19996,mse,656.9200750741098,Theta
20003,mse,136.2305182919,Theta
20005,mse,4166.483335436218,Theta
20007,mse,5337.880264924839,Theta
20010,mse,698.3298983763606,Theta
20016,mse,29349.875362641487,Theta
20017,mse,26709.96498161306,Theta
20019,mse,9985.880398068177,Theta
20023,mse,520.4524845397912,Theta
20025,mse,2639.889371826659,Theta
20028,mse,492.48843765227747,Theta
20029,mse,1052.696212442346,Theta
20030,mse,3.3880585874705766,Theta
20034,mse,45.48091302918215,Theta
20042,mse,309.3335762640741,Theta
20043,mse,72.76086055978482,Theta
20045,mse,40.2480264671564,Theta
20046,mse,255224.43238617646,Theta
20057,mse,244.6787827207081,Theta
20059,mse,138.04893519895592,Theta
20064,mse,88.51591367760092,Theta
20065,mse,6046.394520821283,Theta
20075,mse,112.15638214795635,Theta
20080,mse,38.3413719957886,Theta
20085,mse,622.0663035015402,Theta
20088,mse,5073.454427488733,Theta
20089,mse,11.89408593130338,Theta
20090,mse,2488.247569996398,Theta
20095,mse,1163.4776060625252,Theta
20100,mse,1913.8717529922724,Theta
20104,mse,135.15765910310114,Theta
20105,mse,113.75964953973906,Theta
20106,mse,262.6071438522346,Theta
20107,mse,12630.653285834524,Theta
20108,mse,3703.4447226397147,Theta
20110,mse,6.077313221364749,Theta
20111,mse,637.5259636528176,Theta
20114,mse,1.4764248305880554,Theta
20116,mse,24491.084854602814,Theta
20119,mse,1241.6931258912728,Theta
20120,mse,21958.428531205747,Theta
20123,mse,84.23266175693283,Theta
20127,mse,8621.618735685028,Theta
20133,mse,3360.107003222116,Theta
20136,mse,48.11835583868172,Theta
20138,mse,90.53275689855299,Theta
20140,mse,918.7001443267314,Theta
20147,mse,34735.666223875814,Theta
20148,mse,40.89808367654526,Theta
20149,mse,872.2779813871036,Theta
20151,mse,1585.5447757811698,Theta
20152,mse,31420.467123741826,Theta
20153,mse,712.1398078870131,Theta
20155,mse,12295.97130697465,Theta
20156,mse,386.61872870343115,Theta
20162,mse,1896.2622665979982,Theta
20166,mse,3999.556342777951,Theta
20167,mse,11495.198028869772,Theta
20169,mse,10.861806134410958,Theta
20170,mse,507439.08078488905,Theta
20173,mse,89057.35463332887,Theta
20177,mse,146.37328482246005,Theta
20183,mse,236.7095911939436,Theta
20185,mse,3404.138974348083,Theta
20188,mse,878.8772266408972,Theta
20190,mse,900.7385100067648,Theta
20191,mse,6257.593852375634,Theta
20193,mse,30446.652244965197,Theta
20194,mse,12884.136829783778,Theta
20195,mse,5025.792057610065,Theta
20200,mse,13122.850799726115,Theta
20201,mse,168.06595764927283,Theta
20203,mse,7021.008801587146,Theta
20204,mse,14401.020583222986,Theta
20206,mse,748888.0042862495,Theta
20207,mse,10460.479456381834,Theta
20208,mse,2194.6750556905918,Theta
20209,mse,243.55153480268686,Theta
20210,mse,430.82783921932736,Theta
20211,mse,267757.13237128156,Theta
20213,mse,17.134857555689276,Theta
20214,mse,2.5742994548499376,Theta
20216,mse,402.20449288640197,Theta
20218,mse,3810.90605422121,Theta
20221,mse,32.49672401342817,Theta
20222,mse,141.0529418990223,Theta
20227,mse,342.115171124389,Theta
20229,mse,506804.2085625231,Theta
20230,mse,1740.6173133080026,Theta
20231,mse,3709.066233290958,Theta
20232,mse,3357.24104265274,Theta
20233,mse,10433.90766007805,Theta
20234,mse,1803.521502055818,Theta
20237,mse,198144.9593453749,Theta
20250,mse,18025.374838441818,Theta
20253,mse,51933.64808007653,Theta
20254,mse,194930.38197750846,Theta
20263,mse,4.310138598035497,Theta
20266,mse,4.381095258208067,Theta
20268,mse,30.84816855078518,Theta
20272,mse,56706.671495087445,Theta
20277,mse,32365.879142140348,Theta
20278,mse,2757.8200067348535,Theta
20280,mse,5187.613847291821,Theta
20284,mse,495.1442604756116,Theta
20286,mse,14054.946577885965,Theta
20292,mse,5693.514840894288,Theta
20293,mse,2434497.2078494662,Theta
20296,mse,948.4477301992695,Theta
20302,mse,,Theta
20303,mse,63.34818822258074,Theta
20304,mse,120172.69991271032,Theta
20305,mse,388.84519344792193,Theta
20308,mse,975.851536197908,Theta
20309,mse,358.10997961907805,Theta
20310,mse,2895.5127571259986,Theta
20312,mse,3379.805946444708,Theta
20313,mse,5455.107498571406,Theta
20314,mse,13.52526358584558,Theta
20331,mse,16.80563379689943,Theta
20334,mse,31248.85229225269,Theta
20335,mse,3754.643096148466,Theta
20344,mse,13090.211647389255,Theta
20348,mse,46.39888773043963,Theta
20355,mse,524982.4404663576,Theta
20356,mse,550.2890900504265,Theta
20357,mse,462.92687514775184,Theta
20359,mse,2.394059876231182,Theta
20360,mse,2585.1852824957587,Theta
20362,mse,173.81237005898987,Theta
20363,mse,176495.513243835,Theta
20364,mse,4454.425679129015,Theta
20366,mse,259177.52070734318,Theta
20368,mse,426.18906340997574,Theta
20370,mse,2254.482305425426,Theta
20372,mse,550.154192263807,Theta
20373,mse,12.660058742573653,Theta
20374,mse,968338.1255906025,Theta
20375,mse,237.63021507652027,Theta
20377,mse,7569.115034954749,Theta
20378,mse,57015.032915967204,Theta
20380,mse,20.407029229432844,Theta
20387,mse,1707.9765380881688,Theta
20392,mse,12110.498642031103,Theta
20393,mse,215139.13352169344,Theta
20394,mse,4341.138880091008,Theta
20397,mse,41488.15473693647,Theta
20398,mse,69475.31153688497,Theta
20399,mse,2161.263735720254,Theta
20400,mse,6840.089991012289,Theta
20401,mse,125116.7771203033,Theta
20402,mse,580.1331868594597,Theta
20405,mse,229.577756307527,Theta
20406,mse,3.1703198544819484,Theta
20408,mse,17.728504543990635,Theta
20409,mse,814096.6511588229,Theta
20414,mse,255533.48481703218,Theta
20415,mse,653.4776884350592,Theta
20416,mse,471841.81142348214,Theta
20417,mse,291387.4496465975,Theta
20418,mse,23508.528643836424,Theta
20421,mse,35559.462367998436,Theta
20422,mse,73537.4162883416,Theta
20423,mse,33032.651710001956,Theta
20427,mse,47486.86371290539,Theta
20428,mse,38.86366894113058,Theta
20436,mse,39256.865965340134,Theta
20437,mse,291981.5479382318,Theta
20440,mse,285.0106231587965,Theta
20445,mse,82319.28623722863,Theta
20446,mse,39.52154621883205,Theta
20447,mse,6124.972669982256,Theta
20448,mse,137840.20608587418,Theta
20452,mse,80949.6590279382,Theta
20453,mse,18273.300905991036,Theta
20500,mse,15639.230035457036,Theta
21007,mse,10.645464978872631,Theta
21008,mse,,Theta
21035,mse,1.9935068353818468,Theta
21040,mse,2.727854555862031,Theta
21059,mse,24.578697280777206,Theta
21061,mse,5418.043487732518,Theta
21080,mse,125967.02197998881,Theta
21084,mse,181.07713727634916,Theta
21094,mse,15.495760128223347,Theta
21107,mse,14073.697247831824,Theta
21121,mse,1387.2261995859703,Theta
21131,mse,5.543844036811103,Theta
21134,mse,2.6116953706707875,Theta
21136,mse,,Theta
21142,mse,153.2481503003445,Theta
21147,mse,8.379560106214633,Theta
21158,mse,,Theta
21160,mse,8.196333055772314,Theta
21161,mse,43609.402845695615,Theta
21167,mse,143008.8669714319,Theta
21171,mse,3487.1047448115714,Theta
21186,mse,2.608801223227965,Theta
21196,mse,5.12677781482724,Theta
21202,mse,6.999158960865391,Theta
21226,mse,147300.97186928408,Theta
21231,mse,10241.109380163045,Theta
21236,mse,5605.3438585685,Theta
21258,mse,7968.1955479667,Theta
21261,mse,46.181441518524984,Theta
21262,mse,2606.097423573542,Theta
21266,mse,13.195898764304001,Theta
21271,mse,14857.676097776792,Theta
21306,mse,0.9473234237366016,Theta
21308,mse,4.477174787436795,Theta
21309,mse,14.32310162199192,Theta
21331,mse,1.923946405960987,Theta
21342,mse,21636.315072962614,Theta
21351,mse,70679.57411674742,Theta
21352,mse,117.10356412994352,Theta
21356,mse,701.7708243637171,Theta
21361,mse,46284.42977330839,Theta
21366,mse,5360.656389584123,Theta
21376,mse,1505.758028057158,Theta
21395,mse,238.85517243881864,Theta
21402,mse,5.670280627406628,Theta
21406,mse,1.8287126923147319,Theta
21407,mse,1.1066164283035629,Theta
21411,mse,168326.67698601057,Theta
21416,mse,3140.525483014114,Theta
21421,mse,0.5545560450445919,Theta
21423,mse,3.2018152583646566,Theta
21427,mse,3555.7225866304975,Theta
21433,mse,1777.1485681226736,Theta
21437,mse,684.4017030316788,Theta
21439,mse,7283674.626834477,Theta
21440,mse,65.50333003491203,Theta
21447,mse,3.16032352566318,Theta
21463,mse,20.704827734867447,Theta
21467,mse,16.000980606973933,Theta
21487,mse,5993.9323712239275,Theta
21492,mse,4657.724472387762,Theta
21528,mse,1626.2874279963014,Theta
21552,mse,6.116107280435672,Theta
21557,mse,865.1312591497585,Theta
21567,mse,1617.0601401765857,Theta
21568,mse,340.8560828312355,Theta
21569,mse,3.5541528581028197,Theta
21578,mse,88421.8714219638,Theta
21579,mse,128876.09124881505,Theta
21580,mse,34.06447207764096,Theta
21587,mse,2636.33066365647,Theta
21590,mse,7.545893908657122,Theta
21592,mse,1792.093800187111,Theta
21605,mse,27562.05014266913,Theta
21607,mse,75.30554201021329,Theta
21608,mse,371.13040179755785,Theta
21610,mse,386727.80687119975,Theta
21611,mse,194504.87420580784,Theta
21615,mse,98.93377559584526,Theta
21626,mse,811.5235599499332,Theta
21629,mse,1175.803483771419,Theta
21635,mse,64.33842990534352,Theta
21638,mse,2435.9669123102212,Theta
21646,mse,6.589248692015272,Theta
21656,mse,4.92057493207743,Theta
21659,mse,695.6317616213023,Theta
21670,mse,654.8089717019603,Theta
21674,mse,563.2993730876414,Theta
21692,mse,1.4541145611647153,Theta
21694,mse,16.65994656281166,Theta
19386,rmse,1115.0202668125846,Theta
19392,rmse,47.301650297811946,Theta
19393,rmse,584.2843326603993,Theta
19514,rmse,7.645014261725962,Theta
19515,rmse,67.17056735406887,Theta
19517,rmse,7.333639650715599,Theta
19519,rmse,18.741156802145973,Theta
19520,rmse,8.295743876051299,Theta
19521,rmse,52.728792472224406,Theta
19522,rmse,68.483893800344,Theta
19523,rmse,380.5060075140438,Theta
19524,rmse,16.417568876362022,Theta
19526,rmse,4.666674675490145,Theta
19527,rmse,30.340005529517587,Theta
19528,rmse,25.770925995941496,Theta
19529,rmse,85.9002418468113,Theta
19530,rmse,9.434711859276065,Theta
19531,rmse,919.6538544874358,Theta
19532,rmse,228.17912669431323,Theta
19533,rmse,38.11062939345255,Theta
19534,rmse,599.2874773313682,Theta
19535,rmse,20.471218254786642,Theta
19536,rmse,44.019329043047115,Theta
19537,rmse,145.42625089489624,Theta
19538,rmse,40.73792616007611,Theta
19539,rmse,161.8933315060951,Theta
19540,rmse,602.7857148371162,Theta
19541,rmse,27.90234637042928,Theta
19542,rmse,86.88399128931547,Theta
19543,rmse,189.933455411927,Theta
19544,rmse,58.24517860177544,Theta
19545,rmse,32.73048218422388,Theta
19546,rmse,397.2846596557804,Theta
19547,rmse,123.3094153976317,Theta
19548,rmse,67.18079136707289,Theta
19549,rmse,132.41335039341388,Theta
19550,rmse,128.22145338525493,Theta
19551,rmse,95.23114477685472,Theta
19552,rmse,41.69962032269244,Theta
19553,rmse,17.182720675269103,Theta
19554,rmse,471.55388667500625,Theta
19555,rmse,93.62269236680571,Theta
19556,rmse,81.6160524912854,Theta
19557,rmse,61.13019296317953,Theta
19558,rmse,50.48368635570804,Theta
19559,rmse,360.17645095386814,Theta
19561,rmse,15.36543874910834,Theta
19562,rmse,175.81439467980329,Theta
19563,rmse,2.062180690255421,Theta
19564,rmse,74.70356382378424,Theta
19565,rmse,8.74878270178748,Theta
19566,rmse,30.010824531042484,Theta
19567,rmse,101.62510887166992,Theta
19568,rmse,33.95644160684847,Theta
19569,rmse,8.178824853070953,Theta
19570,rmse,12.717415625624378,Theta
19571,rmse,83.44786781003603,Theta
19572,rmse,110.9060905519529,Theta
19573,rmse,86.77177131088483,Theta
19574,rmse,167.7180707166206,Theta
19575,rmse,1.8584312691926272,Theta
19576,rmse,104.83137733496972,Theta
19577,rmse,302.1499408061764,Theta
19579,rmse,5.046679499692949,Theta
19580,rmse,19.513108885469176,Theta
19614,rmse,13.441980178818714,Theta
19616,rmse,1.9838964678241027,Theta
19620,rmse,3.673203867416363,Theta
19623,rmse,154.2099208905784,Theta
19624,rmse,26.230910349160453,Theta
19635,rmse,,Theta
19650,rmse,69.61185930599258,Theta
19658,rmse,37.270322850759285,Theta
19662,rmse,4.002160625010327,Theta
19677,rmse,33.635677677039496,Theta
19678,rmse,,Theta
19682,rmse,240.07964973979992,Theta
19687,rmse,131.68643076380422,Theta
19690,rmse,80.5857311284313,Theta
19704,rmse,1075.8434875643507,Theta
19728,rmse,2.629552993438024,Theta
19746,rmse,8.968339941390862,Theta
19747,rmse,18.158479251665263,Theta
19770,rmse,1304.621557377659,Theta
19778,rmse,55.16003678215944,Theta
19779,rmse,175.53054470733503,Theta
19789,rmse,73.2446500435796,Theta
19790,rmse,1471.750622359091,Theta
19791,rmse,62.72611408552206,Theta
19795,rmse,1.5583227245143385,Theta
19804,rmse,9.788501190196662,Theta
19805,rmse,2114.8410140093797,Theta
19812,rmse,33.45834131315632,Theta
19821,rmse,710.0145027655634,Theta
19829,rmse,63.860277536494486,Theta
19830,rmse,78.58929001295616,Theta
19839,rmse,47.4989328885987,Theta
19840,rmse,2.278665444431254,Theta
19852,rmse,202.60815687920228,Theta
19855,rmse,2.805784203148286,Theta
19856,rmse,16.70699652046072,Theta
19858,rmse,17.34454682006269,Theta
19865,rmse,18.881593652619053,Theta
19869,rmse,29.475985451241463,Theta
19873,rmse,94.88083318146448,Theta
19874,rmse,24.642890811508696,Theta
19875,rmse,105.97810404745097,Theta
19891,rmse,13.393943854902519,Theta
19892,rmse,17.599351591166542,Theta
19893,rmse,32.51226460487047,Theta
19894,rmse,20.2804082849678,Theta
19895,rmse,15.85031905739906,Theta
19896,rmse,15.17947753877438,Theta
19897,rmse,9.915959752808515,Theta
19898,rmse,106.78775463647102,Theta
19900,rmse,12.979275395052964,Theta
19910,rmse,16.75078438729601,Theta
19911,rmse,36.68625133264552,Theta
19912,rmse,39.23851457833652,Theta
19917,rmse,99.47489455805456,Theta
19930,rmse,292.97831663905544,Theta
19932,rmse,35.70834773848664,Theta
19933,rmse,36.420514809172076,Theta
19949,rmse,8.165478395471018,Theta
19952,rmse,147.80398244768577,Theta
19953,rmse,49.04434820518097,Theta
19954,rmse,5.564928212308276,Theta
19956,rmse,37.95052367806481,Theta
19958,rmse,135.7859498982238,Theta
19961,rmse,134.03619970974128,Theta
19972,rmse,30.41270590435495,Theta
19976,rmse,29.01368375568231,Theta
19977,rmse,1925.3441648727448,Theta
19985,rmse,4.953844306298983,Theta
19991,rmse,250.3607729250121,Theta
19994,rmse,43.86347956217498,Theta
19995,rmse,82.33127350275599,Theta
19996,rmse,25.63045210436425,Theta
20003,rmse,11.6717829954082,Theta
20005,rmse,64.54830234356453,Theta
20007,rmse,73.06079841423059,Theta
20010,rmse,26.42593230855556,Theta
20016,rmse,171.31805323036298,Theta
20017,rmse,163.4318358876662,Theta
20019,rmse,99.9293770523372,Theta
20023,rmse,22.81342772447383,Theta
20025,rmse,51.379853754430435,Theta
20028,rmse,22.19208051653286,Theta
20029,rmse,32.44528027991662,Theta
20030,rmse,1.8406679731745692,Theta
20034,rmse,6.743953812800185,Theta
20042,rmse,17.587881517228677,Theta
20043,rmse,8.52999768814651,Theta
20045,rmse,6.344133232141046,Theta
20046,rmse,505.19741921963185,Theta
20057,rmse,15.642211567444935,Theta
20059,rmse,11.74942276024469,Theta
20064,rmse,9.408289625516474,Theta
20065,rmse,77.75856557847041,Theta
20075,rmse,10.590391029039312,Theta
20080,rmse,6.1920410201958935,Theta
20085,rmse,24.941257055359905,Theta
20088,rmse,71.2281856254161,Theta
20089,rmse,3.4487803541691924,Theta
20090,rmse,49.882337254747775,Theta
20095,rmse,34.10978754056561,Theta
20100,rmse,43.74781997988325,Theta
20104,rmse,11.625732626510088,Theta
20105,rmse,10.665816871657748,Theta
20106,rmse,16.205157939749757,Theta
20107,rmse,112.38617924742582,Theta
20108,rmse,60.85593416126085,Theta
20110,rmse,2.465220724674517,Theta
20111,rmse,25.249276497611127,Theta
20114,rmse,1.2150822320271395,Theta
20116,rmse,156.49627744647094,Theta
20119,rmse,35.23766629462389,Theta
20120,rmse,148.1837660852421,Theta
20123,rmse,9.177835352463719,Theta
20127,rmse,92.85267220540844,Theta
20133,rmse,57.966429967888445,Theta
20136,rmse,6.936739568318947,Theta
20138,rmse,9.51487030382196,Theta
20140,rmse,30.310066715972955,Theta
20147,rmse,186.37506867571054,Theta
20148,rmse,6.395160957829385,Theta
20149,rmse,29.534352564210774,Theta
20151,rmse,39.818899730921366,Theta
20152,rmse,177.25819338959153,Theta
20153,rmse,26.68594776070382,Theta
20155,rmse,110.88720082577001,Theta
20156,rmse,19.662622630346927,Theta
20162,rmse,43.54609358596932,Theta
20166,rmse,63.24204568780133,Theta
20167,rmse,107.21566130407335,Theta
20169,rmse,3.2957254337112123,Theta
20170,rmse,712.3475842486511,Theta
20173,rmse,298.4247889055614,Theta
20177,rmse,12.098482748777222,Theta
20183,rmse,15.385369387633942,Theta
20185,rmse,58.34499956592752,Theta
20188,rmse,29.645863567130192,Theta
20190,rmse,30.012305976161926,Theta
20191,rmse,79.1049546638871,Theta
20193,rmse,174.48969094180092,Theta
20194,rmse,113.50831172114128,Theta
20195,rmse,70.89282091728376,Theta
20200,rmse,114.55501211088983,Theta
20201,rmse,12.964025518691054,Theta
20203,rmse,83.79146019486201,Theta
20204,rmse,120.00425235475194,Theta
20206,rmse,865.383154612019,Theta
20207,rmse,102.27648535407263,Theta
20208,rmse,46.84735911116647,Theta
20209,rmse,15.606137728556892,Theta
20210,rmse,20.756392731381034,Theta
20211,rmse,517.4525411777215,Theta
20213,rmse,4.139427201399884,Theta
20214,rmse,1.6044623569438885,Theta
20216,rmse,20.05503659648623,Theta
20218,rmse,61.73253643113338,Theta
20221,rmse,5.700589795225418,Theta
20222,rmse,11.876571133918338,Theta
20227,rmse,18.49635561737471,Theta
20229,rmse,711.9018250872259,Theta
20230,rmse,41.72070604996999,Theta
20231,rmse,60.90210368526655,Theta
20232,rmse,57.94170382938993,Theta
20233,rmse,102.14650096835452,Theta
20234,rmse,42.46788789256911,Theta
20237,rmse,445.13476537490857,Theta
20250,rmse,134.25861178502413,Theta
20253,rmse,227.8895523714866,Theta
20254,rmse,441.5092093915012,Theta
20263,rmse,2.07608732909661,Theta
20266,rmse,2.0931066045971156,Theta
20268,rmse,5.554112759999132,Theta
20272,rmse,238.13162640667335,Theta
20277,rmse,179.90519487257822,Theta
20278,rmse,52.5149503164085,Theta
20280,rmse,72.02509178954111,Theta
20284,rmse,22.251837238206008,Theta
20286,rmse,118.55355995450311,Theta
20292,rmse,75.45538311409126,Theta
20293,rmse,1560.2875401186366,Theta
20296,rmse,30.79687857883116,Theta
20302,rmse,,Theta
20303,rmse,7.959157507084575,Theta
20304,rmse,346.65934274545424,Theta
20305,rmse,19.719158030907963,Theta
20308,rmse,31.238622508009342,Theta
20309,rmse,18.92379400699231,Theta
20310,rmse,53.80996893816236,Theta
20312,rmse,58.13609847972865,Theta
20313,rmse,73.85869954562838,Theta
20314,rmse,3.677670945835908,Theta
20331,rmse,4.099467501627428,Theta
20334,rmse,176.77344905910698,Theta
20335,rmse,61.275142563265135,Theta
20344,rmse,114.41246281498032,Theta
20348,rmse,6.8116729024843545,Theta
20355,rmse,724.556719978745,Theta
20356,rmse,23.458241410012526,Theta
20357,rmse,21.515735524209994,Theta
20359,rmse,1.5472749840384488,Theta
20360,rmse,50.844717350928,Theta
20362,rmse,13.183791945377092,Theta
20363,rmse,420.1136908550292,Theta
20364,rmse,66.74148394461285,Theta
20366,rmse,509.0948052252578,Theta
20368,rmse,20.644347008563283,Theta
20370,rmse,47.48138904271258,Theta
20372,rmse,23.455365958854852,Theta
20373,rmse,3.558097629713616,Theta
20374,rmse,984.0417295981927,Theta
20375,rmse,15.415259163456197,Theta
20377,rmse,87.00066111791766,Theta
20378,rmse,238.77820862877584,Theta
20380,rmse,4.517413998011787,Theta
20387,rmse,41.32767278819567,Theta
20392,rmse,110.04771075325058,Theta
20393,rmse,463.8309320449569,Theta
20394,rmse,65.88731956978526,Theta
20397,rmse,203.68641274502448,Theta
20398,rmse,263.5816980309615,Theta
20399,rmse,46.48939379815845,Theta
20400,rmse,82.70483656360304,Theta
20401,rmse,353.7184998276218,Theta
20402,rmse,24.085954140524716,Theta
20405,rmse,15.151823530767741,Theta
20406,rmse,1.7805392032982448,Theta
20408,rmse,4.210523072492376,Theta
20409,rmse,902.2730468981233,Theta
20414,rmse,505.5031996110729,Theta
20415,rmse,25.5632096661405,Theta
20416,rmse,686.9074256575497,Theta
20417,rmse,539.803158240666,Theta
20418,rmse,153.32491201313772,Theta
20421,rmse,188.5721675327471,Theta
20422,rmse,271.1778314839574,Theta
20423,rmse,181.74886990020585,Theta
20427,rmse,217.9148083837016,Theta
20428,rmse,6.2340732223106405,Theta
20436,rmse,198.13345493717142,Theta
20437,rmse,540.3531696383689,Theta
20440,rmse,16.882257644011847,Theta
20445,rmse,286.91337758499276,Theta
20446,rmse,6.2866164364331985,Theta
20447,rmse,78.26220460721929,Theta
20448,rmse,371.2683747451083,Theta
20452,rmse,284.51653559668233,Theta
20453,rmse,135.17877387367824,Theta
20500,rmse,125.0569071881159,Theta
21007,rmse,3.262738876905817,Theta
21008,rmse,,Theta
21035,rmse,1.4119160156970552,Theta
21040,rmse,1.6516217956487589,Theta
21059,rmse,4.957690720565091,Theta
21061,rmse,73.60736028232854,Theta
21080,rmse,354.9183314228624,Theta
21084,rmse,13.456490526000795,Theta
21094,rmse,3.9364654359238753,Theta
21107,rmse,118.63261460421339,Theta
21121,rmse,37.245485626931625,Theta
21131,rmse,2.3545369049584046,Theta
21134,rmse,1.6160740610104438,Theta
21136,rmse,,Theta
21142,rmse,12.379343694249082,Theta
21147,rmse,2.894746984835572,Theta
21158,rmse,,Theta
21160,rmse,2.862923864822869,Theta
21161,rmse,208.82864469630505,Theta
21167,rmse,378.1651318821341,Theta
21171,rmse,59.05171246298935,Theta
21186,rmse,1.615178387432164,Theta
21196,rmse,2.2642389040971893,Theta
21202,rmse,2.645592364833515,Theta
21226,rmse,383.79808737053924,Theta
21231,rmse,101.19836648959827,Theta
21236,rmse,74.86884437847628,Theta
21258,rmse,89.26474975020487,Theta
21261,rmse,6.795692865229047,Theta
21262,rmse,51.049950279834185,Theta
21266,rmse,3.632615967082675,Theta
21271,rmse,121.8920674112011,Theta
21306,rmse,0.9733054113363397,Theta
21308,rmse,2.1159335498632266,Theta
21309,rmse,3.784587378036332,Theta
21331,rmse,1.3870639516478636,Theta
21342,rmse,147.0928790695274,Theta
21351,rmse,265.8563035114033,Theta
21352,rmse,10.821440021085158,Theta
21356,rmse,26.490957407457305,Theta
21361,rmse,215.13816438119107,Theta
21366,rmse,73.21650353290659,Theta
21376,rmse,38.80409808328442,Theta
21395,rmse,15.454940065843628,Theta
21402,rmse,2.381235105445623,Theta
21406,rmse,1.3522990395303591,Theta
21407,rmse,1.0519583776478816,Theta
21411,rmse,410.27634222071663,Theta
21416,rmse,56.04039153159187,Theta
21421,rmse,0.7446851986205929,Theta
21423,rmse,1.7893616902025864,Theta
21427,rmse,59.62987998168785,Theta
21433,rmse,42.15623996661317,Theta
21437,rmse,26.161072283675203,Theta
21439,rmse,2698.8283803966633,Theta
21440,rmse,8.093412755748469,Theta
21447,rmse,1.777729879836411,Theta
21463,rmse,4.550255787850552,Theta
21467,rmse,4.000122573993694,Theta
21487,rmse,77.42049064184447,Theta
21492,rmse,68.24752356230783,Theta
21528,rmse,40.327254158897325,Theta
21552,rmse,2.4730764809111085,Theta
21557,rmse,29.41311372754946,Theta
21567,rmse,40.212686308882496,Theta
21568,rmse,18.46228812556113,Theta
21569,rmse,1.8852461001425833,Theta
21578,rmse,297.3581534479319,Theta
21579,rmse,358.9931632340859,Theta
21580,rmse,5.836477711568936,Theta
21587,rmse,51.34521071781155,Theta
21590,rmse,2.746979051368452,Theta
21592,rmse,42.3331288731073,Theta
21605,rmse,166.01822232113295,Theta
21607,rmse,8.677876584177335,Theta
21608,rmse,19.26474504885953,Theta
21610,rmse,621.8744301474372,Theta
21611,rmse,441.027067429889,Theta
21615,rmse,9.946545912820453,Theta
21626,rmse,28.487252586901622,Theta
21629,rmse,34.28999101445521,Theta
21635,rmse,8.021123980175316,Theta
21638,rmse,49.35551552066112,Theta
21646,rmse,2.566953192408321,Theta
21656,rmse,2.218236897195029,Theta
21659,rmse,26.37483197332833,Theta
21670,rmse,25.589235465366297,Theta
21674,rmse,23.73392873267385,Theta
21692,rmse,1.2058667261205591,Theta
21694,rmse,4.081659780384894,Theta
19386,mase,3.662543458845439,Theta
19392,mase,1.9080586223080465,Theta
19393,mase,0.7997389877185762,Theta
19514,mase,0.9804556518793106,Theta
19515,mase,0.7219612015309286,Theta
19517,mase,1.9804873069127402,Theta
19519,mase,0.3636691413297512,Theta
19520,mase,1.1096478362581623,Theta
19521,mase,3.357612590056961,Theta
19522,mase,0.9387666775924173,Theta
19523,mase,1.5992517871309326,Theta
19524,mase,1.4556891705261703,Theta
19526,mase,0.3609039306640625,Theta
19527,mase,1.9467222991411746,Theta
19528,mase,1.8290626730584352,Theta
19529,mase,0.8782026740920299,Theta
19530,mase,1.5352863776299916,Theta
19531,mase,0.8562746308673947,Theta
19532,mase,2.2898793608882055,Theta
19533,mase,1.1106364943035083,Theta
19534,mase,2.507722041984379,Theta
19535,mase,0.4719688831200062,Theta
19536,mase,3.481536832010567,Theta
19537,mase,2.593376939561632,Theta
19538,mase,3.7391846884002455,Theta
19539,mase,2.9138475038113634,Theta
19540,mase,3.5016157104809054,Theta
19541,mase,0.7479476857474759,Theta
19542,mase,0.8002730950525652,Theta
19543,mase,3.9170020386130235,Theta
19544,mase,0.5679817090978542,Theta
19545,mase,1.0408611221460395,Theta
19546,mase,8.726860935220145,Theta
19547,mase,1.6206278001969843,Theta
19548,mase,0.3816951787430904,Theta
19549,mase,0.9738589984710762,Theta
19550,mase,0.9814383647010009,Theta
19551,mase,1.4595604395417174,Theta
19552,mase,0.6037342088295841,Theta
19553,mase,1.2680623813293515,Theta
19554,mase,3.606945094595234,Theta
19555,mase,3.6726864077143904,Theta
19556,mase,0.900943690859522,Theta
19557,mase,1.9704513636731522,Theta
19558,mase,2.118866503274348,Theta
19559,mase,1.119952056865004,Theta
19561,mase,1.5017212829758637,Theta
19562,mase,1.6691737857024402,Theta
19563,mase,0.1595844768795742,Theta
19564,mase,2.3707507779295955,Theta
19565,mase,0.8763884387316623,Theta
19566,mase,0.602738775664261,Theta
19567,mase,1.4075402485542117,Theta
19568,mase,3.055574201350838,Theta
19569,mase,0.5645499619978697,Theta
19570,mase,0.6475957375748549,Theta
19571,mase,1.5212191881737036,Theta
19572,mase,2.405347896351564,Theta
19573,mase,2.4139612893462803,Theta
19574,mase,1.6214656206475215,Theta
19575,mase,0.06227169817651224,Theta
19576,mase,4.877238731249482,Theta
19577,mase,2.514753675972748,Theta
19579,mase,1.4070493347756499,Theta
19580,mase,1.11196610720083,Theta
19614,mase,0.6815057392993005,Theta
19616,mase,0.37476917536515475,Theta
19620,mase,0.26176903267851837,Theta
19623,mase,2.0343064279267282,Theta
19624,mase,1.9675610298919293,Theta
19635,mase,0.0,Theta
19650,mase,1.0542575487918409,Theta
19658,mase,1.17745621971818,Theta
19662,mase,0.1287832239239628,Theta
19677,mase,1.3732548308081962,Theta
19678,mase,0.0,Theta
19682,mase,2.5956968928033923,Theta
19687,mase,0.6569046291711734,Theta
19690,mase,2.005036596698453,Theta
19704,mase,1.9176731907144235,Theta
19728,mase,0.698563356657286,Theta
19746,mase,1.1047087291267699,Theta
19747,mase,2.253289326549642,Theta
19770,mase,6.752253954902316,Theta
19778,mase,0.42535184723181213,Theta
19779,mase,1.4187214238021815,Theta
19789,mase,1.3639390259925657,Theta
19790,mase,1.9187574793957642,Theta
19791,mase,0.9604103604617951,Theta
19795,mase,0.10209017060372388,Theta
19804,mase,1.7393130071324074,Theta
19805,mase,2.2596269216425933,Theta
19812,mase,1.3073735031405938,Theta
19821,mase,10.731611036607509,Theta
19829,mase,1.6102205025956027,Theta
19830,mase,2.6264818588886496,Theta
19839,mase,2.3454776282898897,Theta
19840,mase,0.12005549173011514,Theta
19852,mase,2.8961504839641554,Theta
19855,mase,0.07829423151733998,Theta
19856,mase,2.1717356346953824,Theta
19858,mase,0.5315012996740031,Theta
19865,mase,0.4646864025517885,Theta
19869,mase,0.6738073397398321,Theta
19873,mase,4.384876146040752,Theta
19874,mase,0.6400609345804915,Theta
19875,mase,0.8901165934811675,Theta
19891,mase,0.7508530480173072,Theta
19892,mase,0.16981439483299685,Theta
19893,mase,1.3946037050683848,Theta
19894,mase,0.3814427693684896,Theta
19895,mase,0.6663715679231553,Theta
19896,mase,0.7254348097429492,Theta
19897,mase,1.330453875544551,Theta
19898,mase,1.494705597708604,Theta
19900,mase,2.3377449942655883,Theta
19910,mase,0.6504462912421802,Theta
19911,mase,0.9941810207482645,Theta
19912,mase,0.820736084329606,Theta
19917,mase,0.7276551489398975,Theta
19930,mase,1.8130634463737678,Theta
19932,mase,0.5407352638596052,Theta
19933,mase,1.2574887210375643,Theta
19949,mase,0.5750138349401955,Theta
19952,mase,1.1471209701614,Theta
19953,mase,0.6313516122059263,Theta
19954,mase,0.8155071190181172,Theta
19956,mase,0.24093613387532206,Theta
19958,mase,2.2653946270674163,Theta
19961,mase,2.793026837553054,Theta
19972,mase,0.8813603246876036,Theta
19976,mase,0.5985668291680503,Theta
19977,mase,2.2809016740925454,Theta
19985,mase,1.4284100817512062,Theta
19991,mase,1.948548492678199,Theta
19994,mase,4.577151201773381,Theta
19995,mase,3.6672590779831755,Theta
19996,mase,2.1583745713779123,Theta
20003,mase,2.2407644450857416,Theta
20005,mase,0.880670485102995,Theta
20007,mase,0.7837046704261131,Theta
20010,mase,0.8261882852348554,Theta
20016,mase,0.9815402726280917,Theta
20017,mase,1.498130366993921,Theta
20019,mase,0.7342229656516814,Theta
20023,mase,2.8793628175985164,Theta
20025,mase,1.1890575506122032,Theta
20028,mase,0.7093364968347363,Theta
20029,mase,0.2118491056838205,Theta
20030,mase,0.4007238484408758,Theta
20034,mase,0.8517216822526751,Theta
20042,mase,0.2120004179025138,Theta
20043,mase,1.2405558448888783,Theta
20045,mase,1.2431375854111903,Theta
20046,mase,1.7079129515792648,Theta
20057,mase,0.4506193320171624,Theta
20059,mase,0.9495486018173172,Theta
20064,mase,1.1977353625827365,Theta
20065,mase,1.7417080979022699,Theta
20075,mase,0.9694531105448544,Theta
20080,mase,2.0653740711461483,Theta
20085,mase,0.8688625010851475,Theta
20088,mase,2.57799429199091,Theta
20089,mase,0.255590539209016,Theta
20090,mase,0.7508103180275463,Theta
20095,mase,0.8408923431582915,Theta
20100,mase,0.64764628286086,Theta
20104,mase,1.0289561554054638,Theta
20105,mase,0.24178595724785898,Theta
20106,mase,0.3297011433430608,Theta
20107,mase,0.60983719585073,Theta
20108,mase,2.782782067959525,Theta
20110,mase,0.6168075882124583,Theta
20111,mase,0.5540043500669244,Theta
20114,mase,0.5313749240276001,Theta
20116,mase,1.8465378838626336,Theta
20119,mase,1.1458693057739688,Theta
20120,mase,6.662972539027057,Theta
20123,mase,0.12795884848480968,Theta
20127,mase,2.1936878742436567,Theta
20133,mase,1.173868460651801,Theta
20136,mase,3.0248761824135744,Theta
20138,mase,0.995646944101791,Theta
20140,mase,0.7209068957468909,Theta
20147,mase,1.1573051857440582,Theta
20148,mase,0.11855676553477994,Theta
20149,mase,0.5662747504991971,Theta
20151,mase,0.583488895621532,Theta
20152,mase,1.882259691873571,Theta
20153,mase,2.617743434017277,Theta
20155,mase,2.0971192934119616,Theta
20156,mase,0.7246309285160338,Theta
20162,mase,2.128144667193266,Theta
20166,mase,0.6386926927873375,Theta
20167,mase,1.2858295066638206,Theta
20169,mase,0.18231988853195924,Theta
20170,mase,6.9662322530600385,Theta
20173,mase,2.9469402219480045,Theta
20177,mase,0.8632678691607942,Theta
20183,mase,1.1357455337625244,Theta
20185,mase,0.4602410633520188,Theta
20188,mase,0.9697359836850421,Theta
20190,mase,0.5163077860245762,Theta
20191,mase,0.37606803158715635,Theta
20193,mase,2.1032177314377254,Theta
20194,mase,0.9931324531507664,Theta
20195,mase,1.3362805468913836,Theta
20200,mase,10.03746862655332,Theta
20201,mase,0.6084926874047301,Theta
20203,mase,0.7356938852405436,Theta
20204,mase,1.401815970988801,Theta
20206,mase,1.0879829766396765,Theta
20207,mase,2.325157385023813,Theta
20208,mase,5.307551505821527,Theta
20209,mase,0.2771819609237887,Theta
20210,mase,0.414510448921081,Theta
20211,mase,1.9479021254816955,Theta
20213,mase,0.7809526166296393,Theta
20214,mase,0.04640408669336591,Theta
20216,mase,1.89839914224034,Theta
20218,mase,0.7134372456708443,Theta
20221,mase,0.6197702114684108,Theta
20222,mase,1.042991326159858,Theta
20227,mase,2.0630491786043113,Theta
20229,mase,2.39235723497237,Theta
20230,mase,1.2054672813285512,Theta
20231,mase,1.9483315984515168,Theta
20232,mase,0.7310265671060354,Theta
20233,mase,1.2987664032649593,Theta
20234,mase,4.052050711913455,Theta
20237,mase,1.3960357978896516,Theta
20250,mase,0.8117722216567641,Theta
20253,mase,1.2103560671728406,Theta
20254,mase,2.887820196554427,Theta
20263,mase,0.050757823180718496,Theta
20266,mase,0.4944733905500593,Theta
20268,mase,1.0957071087347765,Theta
20272,mase,1.512810619754749,Theta
20277,mase,1.6909086363519297,Theta
20278,mase,2.1013205333422587,Theta
20280,mase,0.35402174916878487,Theta
20284,mase,0.43311199859250843,Theta
20286,mase,1.8157684817570967,Theta
20292,mase,1.885974709874857,Theta
20293,mase,4.7071358824337945,Theta
20296,mase,1.2703733868927125,Theta
20302,mase,0.0,Theta
20303,mase,0.3851070341960633,Theta
20304,mase,0.6666000663963514,Theta
20305,mase,0.21456194331724995,Theta
20308,mase,0.43986417545379325,Theta
20309,mase,3.5066053770294023,Theta
20310,mase,0.24679224241553602,Theta
20312,mase,0.6005253729579111,Theta
20313,mase,2.1307056546716794,Theta
20314,mase,0.16403146134669247,Theta
20331,mase,0.6740821058332043,Theta
20334,mase,5.144693164943147,Theta
20335,mase,0.7846852243187549,Theta
20344,mase,1.5024221790255101,Theta
20348,mase,0.22061222297475735,Theta
20355,mase,2.6149864183460556,Theta
20356,mase,0.7578042616252026,Theta
20357,mase,0.39115866529281046,Theta
20359,mase,1.0827067667438137,Theta
20360,mase,6.113616643452233,Theta
20362,mase,0.333171387909809,Theta
20363,mase,1.2609226780205518,Theta
20364,mase,1.211263850420881,Theta
20366,mase,0.6046383518760942,Theta
20368,mase,0.4460856745324511,Theta
20370,mase,0.9665702782786811,Theta
20372,mase,1.570366412511171,Theta
20373,mase,1.2510366028355016,Theta
20374,mase,1.81601221082408,Theta
20375,mase,0.5062453091157602,Theta
20377,mase,1.361429926257985,Theta
20378,mase,0.5766871330584626,Theta
20380,mase,0.4575894623413488,Theta
20387,mase,1.3198494381374783,Theta
20392,mase,0.7831458971459824,Theta
20393,mase,1.054945992843202,Theta
20394,mase,1.0291148740299716,Theta
20397,mase,1.8310298660475905,Theta
20398,mase,0.30994164250294676,Theta
20399,mase,1.155115893356818,Theta
20400,mase,1.895566335051306,Theta
20401,mase,1.0727412287689784,Theta
20402,mase,0.43351431498758214,Theta
20405,mase,0.9121460394944972,Theta
20406,mase,0.7187769146969443,Theta
20408,mase,0.6792648994561398,Theta
20409,mase,1.72480466116746,Theta
20414,mase,0.8715293626586494,Theta
20415,mase,0.5123204651838296,Theta
20416,mase,4.343130264065059,Theta
20417,mase,2.238697996028481,Theta
20418,mase,0.6778943315926647,Theta
20421,mase,2.5726231434891793,Theta
20422,mase,3.491619339230097,Theta
20423,mase,1.706467064060498,Theta
20427,mase,1.2754919254274135,Theta
20428,mase,0.8059417207923854,Theta
20436,mase,1.697070302848647,Theta
20437,mase,2.7127160281725806,Theta
20440,mase,0.7413130016599317,Theta
20445,mase,5.133645156663818,Theta
20446,mase,0.2041243896335245,Theta
20447,mase,1.2401307401316979,Theta
20448,mase,1.2724565238249026,Theta
20452,mase,0.9273381165417297,Theta
20453,mase,2.0476291998945397,Theta
20500,mase,0.8517978149483717,Theta
21007,mase,0.8465930024782816,Theta
21008,mase,0.0,Theta
21035,mase,0.7749457293086581,Theta
21040,mase,0.7724490656819142,Theta
21059,mase,0.17493582432770075,Theta
21061,mase,2.217949898425852,Theta
21080,mase,5.972917287848256,Theta
21084,mase,1.6244255555778992,Theta
21094,mase,1.2012982399840104,Theta
21107,mase,3.05706256403953,Theta
21121,mase,0.9548986811249076,Theta
21131,mase,0.7614142662141381,Theta
21134,mase,0.22271482475864368,Theta
21136,mase,0.0,Theta
21142,mase,0.6878328543759027,Theta
21147,mase,0.9719150410582688,Theta
21158,mase,0.0,Theta
21160,mase,0.7636623480196656,Theta
21161,mase,2.372174599667256,Theta
21167,mase,1.6558675899282673,Theta
21171,mase,2.0150441864390434,Theta
21186,mase,0.23942628251702597,Theta
21196,mase,0.6334726424988159,Theta
21202,mase,0.8117989857991535,Theta
21226,mase,1.8462441323159093,Theta
21231,mase,2.559674583525531,Theta
21236,mase,1.2033951660236946,Theta
21258,mase,2.4360402821399054,Theta
21261,mase,0.40590135978929925,Theta
21262,mase,0.6040325802885443,Theta
21266,mase,0.6013982765288222,Theta
21271,mase,2.3787777994348467,Theta
21306,mase,0.5831651278904506,Theta
21308,mase,0.6857270261804973,Theta
21309,mase,0.912822449854178,Theta
21331,mase,0.47258303392501105,Theta
21342,mase,2.1332992038834693,Theta
21351,mase,1.1553753180580382,Theta
21352,mase,1.5711023144497793,Theta
21356,mase,1.9255649290555346,Theta
21361,mase,4.202236222889575,Theta
21366,mase,1.2472106586793923,Theta
21376,mase,1.4697283431216404,Theta
21395,mase,1.0837838056330282,Theta
21402,mase,0.5894500657199764,Theta
21406,mase,0.6322382302717728,Theta
21407,mase,0.987826778302117,Theta
21411,mase,4.196268119315349,Theta
21416,mase,2.0434276835307785,Theta
21421,mase,0.5702117533465617,Theta
21423,mase,0.417319665541063,Theta
21427,mase,2.497718087220803,Theta
21433,mase,1.2976366193543256,Theta
21437,mase,1.1276605096052703,Theta
21439,mase,223.5754610699344,Theta
21440,mase,1.5765625555304033,Theta
21447,mase,0.6163380291078474,Theta
21463,mase,0.13457414127205347,Theta
21467,mase,1.8853726710669054,Theta
21487,mase,2.094523830406282,Theta
21492,mase,1.0173908850258875,Theta
21528,mase,0.8554366140654593,Theta
21552,mase,0.24647925325075928,Theta
21557,mase,1.6337022099213172,Theta
21567,mase,2.754731203013577,Theta
21568,mase,0.640489455640063,Theta
21569,mase,1.1088471210822857,Theta
21578,mase,0.983724190976865,Theta
21579,mase,1.4132688312329138,Theta
21580,mase,0.5740930553523607,Theta
21587,mase,2.507143351330134,Theta
21590,mase,0.8130382712476507,Theta
21592,mase,0.4217923774093878,Theta
21605,mase,3.6316294184486777,Theta
21607,mase,0.8539327279002518,Theta
21608,mase,1.137895763249687,Theta
21610,mase,1.5712717344727751,Theta
21611,mase,0.6528990727778831,Theta
21615,mase,0.38209476526370434,Theta
21626,mase,0.877593021999586,Theta
21629,mase,0.6082648612558323,Theta
21635,mase,0.2440525336682289,Theta
21638,mase,0.6031458758473376,Theta
21646,mase,0.9529349049899094,Theta
21656,mase,1.473923858100846,Theta
21659,mase,3.291421822139195,Theta
21670,mase,0.6244756283756607,Theta
21674,mase,0.27218547126191533,Theta
21692,mase,0.2414632424712181,Theta
21694,mase,0.389957837705259,Theta
19386,mape,0.3359600759853344,Theta
19392,mape,0.9339403410669171,Theta
19393,mape,0.19467079167355886,Theta
19514,mape,0.9956251006174943,Theta
19515,mape,0.35806675542624766,Theta
19517,mape,0.3617088664235342,Theta
19519,mape,0.17365571250245007,Theta
19520,mape,1.0566929128297962,Theta
19521,mape,7.527467398301279,Theta
19522,mape,0.8453220368168609,Theta
19523,mape,0.19673421724901674,Theta
19524,mape,0.585987087527791,Theta
19526,mape,0.11478025632738584,Theta
19527,mape,0.43480328487719927,Theta
19528,mape,0.8798354752231062,Theta
19529,mape,0.42763704277552206,Theta
19530,mape,0.450792748180944,Theta
19531,mape,0.25767498288860535,Theta
19532,mape,0.18299411489696427,Theta
19533,mape,0.10971907310874313,Theta
19534,mape,0.4134977162079083,Theta
19535,mape,0.09183679998429152,Theta
19536,mape,0.30724775693221473,Theta
19537,mape,0.12036506803527947,Theta
19538,mape,0.33710119258430626,Theta
19539,mape,0.5096704273380541,Theta
19540,mape,0.2217778645982773,Theta
19541,mape,0.6746171609559968,Theta
19542,mape,0.1298325077974106,Theta
19543,mape,0.4177854542746489,Theta
19544,mape,0.07557408907977504,Theta
19545,mape,0.08204000514210295,Theta
19546,mape,0.7442605263513153,Theta
19547,mape,0.26813245083117143,Theta
19548,mape,0.04747633848287666,Theta
19549,mape,0.27555145322901425,Theta
19550,mape,0.06843931782093515,Theta
19551,mape,0.1337254161578006,Theta
19552,mape,0.06783416267335977,Theta
19553,mape,0.726814249280002,Theta
19554,mape,0.23932315865129,Theta
19555,mape,0.37409021435973044,Theta
19556,mape,6.498924213926218,Theta
19557,mape,0.4313600641074433,Theta
19558,mape,0.17463760692349506,Theta
19559,mape,0.09791366949830169,Theta
19561,mape,0.21156257240718654,Theta
19562,mape,0.4742107382790564,Theta
19563,mape,0.11632439730659365,Theta
19564,mape,0.15817526841905807,Theta
19565,mape,0.17182646940846452,Theta
19566,mape,0.04838251474313973,Theta
19567,mape,1.6905937391427,Theta
19568,mape,0.33115188299860915,Theta
19569,mape,0.30211941925158886,Theta
19570,mape,0.07508927865155672,Theta
19571,mape,0.13728058705846435,Theta
19572,mape,0.21578039748156583,Theta
19573,mape,1.0528141625703382,Theta
19574,mape,0.16232138116445843,Theta
19575,mape,0.0410181492168214,Theta
19576,mape,0.2293141236997832,Theta
19577,mape,0.5422098381252627,Theta
19579,mape,2.638221901974444,Theta
19580,mape,0.1978715327033129,Theta
19614,mape,0.3664181106770361,Theta
19616,mape,0.026609677117979586,Theta
19620,mape,0.9736466200984254,Theta
19623,mape,0.15516069740082397,Theta
19624,mape,0.167667208606331,Theta
19635,mape,,Theta
19650,mape,0.19043214581981413,Theta
19658,mape,8.553437137902069,Theta
19662,mape,0.057063219646705035,Theta
19677,mape,0.6472333428712407,Theta
19678,mape,,Theta
19682,mape,0.16633749211425933,Theta
19687,mape,0.12566782561887063,Theta
19690,mape,0.16533130558926565,Theta
19704,mape,0.11228191915540589,Theta
19728,mape,0.3793505636357871,Theta
19746,mape,0.14156369389311407,Theta
19747,mape,0.17788647069355323,Theta
19770,mape,0.17869179099527108,Theta
19778,mape,0.6990794201796147,Theta
19779,mape,0.11718336000036778,Theta
19789,mape,2.3139088143465045,Theta
19790,mape,0.10148957123797263,Theta
19791,mape,0.06256187939955046,Theta
19795,mape,0.03876864362445551,Theta
19804,mape,0.29091528439533776,Theta
19805,mape,0.1214085451599999,Theta
19812,mape,0.2644019147425858,Theta
19821,mape,0.9649951582685231,Theta
19829,mape,1.243124532602524,Theta
19830,mape,0.46962083348016637,Theta
19839,mape,0.5699627734401163,Theta
19840,mape,0.23318720126125278,Theta
19852,mape,0.28144942356392266,Theta
19855,mape,0.6944829906440443,Theta
19856,mape,0.9118578869772394,Theta
19858,mape,3.434527236426209,Theta
19865,mape,0.41878299641358535,Theta
19869,mape,3.035504783247497,Theta
19873,mape,0.5471796810753474,Theta
19874,mape,0.5880678118335104,Theta
19875,mape,1.4174263389281327,Theta
19891,mape,1.8364752062042085,Theta
19892,mape,1.9841791773017072,Theta
19893,mape,0.7369635581113128,Theta
19894,mape,0.6551185874166804,Theta
19895,mape,0.9745627042320212,Theta
19896,mape,1.7041263111815939,Theta
19897,mape,1.3078849240659816,Theta
19898,mape,1.3080293327777652,Theta
19900,mape,0.5292637821453969,Theta
19910,mape,0.8846882438407263,Theta
19911,mape,0.1300703265667557,Theta
19912,mape,0.19253872927310406,Theta
19917,mape,0.05340095171764498,Theta
19930,mape,0.20884801376967807,Theta
19932,mape,0.7912635866420139,Theta
19933,mape,0.0948923171062224,Theta
19949,mape,0.1868048591675503,Theta
19952,mape,1.9494633358485278,Theta
19953,mape,0.1651668608884303,Theta
19954,mape,2.0450240954646355,Theta
19956,mape,3.1270331295817853,Theta
19958,mape,0.613967419551325,Theta
19961,mape,0.537579750698289,Theta
19972,mape,4.528316838750436,Theta
19976,mape,0.9476961402684603,Theta
19977,mape,0.10679531459810428,Theta
19985,mape,1.2807968047486633,Theta
19991,mape,0.2497058380455831,Theta
19994,mape,0.611097860281482,Theta
19995,mape,0.27853598996466433,Theta
19996,mape,0.6326446996103026,Theta
20003,mape,0.9469450969919581,Theta
20005,mape,0.074523710827225,Theta
20007,mape,0.08727925724016813,Theta
20010,mape,0.48619539927924027,Theta
20016,mape,0.7081285574391052,Theta
20017,mape,0.16825971869185175,Theta
20019,mape,0.627564217595226,Theta
20023,mape,0.43483087398179515,Theta
20025,mape,0.96710920221297,Theta
20028,mape,0.3846344768850404,Theta
20029,mape,0.12142493354239327,Theta
20030,mape,0.45227596196863384,Theta
20034,mape,1.3580833732481665,Theta
20042,mape,0.32498496581263336,Theta
20043,mape,0.540202593185754,Theta
20045,mape,0.6174266234907524,Theta
20046,mape,2.1171553685058675,Theta
20057,mape,0.5522695855819022,Theta
20059,mape,0.09475853044925543,Theta
20064,mape,0.420370935572197,Theta
20065,mape,1.4962376408301088,Theta
20075,mape,0.20899107155372218,Theta
20080,mape,0.3253801041971698,Theta
20085,mape,0.8980800510760898,Theta
20088,mape,6.287393626224075,Theta
20089,mape,0.22242536119608874,Theta
20090,mape,0.5105255173256503,Theta
20095,mape,5.557415648368504,Theta
20100,mape,0.15483700061661795,Theta
20104,mape,0.24192238571018057,Theta
20105,mape,0.30472586266478,Theta
20106,mape,1.6024826425447996,Theta
20107,mape,0.037184872187933,Theta
20108,mape,0.4771056308489698,Theta
20110,mape,0.39393363086405486,Theta
20111,mape,0.12403696952173868,Theta
20114,mape,0.1334329003169213,Theta
20116,mape,0.3164279115710562,Theta
20119,mape,0.4124911250361912,Theta
20120,mape,2.025333161404479,Theta
20123,mape,0.51702228882934,Theta
20127,mape,2.661727592863106,Theta
20133,mape,0.10659048673486149,Theta
20136,mape,0.7194417514089598,Theta
20138,mape,0.15665521929947426,Theta
20140,mape,0.7090882296503298,Theta
20147,mape,0.3499591980380053,Theta
20148,mape,0.06240322562302568,Theta
20149,mape,0.2750029054274085,Theta
20151,mape,0.10008027062505526,Theta
20152,mape,3.9652430129472833,Theta
20153,mape,0.15617582305062339,Theta
20155,mape,0.8888822199007781,Theta
20156,mape,0.21646287226198785,Theta
20162,mape,0.40499113489421257,Theta
20166,mape,0.8028768289734631,Theta
20167,mape,0.2505339448701839,Theta
20169,mape,0.5707821155351306,Theta
20170,mape,15.647744225979036,Theta
20173,mape,2.850720582523051,Theta
20177,mape,0.2821607458594691,Theta
20183,mape,0.2896318108741759,Theta
20185,mape,0.08009189835530378,Theta
20188,mape,0.0999464221215838,Theta
20190,mape,0.11752635599910354,Theta
20191,mape,0.34321822003699015,Theta
20193,mape,5.546875547737812,Theta
20194,mape,0.23274874711390922,Theta
20195,mape,1.0708678226235229,Theta
20200,mape,1.7583771484622537,Theta
20201,mape,3.4211628093134108,Theta
20203,mape,5.696313462215327,Theta
20204,mape,0.4424772321257758,Theta
20206,mape,0.4735819664228084,Theta
20207,mape,4.22258434232854,Theta
20208,mape,0.6351679437274185,Theta
20209,mape,0.38516264539628453,Theta
20210,mape,2.8622489878939112,Theta
20211,mape,1.4101842427299867,Theta
20213,mape,0.9061395711146372,Theta
20214,mape,0.44317358599040974,Theta
20216,mape,0.2711546904878339,Theta
20218,mape,14.73500295855596,Theta
20221,mape,0.3741322021960677,Theta
20222,mape,1.25382193078236,Theta
20227,mape,0.8576697110264043,Theta
20229,mape,0.15526896723139044,Theta
20230,mape,0.3788106704296303,Theta
20231,mape,0.2912970751664145,Theta
20232,mape,1.8734546017577598,Theta
20233,mape,0.14428169482116773,Theta
20234,mape,4.180449502870981,Theta
20237,mape,23.581529845427738,Theta
20250,mape,0.14408164037111776,Theta
20253,mape,0.4441122600288769,Theta
20254,mape,2.173537317147169,Theta
20263,mape,0.3247414746770152,Theta
20266,mape,0.8519141589270698,Theta
20268,mape,0.2569169559903284,Theta
20272,mape,0.9375975301879412,Theta
20277,mape,1.3025929580759295,Theta
20278,mape,2.7054096425133647,Theta
20280,mape,0.16112641122098706,Theta
20284,mape,4.400807700213818,Theta
20286,mape,0.34663961275429367,Theta
20292,mape,0.3428505053846941,Theta
20293,mape,1.8660708748142705,Theta
20296,mape,0.5513731091131714,Theta
20302,mape,,Theta
20303,mape,0.42810159059845876,Theta
20304,mape,0.155506004990613,Theta
20305,mape,1.8947668566697746,Theta
20308,mape,0.738511236146655,Theta
20309,mape,0.4802023182425179,Theta
20310,mape,4.511637451781113,Theta
20312,mape,1.100839270407473,Theta
20313,mape,0.21262630572827215,Theta
20314,mape,0.9414078561796083,Theta
20331,mape,1.168578843275706,Theta
20334,mape,0.7314296122642387,Theta
20335,mape,17.92010022298129,Theta
20344,mape,1.6629329123556646,Theta
20348,mape,0.08303784189666466,Theta
20355,mape,0.16519366764877397,Theta
20356,mape,0.36813732289616763,Theta
20357,mape,0.778173062232153,Theta
20359,mape,0.8568122684955597,Theta
20360,mape,0.9527481354059615,Theta
20362,mape,0.08666250399445458,Theta
20363,mape,0.21306026803010744,Theta
20364,mape,0.5562776661185772,Theta
20366,mape,0.3892309811621185,Theta
20368,mape,0.296880676244597,Theta
20370,mape,0.14740881956758622,Theta
20372,mape,2.640221698095663,Theta
20373,mape,1.778997004032135,Theta
20374,mape,0.2671958320403014,Theta
20375,mape,0.31515283070632233,Theta
20377,mape,0.4677160354526152,Theta
20378,mape,0.08871172645799134,Theta
20380,mape,0.06994151187166432,Theta
20387,mape,0.5011055287340751,Theta
20392,mape,0.09155593847587383,Theta
20393,mape,0.30722528586624503,Theta
20394,mape,0.45999329127070954,Theta
20397,mape,0.41246795014298826,Theta
20398,mape,0.10873946556625173,Theta
20399,mape,1.956378392387855,Theta
20400,mape,17.220854705132812,Theta
20401,mape,0.35897156473891617,Theta
20402,mape,0.5214628801041559,Theta
20405,mape,2.7228111069724,Theta
20406,mape,1.2312596440315247,Theta
20408,mape,2.2987428053661625,Theta
20409,mape,0.13173452653066878,Theta
20414,mape,0.3748356628919713,Theta
20415,mape,1.4885820575841102,Theta
20416,mape,0.3430765392744429,Theta
20417,mape,2.714604798103103,Theta
20418,mape,0.4824600708878106,Theta
20421,mape,0.7743849722108556,Theta
20422,mape,0.7280040065859918,Theta
20423,mape,0.8538823949619225,Theta
20427,mape,0.3950079419345128,Theta
20428,mape,2.3220922481875355,Theta
20436,mape,0.3741988835027218,Theta
20437,mape,6.072599807143226,Theta
20440,mape,0.12028574471806976,Theta
20445,mape,1.0010782055465326,Theta
20446,mape,0.09327072483215253,Theta
20447,mape,2.7646658945679965,Theta
20448,mape,9.726719281183579,Theta
20452,mape,0.20838648050338773,Theta
20453,mape,0.6261426640760276,Theta
20500,mape,0.6026111786625504,Theta
21007,mape,0.5465450482236015,Theta
21008,mape,,Theta
21035,mape,1.0366017421086628,Theta
21040,mape,0.8422203411658605,Theta
21059,mape,0.10850317512483171,Theta
21061,mape,0.36320016520985104,Theta
21080,mape,0.8351114185501359,Theta
21084,mape,0.21587459308202986,Theta
21094,mape,2.127915663378579,Theta
21107,mape,0.5261072759268267,Theta
21121,mape,3.1403561742472017,Theta
21131,mape,0.8338498990551955,Theta
21134,mape,0.7622103830178579,Theta
21136,mape,,Theta
21142,mape,0.19070923663015926,Theta
21147,mape,1.341950727833642,Theta
21158,mape,,Theta
21160,mape,1.5995984181761742,Theta
21161,mape,0.1641891397649814,Theta
21167,mape,0.7560104066710789,Theta
21171,mape,0.3312564265522308,Theta
21186,mape,0.469038466612498,Theta
21196,mape,0.8641963177257114,Theta
21202,mape,0.4037418218618981,Theta
21226,mape,0.2956087417591457,Theta
21231,mape,1.0020983305373143,Theta
21236,mape,1.2553890790223279,Theta
21258,mape,1.7295830353281747,Theta
21261,mape,0.10204511445946757,Theta
21262,mape,0.05475844176430706,Theta
21266,mape,0.2809853593675129,Theta
21271,mape,1.1142531960549298,Theta
21306,mape,0.41277891397476196,Theta
21308,mape,0.6816617722312609,Theta
21309,mape,0.6268428699049369,Theta
21331,mape,0.5281465119785733,Theta
21342,mape,0.38788091345018016,Theta
21351,mape,0.10189686720236006,Theta
21352,mape,3.5826592601562277,Theta
21356,mape,0.6973915794472588,Theta
21361,mape,0.3389102334398882,Theta
21366,mape,0.7479365375695787,Theta
21376,mape,0.2396239067353194,Theta
21395,mape,0.07540385664683091,Theta
21402,mape,2.24767575945173,Theta
21406,mape,0.3098749204115434,Theta
21407,mape,0.9088081684377459,Theta
21411,mape,0.297539486131218,Theta
21416,mape,0.42992226179517634,Theta
21421,mape,0.2105127970377604,Theta
21423,mape,0.34263401826222734,Theta
21427,mape,0.30061313473430407,Theta
21433,mape,0.2283009718183826,Theta
21437,mape,0.22835973901713652,Theta
21439,mape,0.7570913207566506,Theta
21440,mape,0.3190841674953815,Theta
21447,mape,0.433520262891596,Theta
21463,mape,0.06530447893802717,Theta
21467,mape,0.13717327708046886,Theta
21487,mape,0.6192874675894942,Theta
21492,mape,1.4034745389739662,Theta
21528,mape,0.7851460881888167,Theta
21552,mape,0.11899367126764038,Theta
21557,mape,0.545062637538813,Theta
21567,mape,0.5627720455471077,Theta
21568,mape,0.1631178156938794,Theta
21569,mape,1.6296308835347493,Theta
21578,mape,0.16445196529620904,Theta
21579,mape,0.5842711797239952,Theta
21580,mape,0.18584910539918337,Theta
21587,mape,1.1832691025684834,Theta
21590,mape,1.4483953057191312,Theta
21592,mape,0.07772841380644055,Theta
21605,mape,1.0516416019392087,Theta
21607,mape,0.17449035190184825,Theta
21608,mape,0.40194612368240296,Theta
21610,mape,0.25127116177936404,Theta
21611,mape,0.10532109925346277,Theta
21615,mape,0.31153696122204755,Theta
21626,mape,0.2514688213327869,Theta
21629,mape,0.581702705350915,Theta
21635,mape,0.42166067698434456,Theta
21638,mape,0.15305671323860026,Theta
21646,mape,1.7289450067462342,Theta
21656,mape,0.40409464561022246,Theta
21659,mape,0.7995359143916053,Theta
21670,mape,0.3628640813866948,Theta
21674,mape,0.12908035587495484,Theta
21692,mape,0.06390699625961364,Theta
21694,mape,0.20494428467453407,Theta
19386,smape,0.13268467006416884,Theta
19392,smape,0.17792167012246937,Theta
19393,smape,0.09246579195964444,Theta
19514,smape,0.26177232563592434,Theta
19515,smape,0.12819811211410875,Theta
19517,smape,0.10331289244361387,Theta
19519,smape,0.07876804101667048,Theta
19520,smape,0.12038098240975723,Theta
19521,smape,0.3426104306631557,Theta
19522,smape,0.20900722117775133,Theta
19523,smape,0.08134382114316302,Theta
19524,smape,0.20742068713552098,Theta
19526,smape,0.05095997806180987,Theta
19527,smape,0.1283217136327362,Theta
19528,smape,0.2636965751745065,Theta
19529,smape,0.08781191148300116,Theta
19530,smape,0.1412170890201665,Theta
19531,smape,0.1001095101965329,Theta
19532,smape,0.07969641179915589,Theta
19533,smape,0.04882488731654463,Theta
19534,smape,0.15744252374706505,Theta
19535,smape,0.04035706621540899,Theta
19536,smape,0.14274966425524538,Theta
19537,smape,0.06295277166066321,Theta
19538,smape,0.14325249987973587,Theta
19539,smape,0.17608376932113984,Theta
19540,smape,0.08489181915048455,Theta
19541,smape,0.14183716110983363,Theta
19542,smape,0.056724570337059355,Theta
19543,smape,0.11670835702958973,Theta
19544,smape,0.03532893828752259,Theta
19545,smape,0.03762929093410145,Theta
19546,smape,0.2396129312955997,Theta
19547,smape,0.11020698356141423,Theta
19548,smape,0.02280019446200983,Theta
19549,smape,0.11157710952097905,Theta
19550,smape,0.030490443274331376,Theta
19551,smape,0.06052750559389483,Theta
19552,smape,0.032410031205692885,Theta
19553,smape,0.23523200566818098,Theta
19554,smape,0.09555186683371181,Theta
19555,smape,0.15021688746894082,Theta
19556,smape,0.23828849128855373,Theta
19557,smape,0.2076066613216194,Theta
19558,smape,0.08028886930163852,Theta
19559,smape,0.04344884593710227,Theta
19561,smape,0.12020720581236777,Theta
19562,smape,0.1564756515954282,Theta
19563,smape,0.05347033900451851,Theta
19564,smape,0.08809160218660755,Theta
19565,smape,0.05860304619969086,Theta
19566,smape,0.02471146001042421,Theta
19567,smape,0.23113325111883182,Theta
19568,smape,0.13484414498242228,Theta
19569,smape,0.09060533347139857,Theta
19570,smape,0.033246705992578396,Theta
19571,smape,0.05826530697604228,Theta
19572,smape,0.11439421040111336,Theta
19573,smape,0.1421157633559308,Theta
19574,smape,0.08042325135873114,Theta
19575,smape,0.020234737096616995,Theta
19576,smape,0.1317047534982324,Theta
19577,smape,0.18347670303071598,Theta
19579,smape,0.4312173553450909,Theta
19580,smape,0.08466087343727897,Theta
19614,smape,0.1446784878238366,Theta
19616,smape,0.013077895773973051,Theta
19620,smape,0.14550323921772215,Theta
19623,smape,0.06633643788622406,Theta
19624,smape,0.07059409970846954,Theta
19635,smape,0.0,Theta
19650,smape,0.10651053441917069,Theta
19658,smape,0.20834795325926858,Theta
19662,smape,0.02743658176576566,Theta
19677,smape,0.23077046388024033,Theta
19678,smape,0.0,Theta
19682,smape,0.07236445286003512,Theta
19687,smape,0.05739924183598218,Theta
19690,smape,0.07401189991401567,Theta
19704,smape,0.05740170351164648,Theta
19728,smape,0.12102376012176791,Theta
19746,smape,0.06467318270131636,Theta
19747,smape,0.099959562603374,Theta
19770,smape,0.09825455326125832,Theta
19778,smape,0.2584449164162311,Theta
19779,smape,0.04689169529812199,Theta
19789,smape,0.24767748582795956,Theta
19790,smape,0.047891328892557275,Theta
19791,smape,0.032028821924798105,Theta
19795,smape,0.01928728618148306,Theta
19804,smape,0.18246891910636853,Theta
19805,smape,0.05525769268013969,Theta
19812,smape,0.12129625152020702,Theta
19821,smape,0.3075859780460631,Theta
19829,smape,0.3957471941881679,Theta
19830,smape,0.3203994704017426,Theta
19839,smape,0.20004406430122976,Theta
19840,smape,0.054119456469078064,Theta
19852,smape,0.10750268533192152,Theta
19855,smape,0.19186898145937792,Theta
19856,smape,0.30201079166370964,Theta
19858,smape,0.4130018111309028,Theta
19865,smape,0.11975853682916496,Theta
19869,smape,0.11795839289517687,Theta
19873,smape,0.1707456509459524,Theta
19874,smape,0.16310980199960645,Theta
19875,smape,0.15091382657851737,Theta
19891,smape,0.3316461764583656,Theta
19892,smape,0.10593935874720291,Theta
19893,smape,0.26265986284017395,Theta
19894,smape,0.17943236475815957,Theta
19895,smape,0.24138503771413397,Theta
19896,smape,0.29931795655290255,Theta
19897,smape,0.3047268561408145,Theta
19898,smape,0.32011700504202595,Theta
19900,smape,0.3562201943953543,Theta
19910,smape,0.7175263577654523,Theta
19911,smape,0.05944123567584111,Theta
19912,smape,0.07991285637404291,Theta
19917,smape,0.025641294673537204,Theta
19930,smape,0.11777309694522585,Theta
19932,smape,0.16315455021765687,Theta
19933,smape,0.045250018086337,Theta
19949,smape,0.0973236299103327,Theta
19952,smape,0.2839124387930656,Theta
19953,smape,0.07238730204015519,Theta
19954,smape,0.31664828887085383,Theta
19956,smape,0.2505772618154228,Theta
19958,smape,0.09210440322500407,Theta
19961,smape,0.3757425914474187,Theta
19972,smape,0.4037365398352058,Theta
19976,smape,0.4483452312922209,Theta
19977,smape,0.05617836466565001,Theta
19985,smape,0.3441983055696406,Theta
19991,smape,0.10618292143080162,Theta
19994,smape,0.20089825054045526,Theta
19995,smape,0.16475496532400957,Theta
19996,smape,0.1168131094778957,Theta
20003,smape,0.27963862440873144,Theta
20005,smape,0.03511153883048225,Theta
20007,smape,0.045320615686625265,Theta
20010,smape,0.18762155415335813,Theta
20016,smape,0.21632179125051865,Theta
20017,smape,0.09379613894479895,Theta
20019,smape,0.20963609454306514,Theta
20023,smape,0.17720707666438062,Theta
20025,smape,0.31214641674300125,Theta
20028,smape,0.13822355731511538,Theta
20029,smape,0.06564201850911101,Theta
20030,smape,0.1985788839580095,Theta
20034,smape,0.2564768483895309,Theta
20042,smape,0.11648655461509098,Theta
20043,smape,0.16095716186443365,Theta
20045,smape,0.16952787394352284,Theta
20046,smape,0.28047134804624796,Theta
20057,smape,0.18228750012439868,Theta
20059,smape,0.04461041256718365,Theta
20064,smape,0.16266401005287215,Theta
20065,smape,0.33506306061205005,Theta
20075,smape,0.08668240092892476,Theta
20080,smape,0.1282576825848902,Theta
20085,smape,0.21274697963680614,Theta
20088,smape,0.34982763405284695,Theta
20089,smape,0.09599196221794475,Theta
20090,smape,0.17395262219957688,Theta
20095,smape,0.5852968439876672,Theta
20100,smape,0.06328285267736578,Theta
20104,smape,0.12877853894372707,Theta
20105,smape,0.1094818011929694,Theta
20106,smape,0.35262319089218674,Theta
20107,smape,0.01883383136704707,Theta
20108,smape,0.3229122786710183,Theta
20110,smape,0.15665197587446938,Theta
20111,smape,0.07088455782332703,Theta
20114,smape,0.06188725015005524,Theta
20116,smape,0.11874964332051996,Theta
20119,smape,0.1309397789449122,Theta
20120,smape,0.447157650193661,Theta
20123,smape,0.19791302466399716,Theta
20127,smape,0.23137530519115346,Theta
20133,smape,0.04719970836888655,Theta
20136,smape,0.41392514263254554,Theta
20138,smape,0.08270667091047482,Theta
20140,smape,0.22666620801159384,Theta
20147,smape,0.2029774501135041,Theta
20148,smape,0.03104343377996855,Theta
20149,smape,0.16767261623206842,Theta
20151,smape,0.053406611844903244,Theta
20152,smape,0.5996359417922537,Theta
20153,smape,0.06991310446198057,Theta
20155,smape,0.29153500424397594,Theta
20156,smape,0.0936492141919934,Theta
20162,smape,0.14520152259645014,Theta
20166,smape,0.07929874436334955,Theta
20167,smape,0.10644854817744603,Theta
20169,smape,0.20947698284322788,Theta
20170,smape,0.5478709818005698,Theta
20173,smape,0.4683006591490917,Theta
20177,smape,0.11801241307930549,Theta
20183,smape,0.10496149074141276,Theta
20185,smape,0.03647901647090902,Theta
20188,smape,0.047601800640975064,Theta
20190,smape,0.060175707065349915,Theta
20191,smape,0.12507977274780707,Theta
20193,smape,0.5039468967683732,Theta
20194,smape,0.1361174213620906,Theta
20195,smape,0.2572413981229785,Theta
20200,smape,0.21460006216932578,Theta
20201,smape,0.46034033282922415,Theta
20203,smape,0.27076954302753126,Theta
20204,smape,0.28558527909263115,Theta
20206,smape,0.09765517037038325,Theta
20207,smape,0.2192687657800418,Theta
20208,smape,0.1971055152925819,Theta
20209,smape,0.03843805173266287,Theta
20210,smape,0.10359371355524293,Theta
20211,smape,0.21825559055196442,Theta
20213,smape,0.26023163471331656,Theta
20214,smape,0.1331885395374966,Theta
20216,smape,0.1316298317993103,Theta
20218,smape,0.36481200139942005,Theta
20221,smape,0.18613455218493116,Theta
20222,smape,0.11914026376293808,Theta
20227,smape,0.22605730335229396,Theta
20229,smape,0.08698336947405266,Theta
20230,smape,0.239697847056198,Theta
20231,smape,0.18014131171361447,Theta
20232,smape,0.3387949677671014,Theta
20233,smape,0.053764393369341586,Theta
20234,smape,0.4655272562687462,Theta
20237,smape,0.6893701354604382,Theta
20250,smape,0.06680247370999419,Theta
20253,smape,0.29464650004027026,Theta
20254,smape,0.32963300090651193,Theta
20263,smape,0.17806101754946035,Theta
20266,smape,0.2003892255345275,Theta
20268,smape,0.08135449819501618,Theta
20272,smape,0.2614575394366013,Theta
20277,smape,0.11095527490319913,Theta
20278,smape,0.38319095409486487,Theta
20280,smape,0.07754877101124513,Theta
20284,smape,0.16851470240694505,Theta
20286,smape,0.20271551084733405,Theta
20292,smape,0.21077624323192515,Theta
20293,smape,0.26898107117430947,Theta
20296,smape,0.18323479096575665,Theta
20302,smape,0.0,Theta
20303,smape,0.16874648694766906,Theta
20304,smape,0.06973911532279087,Theta
20305,smape,0.44005774186660485,Theta
20308,smape,0.20589395299465788,Theta
20309,smape,0.17576273996866934,Theta
20310,smape,0.22007886059684373,Theta
20312,smape,0.18644783747274302,Theta
20313,smape,0.12095237605388268,Theta
20314,smape,0.4009546887345038,Theta
20331,smape,0.10774759870195205,Theta
20334,smape,0.4782935802143446,Theta
20335,smape,0.4782338740692281,Theta
20344,smape,0.3655251349387363,Theta
20348,smape,0.03806688558589284,Theta
20355,smape,0.08233227135101656,Theta
20356,smape,0.08500636142135479,Theta
20357,smape,0.11835364964888738,Theta
20359,smape,0.03749216453207718,Theta
20360,smape,0.2911630478783925,Theta
20362,smape,0.03977865671961423,Theta
20363,smape,0.12419460613776086,Theta
20364,smape,0.35251671757097536,Theta
20366,smape,0.1519961982212369,Theta
20368,smape,0.170105118049615,Theta
20370,smape,0.06877009811796099,Theta
20372,smape,0.2889473363302595,Theta
20373,smape,0.10461160369012928,Theta
20374,smape,0.11450336717875453,Theta
20375,smape,0.17403055171514661,Theta
20377,smape,0.35608192121935733,Theta
20378,smape,0.04676200106021598,Theta
20380,smape,0.031795173501643174,Theta
20387,smape,0.2959355390362697,Theta
20392,smape,0.04035847419147012,Theta
20393,smape,0.11358387881948356,Theta
20394,smape,0.254883275758017,Theta
20397,smape,0.2749964432681203,Theta
20398,smape,0.0495164074092097,Theta
20399,smape,0.3578182529861702,Theta
20400,smape,0.407667362832137,Theta
20401,smape,0.19737419801432435,Theta
20402,smape,0.190973681345293,Theta
20405,smape,0.4175586000656477,Theta
20406,smape,0.1933307376883344,Theta
20408,smape,0.26847352861347995,Theta
20409,smape,0.06006588929025661,Theta
20414,smape,0.1411999800915902,Theta
20415,smape,0.39895148847274403,Theta
20416,smape,0.21163449702906073,Theta
20417,smape,0.4790883169286877,Theta
20418,smape,0.15121864563911683,Theta
20421,smape,0.2502240387211105,Theta
20422,smape,0.549232928004658,Theta
20423,smape,0.26625715769656594,Theta
20427,smape,0.14900809058924397,Theta
20428,smape,0.4012193734270857,Theta
20436,smape,0.2307495793719265,Theta
20437,smape,0.18248478296930606,Theta
20440,smape,0.05739429919973379,Theta
20445,smape,0.9923569258546274,Theta
20446,smape,0.04330086045149688,Theta
20447,smape,0.40151061182740605,Theta
20448,smape,0.40410285683570557,Theta
20452,smape,0.08955245160153506,Theta
20453,smape,0.2153452588418974,Theta
20500,smape,0.16676346458270982,Theta
21007,smape,0.3664176127942056,Theta
21008,smape,0.0,Theta
21035,smape,0.11479611417173737,Theta
21040,smape,0.11389858427090825,Theta
21059,smape,0.04566431447277367,Theta
21061,smape,0.13484472086539354,Theta
21080,smape,0.5620636788844264,Theta
21084,smape,0.07834401102436798,Theta
21094,smape,0.38781117806084076,Theta
21107,smape,0.20612882604737578,Theta
21121,smape,0.18377104672231376,Theta
21131,smape,0.17853742893973867,Theta
21134,smape,0.16708116813780183,Theta
21136,smape,0.0,Theta
21142,smape,0.08633710970309662,Theta
21147,smape,0.2968212719280705,Theta
21158,smape,0.0,Theta
21160,smape,0.3199522273644699,Theta
21161,smape,0.020510914351236975,Theta
21167,smape,0.1933285991342829,Theta
21171,smape,0.211308588333465,Theta
21186,smape,0.2222457484704124,Theta
21196,smape,0.2505371532624274,Theta
21202,smape,0.15871387169813478,Theta
21226,smape,0.11078437624403208,Theta
21231,smape,0.6416629718677117,Theta
21236,smape,0.9444444444444444,Theta
21258,smape,0.26791128444149986,Theta
21261,smape,0.053770242019531705,Theta
21262,smape,0.02606709722309501,Theta
21266,smape,0.07071367256519691,Theta
21271,smape,0.13558618223640928,Theta
21306,smape,0.06965914859544077,Theta
21308,smape,0.181393681148079,Theta
21309,smape,0.24163805254864487,Theta
21331,smape,0.138562613890311,Theta
21342,smape,0.24942089762712102,Theta
21351,smape,0.053956658747238866,Theta
21352,smape,0.4516367724529936,Theta
21356,smape,0.15851364259680914,Theta
21361,smape,0.21745396095899877,Theta
21366,smape,0.4730967478727847,Theta
21376,smape,0.13974524734131213,Theta
21395,smape,0.0344060309678854,Theta
21402,smape,0.19962308100544593,Theta
21406,smape,0.10159578992146413,Theta
21407,smape,0.2022266201748948,Theta
21411,smape,0.12331399640586446,Theta
21416,smape,0.1413814602334885,Theta
21421,smape,0.03625408465247053,Theta
21423,smape,0.10670109459827386,Theta
21427,smape,0.18109076960298076,Theta
21433,smape,0.12644492094763782,Theta
21437,smape,0.09256440582583196,Theta
21439,smape,0.6768274199361103,Theta
21440,smape,0.19063416458980517,Theta
21447,smape,0.12487217308032246,Theta
21463,smape,0.03307670305753175,Theta
21467,smape,0.07087887126222253,Theta
21487,smape,0.20009960599906715,Theta
21492,smape,0.2950769204530583,Theta
21528,smape,0.2633140810845495,Theta
21552,smape,0.04823753771442141,Theta
21557,smape,0.10568337486929971,Theta
21567,smape,0.19175706691494235,Theta
21568,smape,0.07522945070841132,Theta
21569,smape,0.07055458701428201,Theta
21578,smape,0.07291254074742456,Theta
21579,smape,0.17234686511767083,Theta
21580,smape,0.08481156079016741,Theta
21587,smape,0.30622576596843143,Theta
21590,smape,0.27607172020511134,Theta
21592,smape,0.032714470117687,Theta
21605,smape,0.9686000659018649,Theta
21607,smape,0.07427627205106903,Theta
21608,smape,0.14256398087583347,Theta
21610,smape,0.14807752905764904,Theta
21611,smape,0.04705038071016633,Theta
21615,smape,0.1507983619229519,Theta
21626,smape,0.10892167108286763,Theta
21629,smape,0.17416940844096332,Theta
21635,smape,0.1720774386413132,Theta
21638,smape,0.07755630609885526,Theta
21646,smape,0.24501128247591453,Theta
21656,smape,0.1677614439059378,Theta
21659,smape,0.2105105737192002,Theta
21670,smape,0.2276603088342675,Theta
21674,smape,0.058149927703933,Theta
21692,smape,0.02757049498875085,Theta
21694,smape,0.09342153344147673,Theta
