unique_id,metric,linear,LGBMRegressor,XGBRegressor,RandomForestRegressor,NHITS,NBEATS,NHITS_m4_pretrain,NBEATS_m4_pretrain
19386,mae,845.8923746744791,865.7287173257853,794.2085367838541,695.4266666666667,568.8911946614584,820.552992078993,791.7335611979166,1027.2451171875
19392,mae,34.79698816935221,36.44906977959022,33.23954942491319,38.72555555555555,30.50334718492296,33.09772830539279,32.52823172675239,43.89176686604818
19393,mae,468.0530734592014,553.3009240385234,507.6899685329861,493.2816666666666,209.5469970703125,377.9436984592014,453.39434136284723,756.1466606987847
19515,mae,62.079441494411896,53.18718631609887,55.69307200113932,53.56777777777778,72.43637339274089,46.46967315673828,52.62628682454427,52.529883490668404
19519,mae,36.949613234576056,33.44619775204903,31.95329912971048,39.75058823529412,17.721145629882812,23.253465440538193,17.07653045654297,20.22515360514323
19520,mae,23.486631665910995,7.397908539901381,6.333095141819546,13.345,9.638717227511936,10.03216626909044,11.192120128207737,11.317849900987413
19521,mae,59.255468156602646,46.31062311238633,45.34348466661241,42.625,53.224526723225914,43.9050415886773,60.457271575927734,64.26716232299805
19522,mae,77.18145158555772,69.14249468752617,86.01940155029297,78.46111111111111,60.50028652615018,73.15879821777344,75.18017323811848,90.97475687662761
19523,mae,333.6501057942708,415.4374990983989,456.7382066514757,238.77611111111116,319.48255750868054,261.7651638454861,254.35997856987848,385.82985432942706
19524,mae,25.933305104573567,9.052416987465968,13.15375476413303,11.974444444444444,8.94064892662896,5.556496620178223,11.609064526028103,13.068109936184353
19526,mae,16.46783192952474,3.1723569446645743,5.907434781392415,3.508888888888888,2.1328115463256836,3.1509744856092663,2.0986255009969077,3.5876286824544272
19527,mae,23.08395555284288,28.055702856517183,24.18068186442057,32.26833333333334,21.797890133327908,25.27526346842448,22.634965260823567,30.408307393391926
19528,mae,22.363094329833984,11.494870872478636,13.071072578430176,13.608333333333334,8.629193411933052,9.606764051649305,6.832466231452094,12.370259020063612
19529,mae,63.0464358859592,62.78603182541479,50.27408345540365,49.028333333333336,58.22822740342882,50.93635389539931,51.317635430230034,71.61241149902344
19530,mae,19.64541668362088,7.76544130297338,9.842344284057615,9.306111111111113,5.616177241007487,5.418202824062771,5.992125829060872,5.710687319437663
19531,mae,591.9527452256945,653.5982876611628,518.9486626519097,499.6088888888888,296.0270724826389,300.68629286024304,299.8155924479167,338.00981987847223
19532,mae,153.14313422309027,134.25297646356498,101.5050557454427,98.67722222222224,91.32052273220486,91.77672661675348,90.97072347005208,99.83713785807292
19533,mae,34.499359130859375,51.79814761594931,47.12477111816406,35.27666666666667,34.400248209635414,21.796005249023438,41.945626152886284,51.77808803982205
19534,mae,541.0032823350695,336.5888262645656,444.6700710720486,551.5066666666667,324.22882758246527,435.04267035590277,359.29022894965277,416.153801812066
19535,mae,26.31710645887587,11.851276562779438,19.32110850016276,14.83777777777778,15.688590155707466,8.92431386311849,7.192132737901476,8.136856926812065
19536,mae,34.20319281684028,30.279610135496476,31.03885057237413,30.80333333333333,20.941662258572048,32.881774478488495,27.643578423394096,29.47155549791124
19537,mae,138.16141764322916,211.3561500035916,143.59380425347223,122.74944444444446,58.67296346028646,171.85042995876736,196.2249789767795,169.29379272460938
19538,mae,31.8232298956977,29.392688845694074,31.49051030476888,28.473888888888887,33.90054151746962,27.96744664510091,24.37986289130317,28.100220574273003
19539,mae,101.88942972819012,96.11722104078656,70.79073248969183,85.61888888888888,16.730015224880642,60.76705423990885,18.981707255045574,60.48787265353732
19540,mae,370.5528157552083,464.9283201713712,446.16124131944446,362.8261111111112,118.94434950086806,195.68025716145834,142.3671875,175.77897135416666
19541,mae,30.47417360193589,15.430902913906042,12.186680064481848,17.095882352941175,18.695408715142143,20.425489213731552,19.344438764784073,20.395406511094833
19542,mae,67.84554375542535,38.27469844590257,79.83882988823785,52.07500000000001,18.376057942708332,40.16297403971354,32.56213717990451,39.91131252712674
19543,mae,106.78416612413194,185.5100848099686,156.89378865559897,111.5938888888889,53.93542141384549,44.861172146267364,68.40706041124132,83.23773532443576
19544,mae,221.78529188368051,102.15594918287763,185.5213826497396,135.62166666666667,216.30809529622397,381.2426011827257,391.366204155816,533.6937188042534
19545,mae,34.96977064344618,43.07609811312936,42.21628655327691,31.06888888888888,26.65022956000434,16.436143663194443,20.587437947591145,31.693844265407986
19546,mae,240.4591946072049,308.577100747526,262.0960998535156,264.3366666666667,112.73455471462674,194.87255859375,67.37169562445746,201.91633775499133
19547,mae,62.6524166531033,73.98245074769456,43.12452358669705,67.07333333333332,28.288706461588543,46.96151563856337,21.671023898654514,49.46380615234375
19548,mae,66.49766031901042,82.40502576995182,78.00830078125,76.7761111111111,27.23697238498264,41.22703721788194,52.09278700086806,60.37769911024306
19549,mae,157.57556830512152,122.58555899430914,126.3098619249132,165.91833333333332,95.9783223470052,109.14361911349826,65.56066216362848,48.70490010579427
19550,mae,97.92740885416669,92.78292431244004,88.54934353298611,76.42833333333336,50.42072211371528,36.363009982638886,36.040011935763886,35.10442437065972
19551,mae,62.26884629991319,68.08102100598138,48.49516465928819,73.98333333333332,24.33877224392361,53.002709282769096,35.575965033637154,49.74047512478299
19552,mae,32.49706353081597,45.54499318010622,36.0135752360026,30.172222222222217,35.348965115017364,60.326866997612846,34.07463073730469,54.75209214952257
19553,mae,31.78524780273437,21.31834563615709,13.136793030632866,23.626666666666665,18.88545862833659,20.231564627753365,17.884713914659287,18.639292611016167
19554,mae,268.9394938151042,230.11976632655893,237.6661105685764,166.71277777777772,67.29868570963542,119.59554036458333,48.65363226996528,129.93366156684027
19555,mae,60.62485928005643,61.411160679662494,52.384627448187935,56.13666666666667,36.79966566297743,58.52237192789713,31.641020880805122,53.16344875759549
19556,mae,51.292504204644096,56.16819185717821,54.37491353352865,55.35944444444445,77.96617592705621,69.30658721923828,72.76156743367513,77.98146396213107
19557,mae,47.95996814303928,44.58773524670962,39.91921657986112,40.34222222222223,19.8353214263916,36.25442208184136,30.672021230061848,37.10447862413194
19558,mae,38.33345370822482,38.16822264652573,24.89490593804253,37.37111111111111,38.324694315592446,40.36414506700304,35.880086263020836,37.642971462673614
19559,mae,297.3627658420139,380.3989213158656,377.2474772135417,357.5477777777778,242.75478786892361,240.46077473958334,176.75602213541666,224.47572157118054
19561,mae,13.77626927693685,7.355834089644484,10.174833297729492,8.38,3.41149542066786,6.889891306559245,8.841447406344944,9.757546318901909
19562,mae,106.64507717556424,107.19910273313914,119.96359422471788,109.57444444444444,65.9237569173177,84.63277011447482,62.15948147243924,77.78025478786893
19563,mae,13.352044423421225,1.7955114464194182,6.413719707065159,1.8716666666666664,2.2432725694444446,2.0586446126302085,1.795484807756212,2.1501514646742077
19564,mae,49.15123664008247,39.68927232627372,37.4893069797092,39.946666666666665,35.80208841959635,41.93095397949219,34.48956298828125,39.668741861979164
19565,mae,16.0886329202091,6.32529323941415,6.417660657097311,5.440588235294117,4.105428483751085,9.967742284138998,6.526481416490343,11.463351567586264
19566,mae,26.20915052625868,26.10155472236712,36.29508463541666,40.305,41.47887674967448,27.508592393663193,26.521874321831596,16.88134765625
19567,mae,93.36535390218098,77.61039526036554,79.13622792561848,77.38944444444445,79.60768296983507,76.14075385199652,78.36750200059679,82.10423872205946
19568,mae,22.147767384847004,23.595380899213573,13.42275661892361,25.22611111111111,6.901664733886719,16.8939946492513,6.4370850457085504,16.778479682074654
19569,mae,11.673238118489584,5.743153107416786,5.61007022857666,8.676666666666668,6.627677705552843,4.534826914469401,6.331447177463108,4.089150216844347
19570,mae,19.418793148464623,7.330033486246426,8.408424801296658,12.282222222222222,7.939745161268446,3.5686522589789496,3.5704998440212674,3.943947262234158
19571,mae,56.348361545138886,60.93532046033171,56.412373860677086,38.51833333333334,25.153184678819443,31.959981282552082,17.623167249891495,33.65033637152778
19572,mae,100.14148667279412,86.63232013840889,103.57535149069392,104.6770588235294,57.97089131673177,90.25563727484808,82.77281867133246,79.5276387532552
19573,mae,65.87947591145833,70.96960489005079,57.844089084201386,80.16222222222223,74.8081783718533,59.42887539333768,60.733008490668404,77.01048617892795
19574,mae,141.04971652560764,157.3618205073979,153.48709106445312,147.98944444444444,117.03674994574652,135.59129503038196,125.07261488172743,132.64515855577258
19575,mae,13.134248945448132,1.8206113394619408,4.119580374823676,6.723333333333333,1.1926979488796658,1.4566018846299913,1.236090554131402,1.3753850724962022
19576,mae,81.24782138400607,66.1688654627566,84.63628387451172,88.63444444444445,73.26263597276476,65.08009084065755,64.8675554063585,59.79955546061198
19577,mae,181.34825224034927,249.4735237699219,189.41929716222427,231.94,103.91365220811632,122.12747870551215,68.6664055718316,119.51565890842014
19579,mae,21.9257417566636,5.000069483436,7.2381340545766495,5.2947058823529405,5.55362155702379,5.306100659900242,5.067663749059041,5.9816657702128095
19580,mae,42.05746417575412,28.8300212595616,29.738048129611546,27.427777777777777,25.928646511501736,18.002555423312717,25.76683298746745,27.86149173312717
19614,mae,24.121487935384117,18.601760255368763,12.912282307942707,15.07888888888889,12.055523554484049,13.11283810933431,11.759762869940865,10.434204525417751
19616,mae,16.230333116319443,5.831010753889749,7.851663801405165,1.6838888888888883,1.4348648918999567,1.4634738498263888,1.556457307603624,2.077292972140842
19620,mae,22.539995465959823,4.7129559149735005,5.6378784493676255,12.077142857142857,5.583811706966824,4.7018471293979225,5.434449381298489,5.328660382164849
19623,mae,88.49319118923611,90.1266700396028,88.18635728624132,89.98833333333333,120.39218478732639,117.13611857096355,83.9238043891059,124.10611640082465
19624,mae,20.69178602430556,16.02684661300585,18.728299458821613,16.59111111111111,16.442121717664932,12.967286851671007,8.121509128146702,12.024637010362413
19635,mae,,,,,0.003230962488386366,0.01862321959601508,0.05977183911535475,0.022506521807776556
19650,mae,53.66443973117404,70.81538087661815,41.104537116156685,39.13444444444444,42.44049835205078,98.03856489393446,77.13131035698785,75.47204674614801
19658,mae,28.90433971698468,18.273265313321367,21.96882423987756,34.73461538461539,38.37708388434516,32.24362489912245,35.68019273546007,35.96948772006564
19662,mae,31.02162043253581,2.6291883835668823,7.180458704630534,3.9194444444444434,2.9351418813069663,2.7398387061225042,13.060048421223959,19.439236534966362
19677,mae,22.73752369600184,24.5588840803156,22.72338182785932,23.61176470588235,26.609697553846573,24.283217748006184,24.5995118882921,29.732963138156467
19678,mae,,,,,7.345676634046766,18.205296410454643,6.907825046115452,12.703581068250868
19682,mae,141.70823838975696,114.70271161252164,144.30431450737848,108.27444444444444,67.53134494357639,108.31043158637152,73.16105143229167,107.13916015625
19687,mae,77.42703586154514,81.01254570087684,74.44574313693576,94.18388888888892,71.91152954101562,94.48133341471355,82.30824110243056,94.97780354817708
19690,mae,54.80853271484375,89.44802345017632,84.6181131998698,211.64166666666668,31.609117296006943,29.545389811197918,34.7340087890625,51.8602040608724
19704,mae,956.4291449652778,1086.3574152291787,815.4191351996528,787.857222222222,1270.2329915364583,997.1759168836805,1125.0311957465278,799.4808213975695
19728,mae,15.548555586073132,2.079254551500788,5.976407037840949,1.7288888888888891,1.8145925733778212,2.1157210138108997,1.8744570414225261,2.0377411312527127
19746,mae,21.755815294053814,6.479147597203113,10.528363121880425,7.026111111111111,5.6303253173828125,5.731255425347222,6.071827146742079,7.341416676839192
19747,mae,20.856993357340496,13.241960035332886,12.715354071723093,13.90611111111111,8.778939776950413,13.865509880913628,13.61110454135471,12.371258629692925
19770,mae,544.5050591362847,558.5960961685964,633.9412434895834,568.7483333333334,580.4262152777778,484.13232421875,463.7228529188368,499.7121107313368
19778,mae,39.95609937395368,32.87147160687591,34.5961538042341,31.072857142857146,69.73883565266927,64.56270429823134,84.25994025336371,103.84783766004774
19779,mae,89.27534993489583,124.00766875495236,102.07630072699652,106.73555555555556,41.75896877712674,66.03167046440973,44.01775444878472,68.36770968967014
19789,mae,100.13377041286893,55.7057985739495,98.2754626803928,72.25166666666667,86.3291990492079,49.539645724826386,41.61316341824002,42.37727610270182
19790,mae,1076.7548828125,1210.3128802258968,1050.3960503472222,856.3083333333333,316.42127821180554,723.4125434027778,387.03569878472223,827.3610568576389
19791,mae,47.608188205295136,56.09063257862587,55.97439236111112,44.64277777777779,48.501980251736114,49.495076497395836,45.310448540581596,43.83659871419271
19795,mae,16.54653591579861,1.845698528878413,4.1562910079956055,6.989999999999999,1.326016108194987,1.468041525946723,2.3671849568684897,3.2220062679714627
19804,mae,17.554218516630286,4.452754823281191,5.739542533369625,3.84,3.5250466929541693,3.670943260192871,3.9402496019999185,3.675242635938856
19805,mae,1470.85986328125,1372.9010166603705,1458.25390625,1181.0994444444443,510.8933376736111,1295.27392578125,526.5423177083334,1353.8819986979167
19812,mae,28.901123894585503,26.973101320480733,24.06490495469835,27.477222222222217,34.59633763631185,33.91361999511719,30.73963122897678,39.85259543524848
19821,mae,624.8746066623264,641.6667399982982,664.816650390625,609.3372222222222,406.95370144314234,474.0752699110243,468.88454182942706,508.0349934895833
19829,mae,28.58070373535156,42.65598066227894,31.430804014205933,26.6275,20.5824220445421,20.742712020874023,20.41121482849121,29.171572579277885
19830,mae,34.25195736355252,29.31729580292763,28.81151326497396,36.67722222222223,64.99888017442491,41.905483669704864,46.50892469618056,45.0826661851671
19839,mae,67.75802654690213,43.05088956214668,55.48230192396376,46.434444444444445,33.16860156589084,28.639400482177734,36.47306272718642,23.01559109157986
19840,mae,50.96642642550998,9.758245748953994,15.432838863796658,27.637777777777774,4.029650158352322,4.995320214165582,7.177675035264757,8.130795160929361
19852,mae,127.47168986002605,123.09496823857818,113.99695841471356,124.09222222222222,137.7864786783854,118.91061062282986,173.61465115017361,207.74600219726562
19855,mae,17.135486602783203,3.368722623497074,14.706167221069336,10.793333333333337,2.946190502908495,1.6272626254293654,3.245627840360006,2.854434178935157
19856,mae,21.1644041273329,13.826502740873575,12.904731856452097,18.197777777777777,20.72840224372016,6.695474412706163,4.283304214477539,8.599932882520887
19858,mae,19.026888711111887,15.787507754607049,14.533014978681292,21.13214285714286,6.457482549879286,12.766282187567818,5.916775756412083,10.833988454606798
19865,mae,31.55892842610677,14.238844516942654,18.78262710571289,22.749333333333333,26.808884726630318,22.92330593532986,24.856740527682835,24.879948721991646
19869,mae,17.53447723388672,13.363829964988636,17.989142862955728,16.470000000000002,6.749584197998047,21.146785736083984,10.779198434617784,17.659413655598957
19873,mae,66.59447818332248,71.17629140584312,58.81219651963976,66.38777777777779,33.64921993679471,49.745865715874565,43.56367662217882,56.545243157280815
19874,mae,20.280535016741077,27.220119011137992,16.807395117623464,21.7,15.366143253114489,16.022879627015854,16.587300883399116,17.240262892511154
19875,mae,91.07546149359808,84.6177182812198,88.47027418348524,79.71499999999999,91.13836161295573,82.18121507432726,83.60512966579861,98.49446445041232
19891,mae,37.66578123304579,18.883132591710865,24.45412190755208,22.03944444444444,11.333009295993381,12.393473837110731,7.426748487684462,17.664689699808758
19892,mae,57.38347625732422,22.511985006265927,23.27400894165039,33.446,36.63899188571506,29.747772216796875,17.983853658040363,18.329767015245224
19893,mae,42.58675681220161,35.4996652291218,23.69614134894477,30.40888888888889,28.76927312215169,29.759393056233723,29.08215289645725,29.66263919406467
19894,mae,21.75774171617296,17.988473419107365,14.95444827609592,22.772222222222226,17.395235061645508,17.79679912990994,17.967862447102863,16.816030502319336
19895,mae,21.653680324554443,12.356172837587955,11.779207825660706,11.64625,13.785387674967447,13.26688904232449,14.117267290751139,14.32852119869656
19896,mae,35.68091179342831,22.6239771785924,24.859968185424805,24.2,21.728992250230576,16.710309664408367,18.11492485470242,10.19506941901313
19897,mae,21.930853525797527,7.176368428755556,12.655915684170193,13.355,8.455954339769152,6.673058244917128,7.552755779690212,6.873332818349202
19898,mae,102.52273898654514,90.31751188309843,97.83898417154948,112.4211111111111,104.53597005208333,94.97098710801866,102.10431671142578,88.02355448404948
19900,mae,15.010097079806858,7.303964550101221,4.987563557094997,4.146111111111111,7.913034280141194,7.3624282942877874,13.163282500372993,10.100384818183052
19910,mae,15.448244094848633,10.098324321678472,11.814960300922394,10.66625,13.116194725036621,11.088254027896458,12.435794830322266,11.884470807181465
19911,mae,26.0644039577908,19.979973155443044,17.630232069227432,18.755000000000003,34.97239345974393,25.664901733398438,25.077635871039497,25.042285495334202
19912,mae,31.73580084906684,28.547701608300272,30.943329705132378,47.125,25.967090182834202,23.074356926812065,50.332328372531464,21.54068162706163
19917,mae,114.13263617621529,110.03694436655252,80.61380343967014,52.931111111111136,28.239759657118057,53.172587076822914,82.48739284939236,74.59866672092014
19930,mae,169.51611328125,247.1507123761956,231.57418484157984,189.79944444444448,284.1517605251736,170.47256808810764,211.7403361002604,243.34762912326389
19932,mae,31.727519226074214,33.95547733522972,30.607128429412843,31.77,12.418209499782986,16.163265440199112,12.252094904581705,21.89166937934028
19933,mae,43.83485582139757,35.59104122633698,43.77979871961806,30.66388888888889,21.971934000651043,23.98383076985677,16.065989176432293,26.702860514322918
19949,mae,15.197850969102648,9.558415962487295,6.501755820380317,13.084444444444443,5.766153653462728,5.108547846476237,5.225567923651801,5.072513156467014
19952,mae,169.75701734754773,135.70031196446376,160.91522725423178,157.26944444444445,172.4527096218533,144.9440426296658,212.9609866672092,184.5152621799045
19953,mae,37.3287091936384,36.978257143329074,39.53822326660156,30.087857142857143,73.61431969536676,75.62840355767145,78.49576399061415,75.26827833387587
19954,mae,20.43484141031901,4.57802338485187,9.411153491338094,4.770666666666667,6.6130481296115455,5.171004825168186,5.262831846872966,5.512327856487698
19956,mae,62.88340716891818,38.83618945061277,37.46556091308594,42.839444444444446,30.822964562310112,34.48237779405382,28.22050603230794,40.656460232204864
19958,mae,63.31442091200087,72.2857144902884,93.57364908854169,56.33777777777779,21.193530612521702,22.196489122178818,12.323637220594618,16.285958184136284
19961,mae,98.66386323816636,94.28954848977251,90.30172639734604,76.71588235294118,33.82311248779297,60.465226067437065,42.243756188286675,46.465982013278534
19972,mae,27.569437467134914,28.52921397393996,31.50186171898475,34.37615384615385,39.104492823282875,33.12516233656142,26.373048570421005,33.41543589697944
19976,mae,19.546736907958984,18.43662345922608,19.82344627380371,26.354000000000003,12.508251614040798,12.86370129055447,11.412739435831705,19.04432651731703
19977,mae,1123.9344618055557,1258.12308883546,1490.14453125,1094.7883333333334,547.3068576388889,873.3653971354166,962.0537109375,848.4242078993055
19985,mae,22.60246456370634,3.5799658162992327,3.2874330773073086,8.411176470588236,4.336585998535156,4.314163711335924,3.8541646003723145,4.094575617048475
19991,mae,185.3440348307292,342.1113932265152,290.4813978407118,192.36555555555557,173.7342495388455,150.70960150824652,157.79286024305554,246.18017578125
19995,mae,52.50777011447482,67.47175467124127,59.518541971842446,67.87888888888888,70.83038075764973,65.4749755859375,70.16109975179036,70.27783118353949
19996,mae,25.033099704318577,16.02942229176759,22.7751579284668,17.987222222222222,16.814513736301,15.463547176784939,19.006139543321396,20.717695024278427
20003,mae,18.399261898464623,10.210731353187237,19.322676340738933,14.264444444444443,8.511687384711372,13.323743926154243,10.250253041585287,15.401516278584799
20005,mae,56.48979695638021,51.9539130299533,50.71839735243056,47.83722222222222,36.72386338975694,32.40720960828993,32.780493842230904,37.11218939887153
20007,mae,49.167073567708336,58.5604795865747,60.227762858072914,61.28055555555555,39.316196017795136,38.88294474283854,41.88670179578993,54.812235514322914
20010,mae,48.28471162584093,27.61038130441547,32.48197894626193,23.865,25.02954355875651,17.88064193725586,17.17300542195638,12.795609368218315
20016,mae,117.78123982747395,121.86582792547966,125.88313462999132,117.0461111111111,110.83826700846355,126.33818901909723,116.10528564453125,124.4162334865994
20017,mae,93.60752699110245,130.20079333601788,149.34253946940103,113.29666666666668,102.04101901584201,170.4844767252604,135.764889187283,188.74628024631076
20019,mae,45.080352783203125,52.7665522343417,49.955220540364586,47.35333333333333,48.03130171034071,47.609998067220054,33.59193759494357,57.001631842719185
20023,mae,15.852347740760216,9.993428111679949,10.549022674560549,11.38923076923077,11.541522132025825,17.044377856784397,11.9125640657213,15.086832576327854
20025,mae,25.127103169759117,46.14948655391657,44.3028601805369,40.5,20.885614924960667,22.72026761372884,22.640088452233208,27.84534157647027
20028,mae,34.44093788994683,25.84958287363873,29.779886881510414,25.052222222222223,23.00829357571072,21.678929222954643,23.359625074598526,31.852249569363064
20029,mae,18.127957661946613,34.95626254094944,21.05130259195964,16.60222222222222,27.91886223687066,24.503662109375,24.157620747884113,22.90052032470703
20030,mae,19.07094510396321,1.0032395879593203,4.091416617234548,4.551666666666667,1.0124944713380601,1.28369121087922,1.0273936192194622,1.4028301272127364
20034,mae,17.15824604034424,6.902795347225492,12.220639646053314,11.538125,5.7561953862508135,5.691056463453505,5.572605080074734,5.95366022321913
20042,mae,64.83752653333876,45.38627408247984,45.9030638800727,40.42388888888889,16.866158379448784,16.18134986029731,16.022226121690537,31.24536599053277
20043,mae,15.923478444417318,5.333238781843382,5.711641947428386,6.001666666666667,3.4629066255357532,3.7956698735555015,3.260496457417806,3.616254594590929
20045,mae,26.58839882744683,4.236635162362678,6.455094814300537,4.2716666666666665,3.914722866482205,4.60803402794732,3.9526534610324435,4.541231685214573
20046,mae,354.521979437934,359.2609206655955,399.3831685384114,356.49888888888887,296.4058532714844,378.1190490722656,413.07214016384546,354.123291015625
20057,mae,22.78914472791884,16.351801578181906,18.273379855685764,21.826666666666668,13.19166734483507,15.187083138359917,12.30122841729058,20.59624735514323
20059,mae,16.689773983425564,8.210596436149975,9.788499196370443,11.374444444444444,4.794647640652126,6.420551300048828,4.9903149074978295,5.334562513563368
20064,mae,27.825691646999783,5.2246675527742985,13.04171742333306,7.681111111111111,4.829314019944933,7.178198284573025,4.865706549750434,5.1943649715847435
20065,mae,75.84729470147028,71.68155234447211,91.68333011203342,85.24388888888888,59.85928599039713,80.77278900146484,82.12679799397786,99.90269385443793
20075,mae,14.974788441377529,9.264139413224036,8.400337668026195,7.752941176470589,8.479847802056206,8.686846415201822,9.552322811550564,9.030331081814236
20080,mae,12.92500262790256,4.259934138538196,3.655331505669488,5.136111111111111,4.160236888461643,3.0659941567314997,4.73159737057156,3.175622410244412
20085,mae,30.34387758043077,20.51338773275793,20.27590476142036,18.813888888888886,20.91393937004937,19.96572028266059,22.603221893310547,33.45115513271756
20088,mae,50.16763574936811,46.89532226445634,51.12747102625229,44.83176470588235,50.1158881717258,49.890890757242836,55.10465325249566,58.862775802612305
20089,mae,18.27562219956342,3.290399281060711,7.935397765215705,7.973529411764707,3.2005772590637207,3.7041466501024036,5.30692195892334,7.085836728413899
20090,mae,91.08942222595216,65.16711040943902,109.163667678833,131.491875,165.25116136338977,106.54458533393012,136.66232638888889,135.41822475857205
20095,mae,42.1698727077908,38.88558351766992,49.50152799818251,46.14888888888889,29.020604875352646,33.10680643717448,30.587792926364475,35.1273193359375
20100,mae,36.55619642469618,23.974897154328197,27.78929222954644,21.93055555555555,21.966944376627605,18.400780571831596,17.8769048055013,20.218082851833767
20104,mae,7.3229552374945746,8.547088768701153,7.481552335951063,9.02222222222222,5.605872684054905,7.579781426323785,6.34231694539388,8.212329652574327
20105,mae,33.66495259602865,16.51779262584395,9.561370425754124,21.343333333333334,77.12769741482205,11.949128362867567,9.156414455837673,14.11247730255127
20106,mae,24.809139924890854,8.741844420653706,11.54846697695115,19.38117647058824,10.09498119354248,15.948238372802734,10.86804305182563,12.202311409844292
20107,mae,74.5611572265625,204.75843610727847,145.12725830078125,113.74000000000004,73.58786349826389,93.83694118923611,74.93253580729167,90.88526746961806
20108,mae,67.02762222290039,57.95878859591104,64.49328147040472,64.50111111111111,36.81824154324002,54.40107218424479,46.472242779201935,41.2018797132704
20110,mae,14.037498050265842,1.8751705509024463,6.145741952790154,4.094444444444445,2.5982792245017157,7.111779954698351,3.030765930811564,7.436645719740126
20111,mae,22.78431616889106,25.81448962170532,19.849820454915363,16.65,8.614108191596138,8.153327941894531,9.5006955464681,15.299964057074654
20114,mae,20.82146665785048,0.9199921582662024,2.8953505290879145,11.945555555555556,0.994385110007392,0.9065802362230089,1.0583690537346735,1.0725416607326932
20116,mae,99.20601230197482,118.38786272684376,118.46346706814236,103.79388888888889,117.98603990342882,113.89541625976562,109.5120832655165,125.7166748046875
20119,mae,27.09581926133897,27.836019559756103,18.25434324476454,21.759444444444444,11.582590950859917,13.43078358968099,16.657488081190323,11.235836876763237
20120,mae,98.30353207058376,110.14483914994308,93.55017598470052,71.25333333333333,19.171303855048286,87.18967692057292,27.598832660251194,83.42105356852214
20123,mae,23.581083085801865,16.44139547622569,25.091894997490776,30.462222222222223,9.118960486518013,8.863079494900173,12.05376942952474,35.98607423570421
20127,mae,83.83763840619255,89.70910412683133,78.84046936035156,65.98235294117647,69.90706888834636,77.51915317111545,82.88316853841145,74.71807946099176
20133,mae,35.75823126898872,62.5162739339647,41.38386366102431,38.467777777777776,25.65518018934462,24.52353752983941,24.16174825032552,26.325320773654514
20136,mae,12.253917987530048,4.485396170491696,2.9654283890357385,3.376153846153846,3.2093155648973255,3.700133124987284,2.6300545003679066,4.164812869495815
20138,mae,12.675550672743055,7.759323330242438,5.974489212036133,9.886111111111113,10.723410712348091,11.07109006245931,7.796393500434028,8.379501342773438
20140,mae,28.37206480238173,25.513763244370026,22.367557949490017,22.21388888888889,27.65120866563585,26.234114752875435,35.90575154622396,43.20683034261068
20147,mae,119.13799540201823,126.5644291002619,136.47109985351562,131.40666666666667,131.4904844495985,145.60323248969183,107.31448364257812,108.66627502441406
20148,mae,18.737999386257595,6.754292928421976,8.956156412760416,7.268333333333334,5.794290330674913,7.196918487548828,7.884083641899957,5.722708384195964
20149,mae,23.030799018012157,16.7577617286705,19.738163630167644,14.539444444444444,16.47428533766005,15.272583643595377,14.240190082126194,24.170397016737198
20151,mae,28.05225287543403,36.383915352735485,30.19951714409722,29.73666666666666,38.555884467230904,30.852461073133682,37.97412787543403,30.148640950520832
20152,mae,160.7746124267578,151.26765343928625,120.19363488091363,177.5311111111111,143.93206871880426,155.57376946343317,167.96877119276257,133.2566435072157
20153,mae,21.917985704210068,17.42640987941382,17.6497556898329,29.66222222222222,15.341504414876303,17.694185892740887,18.845672607421875,29.823309156629776
20155,mae,79.48815324571397,74.60024465236887,86.69700537787543,76.35944444444445,70.73074425591363,96.02115800645616,61.08576541476779,92.34340582953558
20156,mae,32.8039682176378,32.17744902559379,28.801285213894317,32.190000000000005,35.88955858018663,18.499198489718967,28.483450995551216,30.330841488308376
20162,mae,25.10845722871668,22.874462091798488,21.17857226203469,32.45,12.101888020833334,21.59207322862413,11.55841785007053,20.607835981580948
20166,mae,39.95106167263455,35.828748021386104,53.89302402072482,32.12055555555556,28.840123494466145,29.470252143012154,30.305063883463543,31.554137335883247
20167,mae,70.26690843370226,80.96857033875841,73.78074137369792,63.888333333333335,50.42596944173177,52.32531060112847,63.6529286702474,57.110432942708336
20169,mae,14.95904541015625,2.066354152944856,4.651264610035079,20.36428571428572,2.591250525580512,2.4788717296388416,3.699207491344876,2.528648018836975
20170,mae,496.0999430338542,342.63477427492114,492.2868245442708,542.9706666666666,774.4189656575521,712.6040344238281,805.3482326931423,767.6575283474392
20173,mae,301.697748819987,354.6707386409424,344.8768581814236,280.6766666666667,229.2909393310547,226.6547648111979,233.95164998372397,227.62198893229166
20177,mae,21.008514828152126,9.334707338118106,12.41475741068522,9.411666666666669,19.949059168497723,13.982476870218912,9.628043174743652,12.005936622619629
20183,mae,17.294852786593967,10.051417278366126,9.83263619740804,9.62,16.86342387729221,13.607878155178494,13.835788091023764,15.198456658257378
20185,mae,45.16845703125,47.6758708131688,60.22397528754341,38.79222222222223,22.615259806315105,44.96513875325521,38.01642862955729,49.87463717990451
20188,mae,37.11007605658637,25.294401329151803,28.616136338975693,22.343333333333337,14.922778659396702,14.207379659016928,13.704428778754341,14.720724317762587
20190,mae,27.56751206341912,31.738137027648047,38.52666338752298,14.793529411764707,30.824073791503906,24.82328372531467,19.47782219780816,21.050782097710503
20191,mae,102.99088541666669,60.70067188966458,110.75444878472224,109.57,54.050632052951386,77.21280076768663,112.80138142903645,117.90035841200087
20193,mae,166.9306352403429,172.4845953706037,152.3871103922526,147.79888888888888,169.70394558376736,162.85381995307074,142.63682301839194,133.54415215386285
20194,mae,66.39641486273871,55.97991614869413,63.87445237901476,64.21666666666667,110.51111857096355,113.9444817437066,87.48307291666667,90.87268829345703
20195,mae,46.90528700086806,39.48903764682602,46.82711537679037,50.81444444444444,25.772395663791233,27.684824625651043,24.331809997558594,30.262202792697483
20200,mae,53.110772874620224,64.68069942031704,43.15892537434896,53.39777777777778,62.72287962171767,59.17252519395616,65.34589470757379,66.83041212293837
20201,mae,23.501266479492188,17.00331378336211,15.786267673268036,16.72470588235294,11.011879179212782,8.239990075429281,13.623808648851183,7.781018522050646
20203,mae,75.5090569390191,64.2700997174565,74.12969207763672,73.85444444444445,79.10376993815105,69.37408192952473,62.31848653157552,87.18938869900174
20204,mae,62.82225757175021,70.580753912412,59.74968804253472,87.17888888888889,60.79417758517795,64.25002966986762,59.66369374593099,74.88606728447809
20206,mae,427.6183810763889,603.4890694809922,692.376220703125,549.6261111111112,453.3179117838542,409.43085394965277,522.0719265407986,420.5249430338542
20207,mae,137.98800659179688,122.14479227492082,136.8826700846354,169.30666666666664,165.5585119459364,22.798186832004124,33.32340410020616,29.60405519273546
20208,mae,30.988311343722877,34.271062096445434,35.61913723415799,46.88611111111111,35.102103339301216,38.06991174485948,36.363573710123696,37.488768895467125
20209,mae,21.14389885796441,9.185516153260204,13.92897499932183,6.077777777777779,46.11634275648329,43.08103688557943,49.317381117078995,60.41948233710395
20210,mae,17.51210675920759,17.004990510713647,19.327601296561102,16.484285714285715,32.23174179924859,37.63520749409994,35.61555629306369,44.8427185482449
20211,mae,375.019029405382,296.99224514550093,395.7052680121528,420.9266666666667,299.17269219292535,324.2641126844618,369.1528049045139,470.14887152777777
20213,mae,15.694935966940488,2.96417684519582,4.517502321916468,2.607647058823529,2.5591366555955677,2.8838800456788807,3.934498601489597,4.346033308241102
20214,mae,13.128101642315205,1.3895917150340755,2.792689616863544,1.9238461538461535,3.3938070668114557,4.706340948740642,3.648327443334791,3.2341574827829995
20216,mae,21.93561342027452,16.699243719329903,17.596965471903484,16.021666666666665,13.349255243937174,16.957998487684463,13.330282635158962,16.3756226433648
20218,mae,53.5795636177063,35.948059985304305,40.63367795944214,45.0875,32.152553982204864,48.502890268961586,45.27219433254666,64.27397155761719
20221,mae,20.813240475124783,6.021081431680991,5.027960830264622,3.536666666666666,4.038999610477024,4.0497086842854815,3.808280415005154,5.12826665242513
20222,mae,19.424254523383247,6.651471384012183,9.61276732550727,6.960555555555555,2.4666962093777127,2.828468534681532,2.3678601582845054,2.7075059678819446
20227,mae,40.89427185058594,24.129423309385096,16.477293650309246,23.244444444444444,16.712332195705837,14.746089087592232,18.93392817179362,17.33259455362956
20229,mae,406.150865342882,613.6453030759393,555.4664577907986,481.84777777777776,450.06727430555554,233.50596788194446,253.48346625434027,447.7082926432292
20230,mae,38.20853805541992,26.21584144321012,26.38288328382704,27.22666666666667,26.760209613376194,27.843229717678494,26.257769690619575,28.66592280069987
20231,mae,56.95137193467882,58.4933825237696,67.43807305230035,57.75333333333333,50.86485248141818,42.49845674302843,36.879071129692925,45.75808673434787
20232,mae,56.75991355048286,53.708970468152025,47.35704125298394,49.065,44.836961110432945,51.80022515190972,58.11961364746094,62.11681026882596
20233,mae,54.29054090711806,47.32202282685666,66.57267930772569,38.00666666666666,20.39714898003472,38.25104777018229,16.24981689453125,31.170274522569443
20234,mae,27.48503239949544,30.81375946353953,31.000809457567,26.337777777777777,21.702025837368435,32.10153600904677,15.606918334960938,31.164486567179363
20237,mae,414.1363277435303,388.7190138198298,366.9447078704834,426.545625,396.9831831190321,428.105963812934,504.00290934244794,553.0393676757812
20250,mae,129.50006103515625,113.22021545700488,170.13150363498264,127.48333333333332,187.74241807725696,127.84663899739583,152.66047837999133,209.58311631944446
20253,mae,183.9424082438151,192.704062024798,176.4375720553928,162.1511111111111,101.57835557725694,135.02324761284723,176.62044609917535,274.2445373535156
20263,mae,21.6601431104872,0.9203762148354228,4.19968786670102,2.466111111111111,0.9265525870853,1.249772071838379,0.8784716394212511,1.9081737730238173
20266,mae,11.860498046875,1.3983896418284103,3.20912249883016,2.714,2.846238931020101,2.154182646009657,2.161653028594123,2.7265190283457437
20268,mae,17.632834964328342,3.548395943369991,4.61921575334337,3.5933333333333337,5.254991213480632,3.0800911585489907,5.6967279646131725,3.625522189670139
20272,mae,147.60892062717014,133.0526738854596,134.99290296766492,111.32055555555556,53.385599772135414,86.52552964952257,54.61628977457682,99.11286078559027
20277,mae,121.55551147460938,103.98900067684724,113.75320095486111,108.19944444444444,75.80080159505208,90.8737284342448,86.61016506618924,93.31722683376736
20278,mae,34.21974521213107,35.72187701934988,35.51079432169596,31.31222222222222,10.761693954467773,22.194542990790474,13.753615697224935,14.620388666788736
20280,mae,53.64656236436632,60.780204157768594,54.53981018066406,64.67444444444443,50.45343695746528,62.714501274956596,57.03861999511719,56.29506259494357
20284,mae,21.543980189732142,19.625743068136167,15.385139465332031,20.474285714285717,20.85464859008789,30.07306480407715,28.02519989013672,23.72574085659451
20286,mae,75.04196675618489,80.67976418724581,83.44283125135634,51.20611111111111,61.13763342963325,61.455804612901474,58.3287353515625,83.99323866102431
20292,mae,104.13014136420357,78.80929590364593,88.60001118977864,68.55055555555556,102.52954186333551,92.3891207377116,40.84987301296658,48.88907708062066
20293,mae,1214.8659532335068,1321.4677865919612,1384.8020833333333,1140.2944444444445,890.1436360677084,874.867906358507,983.9973958333334,1206.4440782335068
20296,mae,36.154419394100415,15.859277376880092,31.119860032025507,29.991764705882357,56.01938035753038,15.398562749226889,26.606929779052734,29.46125708685981
20302,mae,,,,,0.5383614632818434,0.7326420148213705,1.1915151079495747,1.0895671049753826
20303,mae,18.822687036850876,6.342480385565053,11.76820036944221,13.536470588235296,6.065723048316108,6.989524258507623,6.882670084635417,7.288559807671441
20304,mae,384.45494249131946,277.3924107262697,266.87857394748266,252.2238888888889,325.13713921440973,174.87887912326389,166.35662841796875,171.93503146701389
20305,mae,46.1143675910102,18.760802147257056,23.284172375996903,33.278888888888886,15.639908896552193,18.585972679985893,16.890383614434135,23.23904079861111
20308,mae,22.362010955810547,24.14834098610969,35.21362924575806,32.958125,33.93262820773654,32.48039669460721,33.218187967936196,25.700256135728623
20309,mae,11.287201775444878,14.960904065412011,5.912068472968207,11.959444444444443,12.404409408569336,11.873623530069986,11.42219098409017,17.175778918796116
20310,mae,62.87292929256664,47.06394896839679,74.79047528435203,63.23235294117647,83.60282643636067,101.36554294162326,114.79453955756293,125.43322075737848
20312,mae,45.9985728793674,44.82967575279062,49.03195571899414,43.765,42.501382191975914,48.91738255818685,46.46709696451823,46.09834331936307
20313,mae,65.39604610866971,60.1707674207147,66.20396508110895,64.04777777777778,71.35377671983507,65.26180182562933,63.54612816704644,39.82842000325521
20314,mae,15.245875040690104,2.2223873937697483,3.7045500467220944,3.606,1.650869647661845,2.691871576839023,2.17466139793396,2.424463245603773
20331,mae,23.952137756347657,3.996549908125263,6.260595273971558,9.288,1.0633467237154643,2.8511578374438815,1.7261207964685228,3.5309845010439553
20334,mae,94.27514012654622,116.25834972735224,76.31927405463324,85.60444444444444,39.98370827568902,78.04195361667209,29.95651117960612,73.88269509209528
20335,mae,44.42673769864169,43.67125510623654,32.195707667957656,57.64272727272728,74.93319617377387,65.59927177429199,84.72997326321072,39.920995500352646
20344,mae,164.316362508138,95.83066735223365,143.4671630859375,174.31666666666666,109.8445536295573,49.443196614583336,66.94030168321397,41.489941914876304
20348,mae,16.726106855604385,4.035638750949261,8.209200541178385,5.762777777777779,6.2710556454128685,3.2631462944878473,2.3615173763699002,3.5973618825276694
20355,mae,498.4759250217014,554.9695341433036,567.9078504774305,528.3544444444445,277.259765625,461.9180908203125,276.65020073784723,476.23231336805554
20356,mae,45.73862711588541,27.100159340593343,18.29541015625,29.66722222222222,13.167876349555122,18.61004638671875,11.996868981255425,11.354303571912977
20357,mae,26.13213772243924,11.109826026326909,11.29318618774414,29.78277777777778,14.02609634399414,10.069242689344618,11.667750888400608,18.478695975409615
20359,mae,21.8447380065918,1.534250863923441,6.284199550747871,1.565,0.2498103380203247,0.34334416521920097,0.390839417775472,0.2469868924882677
20360,mae,25.233556111653645,28.626755280299424,28.83620198567708,25.272222222222226,4.366498947143555,20.21995078192817,6.9728049172295465,20.05160140991211
20362,mae,20.277863396538628,11.157848076433773,11.270816802978516,8.75111111111111,15.641048855251736,7.5865152147081165,7.339473300509983,10.109867095947266
20363,mae,295.12729899088544,420.414165064048,380.55455186631946,381.0677777777778,358.58939954969617,193.44318305121527,288.292975531684,177.65763346354166
20364,mae,38.78075154622396,44.03524935617483,41.56793191697862,42.67055555555556,32.8893977271186,28.350000381469727,29.86790402730306,29.737420399983723
20366,mae,426.5482313368056,343.2510764065681,247.54825846354169,372.0533333333333,388.307868109809,484.45090738932294,326.2832505967882,239.5312974717882
20368,mae,12.197014702690971,14.82856311138214,15.25685903761122,15.747222222222222,12.670057402716743,10.585463841756185,9.730914115905762,12.708111657036675
20370,mae,39.50800069173177,51.74990819866587,34.01203070746528,44.72166666666666,35.049307929144966,29.407608032226562,59.19274224175347,67.12188890245226
20372,mae,19.46214803059896,17.995389679496054,17.179205576578777,21.62333333333333,18.122302797105576,13.297349082099068,14.906408733791775,17.20242076449924
20373,mae,12.372333526611328,2.0894365838464357,5.717182397842407,3.855,0.9007611804538302,1.4363455043898687,0.8378353714942932,1.5736887521213956
20374,mae,743.7192111545139,742.5798477513569,671.219251844618,525.4866666666667,576.310072157118,663.0887858072916,597.1643880208334,647.8270263671875
20375,mae,11.82422849867079,13.887522827618431,13.406911532084148,11.272777777777778,8.016376495361328,9.115427017211914,5.17417229546441,7.401222229003906
20377,mae,60.78177091810439,57.16017215773559,54.48374981350369,55.48444444444445,28.176706949869793,32.191409746805824,36.70199669731988,31.200608995225693
20378,mae,175.29893663194446,235.7612996276015,231.8252902560764,176.3733333333333,204.40745713975696,198.44796413845486,237.83108859592014,155.14606391059027
20380,mae,15.826553793514476,3.849256568974024,6.196164748247932,2.968235294117647,3.4503631591796875,3.1647525363498263,3.0486200120713978,4.912939071655273
20387,mae,19.64311769273546,21.23372457335633,20.68604670630561,19.465,21.821417596605087,23.92124631669786,19.57640001508925,27.567096286349827
20392,mae,70.18214925130208,56.80192723635601,77.31088256835938,44.98555555555557,26.97686767578125,35.95496961805556,30.442833794487846,37.2069091796875
20397,mae,155.04696061876086,160.81610685234585,160.37312995062933,154.98833333333334,71.90329064263238,140.35880533854166,115.01532236735027,76.42699093288846
20398,mae,217.18983289930557,131.1408571881743,140.81869167751736,135.88611111111106,417.0281711154514,232.00693088107639,357.1042209201389,509.1993136935764
20399,mae,51.42204030354818,40.64762125824366,48.84550942314996,72.86111111111111,64.06089867485895,40.169461992051865,62.20114262898763,75.65704133775499
20400,mae,75.91197531563895,79.5142830798119,76.57682200840541,78.67857142857143,94.68975490993924,78.35214360555013,76.09565777248807,63.65489535861545
20401,mae,256.40073649088544,285.34150165691466,269.8948991563585,259.90944444444443,365.96060519748266,213.4932386610243,269.9031270345052,322.29920789930554
20402,mae,22.585896211511947,20.270717962420637,22.03286574868595,21.89470588235294,27.34838146633572,21.45263883802626,19.401642481486004,26.464582019382053
20405,mae,22.51055187649197,11.684500397535302,14.3230332798428,21.25277777777778,37.77146350012885,6.413754940032959,14.994839244418674,15.024797704484728
20406,mae,24.027920532226563,1.154768724406581,2.1587781831622124,4.593999999999999,2.1361270480685763,0.8520876963933309,1.0156632396909926,1.0108735230233934
20408,mae,13.325310389200846,3.821566935036282,6.350433717171351,9.156666666666666,2.3238224188486734,2.1226056814193726,2.7577248016993203,2.1370826297336154
20409,mae,696.3684895833334,846.2634345446453,1167.5709906684028,758.8016666666667,317.89976671006946,752.4542100694445,712.1806911892361,542.4482421875
20414,mae,524.6500922309028,465.7331572548191,167.1561754014757,354.2011111111111,521.1075303819445,372.27423095703125,417.65066867404516,380.2467312282986
20415,mae,18.11170832316081,4.135680842143413,4.233912944793701,11.823333333333332,7.313962088690864,7.283959600660536,17.97676616244846,27.911632537841797
20416,mae,538.8278062608507,699.7678615325229,584.6273091634115,659.935,489.5299580891927,429.40089246961804,338.7684800889757,342.5501708984375
20417,mae,552.3656446668837,603.0467654692446,436.8762308756511,439.6355555555556,814.4495476616753,455.6267395019531,560.9063110351562,635.2971598307291
20418,mae,90.29044257269965,106.05899995712666,91.81654696994356,92.71833333333332,119.90805223253038,101.08568318684895,150.90403917100696,244.39911227756076
20421,mae,144.1018320719401,153.80212020706853,170.75779724121094,132.87555555555554,129.23974778917102,113.96200731065538,139.2279544406467,213.15601094563803
20422,mae,118.19070561726888,132.7828387440979,81.02040778266058,131.80611111111114,84.13427734375,145.8428921169705,83.56478542751736,147.04769049750433
20423,mae,107.23623657226562,90.7538601079607,102.13647969563802,102.3061111111111,55.81225925021701,138.16734483506946,103.2333738538954,80.33922153049045
20427,mae,96.28595309787326,122.73954605523625,87.20457288953993,112.62833333333336,125.60284084743924,112.59054904513889,261.5774570041233,176.4376458062066
20428,mae,20.47118759155273,4.119630981876197,14.4536063141293,9.735,7.856523275375366,4.337026039759318,6.51885626051161,4.731735653347439
20436,mae,88.80460951063368,131.58171147108715,104.32028198242188,122.60833333333336,77.43549431694879,96.51847839355469,74.70772128634982,63.2499270968967
20437,mae,309.1430257161458,317.8713015789597,361.90047878689234,314.82166666666666,436.29857042100696,295.4255845811632,444.8608805338542,536.3890719943577
20440,mae,23.473804473876957,14.9700498790375,14.639927334255642,17.056666666666665,14.128735860188803,15.763399759928385,17.229419284396702,27.125150044759113
20445,mae,187.0666728549533,204.53345343515423,189.15221871270077,181.26722222222224,174.60804588927164,174.55554663803844,174.59619099232884,174.45363554027347
20446,mae,19.305667029486763,4.944887820592978,12.568553500705296,7.417222222222222,12.530387878417969,5.693870120578342,5.628195020887587,5.545434527926975
20447,mae,72.29376893884995,69.00922417240565,55.87539987003102,65.02176470588235,46.21998935275607,54.03084013197157,55.585538652208115,63.165200551350914
20448,mae,312.8117184109158,234.5319489336441,537.1538696289062,471.6827777777778,305.1582946777344,293.83127848307294,336.15363226996527,450.56090291341144
20452,mae,202.5332980685764,150.60039071071827,246.37394205729169,227.87944444444443,206.80042182074652,177.79430474175348,179.2831285264757,191.4563462999132
20453,mae,141.95056830512152,115.8124137922804,152.5135294596354,124.34277777777778,126.02035352918837,116.21980624728732,118.64163547092014,91.89883083767361
20500,mae,111.22405497233072,109.52757545444727,137.81588236490884,112.67444444444445,121.35786946614583,78.6479983859592,97.07103983561198,94.31494988335504
21007,mae,19.740928649902344,2.307221522294713,3.593816712498665,1.5572222222222225,2.4646281931135388,2.5130145417319403,2.454215473598904,3.3609989749060736
21008,mae,,,,,0.03666599260436164,0.14945024914211696,0.12809581889046562,0.3085312247276306
21035,mae,13.163473946707589,0.6807131409924405,4.619144303458078,1.3142857142857145,1.6119631263944838,1.3250793748431735,1.5031322505739,1.3879992564519246
21040,mae,18.16807460784912,1.3045967876440925,3.565447509288788,1.11,1.551079981856876,2.24146921104855,1.3180162972874112,1.9941865735583835
21059,mae,17.06528642442491,3.9586611161721,5.121154361300999,6.805000000000001,1.986223856608073,5.584039688110352,1.8737354278564453,6.543312496609158
21061,mae,62.68174025591682,78.5747474445042,53.03868192784927,46.80352941176471,78.94483100043402,63.74938625759549,91.94900512695312,108.27549235026042
21080,mae,217.637321472168,221.7667673067359,174.27094014485678,147.56666666666666,77.99007585313585,124.85729556613498,88.97845289442274,96.55194515652127
21084,mae,24.29980214436849,14.673424661027385,17.182889302571613,10.388888888888893,21.878568013509113,11.566049363878038,18.028400421142578,20.398896111382378
21094,mae,15.850293901231554,2.784017142275589,5.806893620226118,3.1994444444444445,3.5356533924738565,2.33822500705719,3.1029950380325317,4.054445902506511
21107,mae,131.31616719563803,127.7374308477367,147.44777594672308,117.41055555555556,86.57481892903645,84.54952324761285,80.36036343044705,67.88531494140625
21121,mae,60.33578279283312,44.87116288538308,48.55449422200521,67.305,28.37022527058919,34.27860683865018,40.05523893568251,36.65344365437826
21131,mae,20.91376440865653,1.6418356389524849,3.942443347402981,1.657142857142857,2.254689335823059,2.2961187495125666,2.462173899014791,1.9298784997728136
21134,mae,15.558136622111002,1.234403883812382,3.815509371459484,1.74,1.3154907756381564,3.65299563937717,1.4880657460954454,3.2745454046461315
21136,mae,,,,,37.04074094030592,37.11469893985324,36.90806461373965,36.99751153257158
21142,mae,21.431811862521705,11.218794988297152,8.574352476331923,10.315,5.036917156643337,6.086337195502387,8.063664330376518,9.481402715047201
21147,mae,12.865864562988282,1.8820387305781656,4.218065935373306,2.9526666666666666,2.314931485388014,2.4403371810913086,2.3599327007929483,2.5720752345191107
21158,mae,,,,,0.9451169305377536,0.42430830664104885,0.6806139945983887,0.5513824886745877
21160,mae,15.80992841720581,1.6458180238917215,4.571786627173424,3.584375,1.7881905767652724,1.5983491871092055,2.270009650124444,1.9420474105411105
21161,mae,299.0137634277344,66.84530390722784,35.48497009277344,325.48,665.9391886393229,653.4900919596354,752.0652974446615,801.9552307128906
21167,mae,201.55904134114584,185.04042923872967,195.61134507921008,197.88722222222225,102.87352498372395,133.05692884657117,144.68868679470486,239.71207004123264
21171,mae,26.763279808892143,24.719339858298497,29.78228208753798,28.29222222222222,18.27021238538954,34.74128172132704,19.455258263481987,21.696036868625217
21186,mae,15.44741439819336,0.4366818903963418,4.482688923676808,2.216666666666667,1.1920569075478449,1.607683089044359,1.789259499973721,1.7965594132741292
21196,mae,15.290708753797745,1.8314770959289857,3.942892316314909,1.9138888888888888,1.6176464557647705,2.590179728137122,1.9213549693425496,2.638406561480628
21202,mae,15.928931766086157,1.930074430822421,2.6921636760234837,2.109444444444444,2.647225538889567,6.679234875573052,2.7291227314207287,5.906086073981391
21226,mae,257.2314181857639,208.8720412584077,211.6080390082465,198.7516666666667,67.21749538845486,139.79703097873264,74.26140679253473,142.3430921766493
21231,mae,64.80738957722981,61.30097749211362,56.25448269314237,43.81166666666667,26.790008544921875,35.36018308003744,13.70159191555447,31.894894282023113
21236,mae,36.1430399277631,49.07481630637433,33.60182694827809,30.325294117647054,43.19421254263984,60.63273684183756,44.359998332129585,60.01206143697103
21258,mae,69.03871324327257,57.85156513751823,65.2189203898112,64.69888888888889,62.217140197753906,65.96635097927518,61.26810794406467,63.546155293782554
21261,mae,17.08580101860894,2.776081066614211,9.22203614976671,9.636666666666668,2.603510538736979,2.938785129123264,4.741278754340278,4.259688483344184
21262,mae,41.73005845811632,50.442107007191474,64.39706759982639,21.408888888888896,10.824089898003471,21.322306315104168,20.563290066189236,67.22879028320312
21266,mae,12.78923568725586,5.013759110850534,12.275622749328614,4.758,8.987708886464437,8.765740977393257,7.728795210520427,10.422256151835123
21271,mae,51.8938717312283,54.44016265746398,61.60669962565104,56.14388888888888,41.89070129394531,38.7795901828342,59.665352715386284,73.53921169704861
21306,mae,16.320313589913503,0.7836231861304241,3.942299387284688,0.9857142857142858,0.7247447702619765,0.6915839711825053,0.720298257138994,0.6658662027782865
21308,mae,15.211162090301514,1.5783553274549251,3.4092481080442667,2.10375,2.819423278172811,3.9090249803331165,2.7346942954593234,4.226171970367432
21309,mae,20.79275894165039,3.61339045481163,4.604066704710324,3.430555555555556,3.394773655467563,3.713040510813395,3.266189283794827,3.280572864744398
21331,mae,15.329868740505642,1.1158524232640918,4.665478971269396,1.822222222222222,0.800237410598331,0.8927099340491824,0.8112614386611514,1.0970544285244412
21342,mae,139.3481691148546,119.70518049587376,125.66651916503906,118.97666666666666,66.88747999403212,92.56881120469835,64.6739985148112,66.7110824584961
21351,mae,241.235337999132,422.0911834918553,354.105455186632,182.0627777777778,177.38292100694446,315.9569363064236,267.7737223307292,237.2367960611979
21352,mae,18.12264565860524,7.370915032347049,13.87558705666486,17.48235294117647,5.131969769795735,4.387377791934544,4.969366285536024,5.032259835137261
21356,mae,23.98466110229492,18.065346167658213,23.48358366224501,14.299444444444443,14.503165351019966,15.499054378933376,14.297661675347221,13.852011362711588
21361,mae,148.18055555555554,143.18894658241163,111.16048516167535,126.42555555555556,140.78038109673395,135.8370836046007,139.32139756944446,122.08861965603299
21366,mae,25.934588841029576,35.27640281064004,30.21612003871373,21.852857142857147,14.585061073303223,30.549307823181152,9.174712287055122,24.969856368170845
21376,mae,26.421124776204422,21.16385551927736,36.71179707845052,20.868333333333336,29.57721498277452,64.53379482693143,35.05391989813911,39.337646060519745
21395,mae,20.6769282023112,11.131871932810904,12.714540269639755,9.447222222222226,7.223273383246528,8.03672366672092,6.355073716905382,7.211640252007379
21402,mae,18.215858459472656,2.105855564107744,4.856361751045499,4.402857142857143,1.1386130385928683,0.4287916289435493,1.0257731543646917,0.6894095341364542
21406,mae,14.495064475319602,0.9153297009458904,3.935943481597033,1.0536363636363637,1.0745137135187786,1.1046572393841214,0.9952045480410258,1.007551246219211
21407,mae,15.725536982218424,0.9027083617199304,4.776311126848062,2.4683333333333333,0.6836580236752828,0.6461180647214254,0.8764461146460639,0.8547813163863288
21411,mae,136.69785378196022,136.23788892932637,142.13054552945223,142.62636363636364,114.18503655327692,114.54315821329753,114.53037219577365,115.09550772772894
21416,mae,56.72219933403863,39.90406393194079,58.65741644965278,50.59444444444445,49.84749306572808,44.06481509738498,50.62620502048068,48.88286421034071
21421,mae,19.11474227905273,0.3640522498177632,4.03908867140611,0.7149999999999999,1.5859497586886089,0.9706426163514456,0.8092280692524381,0.8542457189824846
21423,mae,15.442906893216646,1.590940113529294,3.447504722155057,1.0623076923076922,2.417482018470764,3.190782308578491,2.144573344124688,2.7355544103516474
21427,mae,44.56615914238824,40.863715151248215,46.0531111823188,35.440555555555555,23.42156219482422,28.47452121310764,21.252376132541233,21.242967393663193
21433,mae,49.67386076185439,44.7948004629565,35.20320129394531,40.09944444444445,94.88185554080539,80.20487997266981,104.89038870069716,91.94562085469563
21437,mae,31.46282285802505,24.86433232378351,23.24326683493221,28.9735294117647,26.42881096733941,27.37970733642578,32.64712821112739,37.83787197536893
21439,mae,2153.253891439999,2156.470029970255,2160.746006236357,2156.268823529412,2039.6412811279297,2033.0525550842285,2034.6175895267063,2030.4414615631104
21440,mae,13.102384355333117,5.384149879424683,6.745779461330837,5.360555555555555,7.2994381586710615,5.283259921603733,5.431020100911458,5.04272805319892
21447,mae,14.758499145507812,0.8593040480851563,3.62381328235973,1.34,0.9907695717281766,2.0086793899536133,1.358218166563246,1.7251420153511896
21463,mae,14.638912200927734,4.909861867542419,8.667154524061415,3.260555555555555,7.371371375189887,2.496901194254557,8.532617357042101,9.24337641398112
21467,mae,13.922300450942096,1.6490047033298827,2.8682717715992645,1.7370588235294115,4.086860868665907,4.966440200805664,4.554534276326497,6.267419497172038
21487,mae,54.923951043023,86.02464564429148,64.87276713053386,51.64888888888889,35.168455335828995,51.28814019097222,49.0239249335395,55.72196960449219
21492,mae,59.934873792860245,50.352061722124375,51.40771865844727,47.69888888888889,50.055857764350044,51.39791785346137,47.93581877814399,49.78367148505317
21528,mae,29.819330003526478,40.91702406827974,41.578389485677086,25.793333333333333,40.862770080566406,35.730999840630425,39.283699459499786,47.16448508368598
21552,mae,16.929570815142462,1.2340939716729118,6.942216368282542,1.4252941176470586,2.296155081854926,2.6387236383226185,2.353578355577257,2.618561108907064
21557,mae,18.530467563205296,17.813921597088445,13.279644436306423,11.960555555555556,14.415999942355686,11.206812116834852,18.59042231241862,22.287022060818142
21567,mae,21.48184246487088,26.59323819917248,24.060768127441406,23.462777777777777,6.308088090684679,19.355022430419922,6.121051788330078,20.19047631157769
21568,mae,21.94669342041016,23.561526958319615,19.39658265955308,26.83235294117647,22.574952443440754,18.490572187635635,15.094443003336588,21.114371829562717
21569,mae,17.194002787272137,1.1091351238645848,7.686532338460286,1.893333333333333,1.586143473784129,6.161269585291545,2.941793296072218,6.175863080554539
21578,mae,144.45345052083334,200.72044293296045,207.7390543619792,138.94777777777776,105.50010850694444,129.03051079644098,178.16773139105902,249.44961208767361
21579,mae,263.10459391276044,223.47731216397952,249.83512708875867,244.10555555555555,200.2581312391493,180.67245822482639,181.14002143012152,187.72066921657986
21580,mae,16.667152404785156,4.687272020109486,6.8505724800957575,4.372222222222223,8.30450185139974,3.5211841795179577,3.664909256829156,4.4535890155368385
21587,mae,43.598997328016495,41.66896503159687,43.03140597873264,36.656666666666666,32.72863642374674,37.99761539035373,39.10669157240126,43.88126203748915
21590,mae,13.62243182842548,1.490652494155521,4.287138913686459,2.572307692307692,1.4852246046066284,1.432329124874539,1.6168213023079767,1.3907041682137384
21592,mae,33.96918487548828,74.99580030536472,49.8953857421875,57.82937499999999,81.92561848958333,77.03691779242621,95.7788323296441,114.0959235297309
21605,mae,143.5660171508789,145.22730618838162,141.3675527241495,135.6988888888889,123.02451258235507,121.730725924174,123.17232635286119,117.97310490078397
21607,mae,9.593472374810112,8.833969899817443,5.392103407118055,6.48,7.302055570814344,10.332371393839518,6.1701238420274525,6.529857635498047
21608,mae,16.205511728922527,11.075620917073133,18.782501008775498,11.367222222222225,5.577834235297309,6.508643892076281,12.6849365234375,13.739842732747396
21610,mae,384.4153103298611,452.913134202444,394.2208319769965,348.6788888888889,122.95340983072917,285.28216552734375,162.0217488606771,205.35925971137152
21611,mae,311.43199327256946,318.37265688903807,457.19163682725696,338.8027777777777,184.92263454861111,221.88823784722223,210.63848198784723,381.1859944661458
21615,mae,17.523599836561417,7.919626128352077,8.890226046244303,7.847777777777777,7.208596017625597,6.897350311279297,6.599405500623915,9.247924115922716
21626,mae,25.27256308661567,19.51815683822475,17.930241054958767,17.994444444444444,17.628270890977646,17.15569602118598,15.690497504340279,17.523445977105034
21629,mae,31.27611796061198,29.52369547786729,31.547545539008247,32.55833333333334,21.51190185546875,25.8554441663954,19.400357988145615,34.550072564019096
21635,mae,20.662169562445747,7.043917786962661,10.2631270620558,11.437777777777775,10.569825808207193,5.624947494930691,6.564676655663384,7.3489771419101295
21638,mae,45.92987993028429,46.06737809443643,38.21965874565972,41.743333333333325,51.26279958089193,41.66409132215712,65.79208204481337,55.36433834499783
21646,mae,12.913483359596944,2.0435268629446743,3.522598930380561,3.065454545454545,1.4715057479010687,1.3656097518073187,1.6012772123018901,1.4600610733032227
21656,mae,16.24634082500751,2.1984664243180614,3.9400125512709994,1.84,1.3938723736339145,1.6094842089547052,1.2767625715997484,1.5903869271278381
21659,mae,24.444642384847004,22.56184003652868,20.35676161448161,19.336111111111112,15.882916132609049,16.086002349853516,15.026802062988281,12.467007954915365
21674,mae,22.884552001953125,18.53330686831863,16.40330590142144,16.913333333333334,29.35580274793837,33.00056076049805,26.09452353583442,33.74900266859267
21692,mae,15.654194355010986,1.0984051783231985,5.328289866447449,1.218125,2.3021020889282227,1.748626708984375,2.9644766913519964,2.0988540119595
21694,mae,17.047388712565105,5.700323809696054,5.918004671732585,5.391666666666667,3.912029266357422,5.8306564754909935,3.096401320563422,9.41865422990587
19386,mse,1100462.4790209432,1111765.0762941374,1014369.4296540584,828057.4869555554,496046.4196141627,981187.2528508934,908901.359204385,1454684.0492188665
19392,mse,1862.591806647604,2086.517376483559,1860.221927821785,2389.422044444444,1651.8326409825595,1970.5232876922819,1789.1711577993863,2861.206031611202
19393,mse,350735.5826959179,446922.70361208427,344635.8714333508,366514.6835166666,70982.46264540817,234827.56903240085,303389.78427677683,729741.6737775174
19515,mse,5494.204354660806,4721.065625051983,5197.905588602013,4945.6259,7806.280914666377,3962.859896065396,5098.33879850378,4720.437265989888
19519,mse,1798.8720532272744,1316.4863355479915,1239.6820473861949,1919.4712,793.1340198918026,955.4343725632643,770.9167011567172,780.0975728421407
19520,mse,666.824421736075,98.5427035627137,89.73702257588879,256.0235785714286,171.790050638781,196.79542675337123,231.40967438719295,241.378263976239
19521,mse,4728.138979240071,2828.7373218028965,2716.1864832354863,2400.332972222222,3496.316391529829,2442.9434564654593,4451.788548392655,4840.554351291577
19522,mse,8031.586271186295,7109.456389340732,9568.339042645684,8027.616077777778,6072.244326928838,7505.92965592193,8297.410732832233,11083.516027883315
19523,mse,185233.52864088284,271827.2147620788,301112.503772455,102479.75507222222,179737.1005330781,130461.5260404365,132695.5222097064,240589.80607529895
19524,mse,896.645354776543,108.7144895027396,212.9710826855735,189.7220888888889,117.51492036677944,53.41271035885661,180.32930035851555,219.14783282776463
19526,mse,359.0445998711382,14.889691413792256,47.2119998142405,21.86804444444444,8.291180835374083,21.32731714493275,8.027525965901482,23.879253620695735
19527,mse,1087.373317657472,1101.1971581355467,883.7528557365812,1376.38615,739.9685612209367,965.1069627558722,915.5700758764191,2115.5712648780836
19528,mse,749.6945656877846,254.57309302360872,199.71115063022384,231.13465,193.14721127455718,205.59430410917557,120.74858469156294,313.13890423311886
19529,mse,7998.4895751126,10878.422611051465,7485.770496611639,6987.618205555556,6717.671721541737,7554.5549176488485,7331.251723334969,12540.030502481852
19530,mse,549.1631565542549,110.4482854699968,132.30389773082302,136.01060555555557,57.346942332184376,57.412147561176525,64.68467082248834,67.45219297754475
19531,mse,761773.6821591125,730885.7349038695,516985.3905908565,498127.76315555547,152858.74499291182,184047.14122842086,143452.88231745694,228384.2416427268
19532,mse,37571.55263751911,27909.606093780672,14440.754247842771,16223.378994444443,9811.781149986717,13160.07080084996,10904.24820731125,14373.219816784891
19533,mse,2081.778825136626,3708.14340085458,3103.1417580924203,2066.715077777778,1476.3066107966006,678.5502226615014,2364.256740668116,3382.1876453622244
19534,mse,399167.9980370667,179493.25047237187,273430.59605498775,420492.3189555555,154270.70690600408,280459.161517284,188262.75883036852,262294.47177740023
19535,mse,1109.733287705807,260.80550233811,647.6026786818661,444.48983333333337,362.16453210983633,138.6795861684174,84.46511809428274,112.96003768338252
19536,mse,1834.190867125962,1489.174680800591,1505.8124971108628,1368.8509444444448,628.4421097075424,1836.7179276705688,1139.1019109926483,1308.0008661404686
19537,mse,24172.963747742688,51798.11318568002,28506.027872089297,19881.08240555556,4631.866084828765,35757.621040686136,50257.82124189763,36334.97994350125
19538,mse,1352.3808772816976,1117.23992365279,1376.0797567815914,1300.0537166666666,1765.297208775999,1039.9426259259958,994.4116342749686,1035.1033047019025
19539,mse,14868.628899993011,12757.617270030649,7512.281967229986,10645.498255555554,429.73643267130115,5034.693966389892,577.7509890965108,5007.390065078468
19540,mse,346651.5847001142,382122.814841109,414697.0759178135,300291.6373833334,44829.53165138099,65873.64688254727,46884.851520743636,76726.43535702759
19541,mse,1832.070311340185,707.2877431164754,324.4529811287648,765.1653941176471,1021.893754858113,1143.2350676460871,1051.801114830295,1154.020507129003
19542,mse,8336.864254950442,3030.3526876217534,9653.742306827053,5262.436950000001,606.4147084682352,2217.041108281869,1389.8415873851627,2215.2017103195603
19543,mse,34104.50258191013,64641.60533667979,52308.59102878202,31061.890194444444,4363.745961328141,3805.5501353521313,7778.325124066944,11158.459648548522
19544,mse,55010.29419199667,13818.945600065315,41323.47230094796,23232.311683333333,53214.03487641675,149957.85993827754,163801.08810946843,297476.8620776112
19545,mse,1849.6166179302247,2999.488411682399,2772.102442856826,1725.912411111111,887.0058807082371,440.1418152791965,604.1620703213848,1338.1311135822907
19546,mse,79719.03326969966,135414.65585767064,113960.30418252552,105066.86373333336,21942.380760208394,54174.22781384695,7817.617114985,54232.729768793826
19547,mse,5767.225507168151,7337.443268103787,2709.958148588272,5807.233622222222,1167.321295897373,2877.7150270335064,700.8344525496165,3846.7714255603237
19548,mse,7463.472672155334,12014.163843463108,8211.658908478088,10013.28417222222,1341.6326203321416,2170.653871703479,3639.0311195304,5780.827728897333
19549,mse,31396.72455729461,20768.720110442708,23058.45373460154,32919.90138333334,14938.010951885126,17812.274960811974,5772.501116320801,3888.596051767934
19550,mse,22405.656738844184,12623.820604105618,12514.09038410584,13673.333394444448,3920.779500418239,2715.433531814151,2180.130310744047,2650.8233939624497
19551,mse,6977.107918209086,7435.471629352579,4060.166182709237,7829.826911111108,1035.7591354917322,4220.742777143295,1995.6074743931079,5088.747641803697
19552,mse,2455.0519756126323,3357.825111717677,2425.744529165897,1759.7879222222225,1686.3386722559937,4104.38943149077,1612.241433852197,3534.3450805062635
19553,mse,1340.86730490167,590.8593217343795,217.9504017472975,713.4851,469.7973368193408,522.9021339803335,419.54383313094957,450.93808151436923
19554,mse,151262.68322438333,119151.2564533261,105047.13180961872,72748.36599444442,6808.041775144637,21485.02691797084,3451.9419582900073,28925.238773278063
19555,mse,5326.145185552899,4895.418803111188,3535.414440960688,4793.2328,2048.514097348425,5072.989556700366,1431.6273031934138,3673.386776202876
19556,mse,7803.154682019881,9452.131782264629,7564.268339703868,8723.356749999999,6584.374914503213,5383.880050295938,5809.648304368334,6568.307031313527
19557,mse,3287.634961006468,2742.880523884535,2346.774934996883,2816.971877777778,522.0739150746901,1944.502617952928,1340.3655258625804,2229.9434595478037
19558,mse,2151.2794933469395,2145.1851694559286,1081.970058881419,2246.713388888889,1787.6993984990727,2017.8613892623043,1536.4161351033124,1859.6438091355894
19559,mse,174562.740382274,255628.5504960109,261145.33708812797,230335.59352222225,147170.42059182128,93230.26264772813,93903.18638314803,107206.42804163694
19561,mse,299.2300786609703,79.94711323957273,211.12682006038972,124.18610000000002,26.186584184753883,60.90139273916915,101.63462575977691,138.32579454534667
19562,mse,21586.99229589829,19322.09819448487,23275.76933292905,21204.34737777778,10955.273699570964,11102.785655192461,10306.031873231546,10374.227178400124
19563,mse,257.4440152196427,6.142143333833853,61.75210270771499,6.189838888888888,9.947109260680413,8.376170495623633,4.996854603047672,8.957318570309427
19564,mse,3345.342737402819,2184.4832812178443,1926.7682982371189,2308.430722222222,2537.8158137445957,2671.033253046632,2046.5238534370437,2353.6789159865843
19565,mse,416.4617874489769,67.51377933309796,76.05768182290707,73.00317058823529,24.42940742431933,117.52479917765352,54.13652808081679,147.20588180376782
19566,mse,1389.4644894192202,1218.9784073104977,2071.830327987878,2318.9841388888885,1972.8713483445656,949.8027930048605,826.9121474831676,436.22645342774274
19567,mse,15660.097720732589,11799.106966286505,12189.079504865183,11668.76033888889,13015.736759827421,11643.764564006719,12472.79341698359,13110.215710745724
19568,mse,885.833235847877,751.6056064021363,300.8739649835172,876.9097166666667,90.88061730578517,363.4192472365426,74.97280041141009,366.73600054137773
19569,mse,204.38659241684297,60.20342533249517,69.94826993838494,134.49249999999998,80.76791151503332,58.31623421262581,85.97935497199553,47.33364342836265
19570,mse,586.7716494855736,110.51922238401028,118.29962700209904,310.7906666666667,92.97852741859323,25.9205305770253,29.33726964721508,31.497782362033224
19571,mse,7704.019548263401,6570.462856685926,5291.520669074936,3091.149861111111,1222.2933936595089,1353.739521274964,774.7256594046225,1513.4523074204724
19572,mse,11087.01379385481,8482.470550514521,11937.673284508011,12002.941547058825,3944.65327495797,10120.048150593157,8381.33632352374,7854.6234891911345
19573,mse,7413.136380993347,10151.428874159252,6693.573667267234,11280.496277777776,10938.890285754835,7548.673434386392,8395.558924129336,11120.936782446328
19574,mse,27367.683187934672,31771.948727985116,30002.14082329948,27292.15158333333,18715.098171746566,28898.916550011272,23218.412731047512,27535.895642150816
19575,mse,238.4497727465447,5.411390008437479,22.023657554436795,53.3615,3.913093048698405,5.664577247877282,4.838632792052522,4.168281568236125
19576,mse,10887.102280289788,5670.960392514868,12233.395964719495,13191.91938888889,12022.320625760722,8981.320816339447,6510.281211974461,4243.193702406508
19577,mse,52524.79730303235,88142.12402079439,58975.664264865656,78665.58356470587,12415.657361774189,25627.509002017687,10878.595468560234,24633.49857889447
19579,mse,615.8705501636655,30.407244127027933,65.61793556248142,33.80687647058823,37.35404991671986,33.12773694211686,32.511926340315625,43.89337968987765
19580,mse,2425.618399527716,1052.1801408317,1104.8397981325395,977.1729222222224,859.4556316309544,462.0785794662176,840.6964079983364,1016.0541832805999
19614,mse,694.7549114828968,439.8653620608489,239.89589858082925,345.42985555555555,192.11468555827983,255.60324456575148,189.95788035750107,166.67001300895652
19616,mse,320.3013704462404,42.00148151947571,86.62251032347558,4.750405555555554,3.003333873488979,3.116943061566821,3.8622819685365863,7.012504084150553
19620,mse,716.6929211524215,27.780204260014376,48.649214584855,159.78702857142858,37.43269610401785,25.171077878046262,34.537019177236175,32.727596981744455
19623,mse,13374.938343039816,13422.160139191188,17754.442614191314,15898.046327777776,18179.22938887237,17577.824274291386,8900.562148570394,18761.48023849498
19624,mse,849.0280646540276,428.1927601437231,621.187380482766,534.8487222222221,371.6877293221704,264.0127229907084,93.74979933741916,236.19729013654353
19635,mse,,,,,1.3999025392921441e-05,0.0005948205538288676,0.008648609651084667,0.0007181640729877851
19650,mse,5097.387518163188,7667.983823282806,3077.750480254349,3004.2826666666665,2652.9188099980174,12259.58228938971,7763.765413660504,8086.610070479529
19658,mse,1433.567654299626,541.5296344494519,782.1827972558665,1780.1079000000002,2465.735967304796,1466.883016821349,1830.3311936852,1852.1164299317777
19662,mse,1177.9043379179752,10.948904353069349,71.62420750720372,24.196927777777773,12.6599982573882,11.46823039716805,234.3009072328326,439.1582047536665
19677,mse,949.6807901988848,1123.2680324534524,1063.076127435793,959.8467647058824,1120.4555938405845,996.8029934785404,1035.6901975645596,1281.7583865020051
19678,mse,,,,,75.64568214948667,410.8954395747456,74.15566297925801,189.30566634063143
19682,mse,34758.96156223946,24599.819527375235,32250.9036704575,19105.845,7961.107095774677,16890.426716396378,8270.290117974082,15617.100272551179
19687,mse,10505.281016091503,11037.646044094306,6971.263337632227,12208.53282777778,7682.726053171895,14406.326857651895,9014.678840637207,15632.806041420334
19690,mse,4966.184898889002,10626.00543923148,8636.929471781994,47189.44521666667,1201.2668239294242,1238.5323389337088,1638.6315024244702,3543.446841372229
19704,mse,1327837.8076289494,1700692.9601365202,998121.3595686356,904679.3251499998,1938993.137945109,1459952.4008233414,1533438.6150990857,958086.6612275044
19728,mse,330.21329213436627,7.457743826534919,58.80995704229593,5.743455555555556,8.154258816450339,7.661484758804615,6.510278336254386,7.205300630941868
19746,mse,637.4325757499901,103.33888590948231,155.63207508926928,85.71440555555554,83.08971704437539,79.46471747283229,81.08149076348167,90.73748849639378
19747,mse,597.5294819787281,269.50592049255835,216.6352073313966,324.77673888888893,162.65127610905054,328.16089411727285,319.28115006854046,281.58144517207336
19770,mse,1738968.3245129818,1851437.875140941,1659645.3678979608,1741426.5965055558,1580313.0291713823,1681431.5403511738,1679126.3762180582,1625270.222999774
19778,mse,2503.376555802301,1643.639330931335,1753.5588922318543,1506.7351857142855,6330.805184201635,5769.650727688788,8832.354285479103,12971.62024422865
19779,mse,34509.52351306213,21486.81666680192,22713.14357047735,22992.423033333325,2374.769245599914,5916.707983836532,2828.569013752871,5989.715489335358
19789,mse,13128.757393048352,4643.853100115406,12268.47055900313,7355.824861111111,10229.18681311989,4262.088810623675,3263.940529963299,3300.1466802778887
19790,mse,2250132.1085614096,2965480.0050296355,1904892.2220337123,1189752.7827722223,194262.72896729576,851550.2044012281,232952.02581087747,1102355.607664903
19791,mse,3440.098427775833,4053.796282674508,4884.0475454674,2893.71573888889,3078.2278569932614,3286.3404063383737,2766.255375945527,2889.3264643978328
19795,mse,356.50554914171033,6.7079023997132525,24.9071692287966,66.39672222222222,2.1584936714183036,3.0866418011323224,7.896252642217506,13.250224850660338
19804,mse,484.2738127589657,86.97079105485355,81.45934211374866,64.65921176470589,50.75248832462968,55.60504900156762,54.908235112782144,55.60060354236854
19805,mse,4110105.3224746394,3025496.460177838,3049190.129102707,3111981.584894444,346721.68215899996,2482656.0438463953,514045.6185775333,2358688.228316996
19812,mse,1252.3312259386616,1004.1134927636174,1000.402029941738,1035.44005,2029.8843135341788,1723.9921920365045,1654.3758557678439,2035.828540775346
19821,mse,450974.6881537603,479933.8657983976,510820.9464334266,431217.3415166667,229698.6615474812,305168.9341478091,321025.69495343254,352984.3384907345
19829,mse,1063.3402213509398,3009.0210568062885,1824.22047909216,1409.022575,1207.5376285134973,1138.904680494616,1305.9793985555032,2068.0736123503666
19830,mse,1854.6334056304445,1350.5060055130152,1331.9921428537152,2196.164438888889,5935.774380797947,2349.9209993014683,3146.8428176247203,2882.7610963074776
19839,mse,5773.774737501145,2295.138413445362,3764.158057165116,2654.472433333334,1468.2249444549702,1140.612619474928,1765.4987924145244,703.2189594507412
19840,mse,2736.330750803586,99.11358691029164,246.77842975177356,840.2346888888889,19.853693604412708,39.54494979222727,78.01923183576258,95.09433925481466
19852,mse,33547.71200352721,23398.413801083247,18601.861279523,25566.796888888886,40119.08528464908,32024.51051493527,56840.991293141415,71783.70397674934
19855,mse,380.7091954506371,13.93284547658022,238.70504436130432,121.74246666666666,26.005528129016525,4.4387403077139025,20.41143943705111,13.60988225386621
19856,mse,601.6880171960025,233.9317815718105,212.3102729365231,388.1009555555555,472.49849203803143,75.28893325879673,31.93305207717155,103.39855338071054
19858,mse,544.963023025264,287.1690548601202,261.21720049333845,643.0305357142857,95.42150921483477,173.35193807538528,94.73630780647571,170.4822467033601
19865,mse,1431.0722600430715,346.32030340029235,485.4180606478641,710.90836,1481.5898477189953,949.1535821927537,1228.7870510791618,940.5643032033024
19869,mse,687.5912591928577,604.9555135455969,876.7683767886444,579.42938,71.42034010207337,1076.0949723535823,153.9353579603301,648.5215243855184
19873,mse,6777.87330855922,6766.844593246828,4895.076516058271,5856.3758,1670.4905678752887,3093.145206731369,2795.1606310975944,4021.625361142098
19874,mse,666.2609052228842,783.3287003447547,359.88640775959,548.0147428571429,554.1411920105369,518.3710443716562,514.4028926925907,512.3065003246637
19875,mse,16094.353362304832,13445.142494342232,15352.014559876328,12194.452272222225,18136.591183536842,12806.47848085102,14976.299142156831,18643.66888011697
19891,mse,1818.414045333154,388.75228961813593,668.3628663458912,531.17805,151.7846797543724,182.4557974114224,79.95500691133121,365.0748603903564
19892,mse,4147.557211555529,845.4359701429269,941.902218828132,1489.03122,1512.8031402958472,988.2270881078827,364.28254928236777,558.4482075809631
19893,mse,2058.674623174829,1309.248607159393,617.8000107323096,966.1269777777776,870.1273170960064,945.9073018321683,896.7953288330108,969.0005960549331
19894,mse,840.3635721143704,513.2054626028214,382.07478767481774,897.0436555555556,462.584505846466,509.25720529571765,497.4426183794486,456.9806020064417
19895,mse,712.2078635007601,260.84113676340525,254.2230699129475,247.9534875,288.741984588088,276.8672947004139,290.765940084782,311.08682763652723
19896,mse,1665.4970903114402,607.0524207373845,845.7465477880968,707.6775411764706,629.7193982645331,400.87944322743374,440.00804510531475,161.397075592311
19897,mse,637.5393696972395,69.13309583355039,191.97708323285667,208.95471666666668,88.24604701618652,60.90868556109555,73.97825352051657,63.002649014749245
19898,mse,12853.509544994604,9760.680341161691,11745.105639529233,14534.150344444446,12913.34544000221,10873.5097984487,12544.473291607328,9750.03787993293
19900,mse,335.41860225596207,58.16672814504384,48.25899154496943,44.96413888888888,68.93719746340588,59.1977631870228,201.60040602585025,112.56872125816638
19910,mse,418.853896316512,135.53086202267733,198.1654744077394,171.4362,242.9430936766429,186.2354247294152,219.04069357425325,221.0731462395869
19911,mse,969.250614035202,497.122101374611,509.56985481541295,472.4265944444445,1551.4181338682668,981.249005098672,955.7755770801903,919.9558430867166
19912,mse,2360.186435412176,1568.8775581435875,1963.430204664861,3384.961027777778,838.7851977152233,738.6224288060718,2971.0993679516737,646.5715406072171
19917,mse,18176.701826708184,16471.916299818884,9144.734378736051,4486.1261555555575,1410.9944448437955,4526.652399822242,8759.970749375721,8417.828725582196
19930,mse,42228.355014635454,72174.75979840462,66949.63723132221,64789.65008333333,100931.90569324295,52152.617215425606,60778.66311812484,86517.14729951818
19932,mse,1147.1168039869633,1551.12086000797,1306.9455174689142,1354.71454,344.5102173425516,463.75089264445626,389.11200909030754,855.5018635725072
19933,mse,2598.538296307437,1633.7777835393842,3108.3528293791333,1243.740005555556,668.6989943318897,910.8227396221935,503.3830145865472,1195.7629653503084
19949,mse,314.7781408039381,137.68348290385913,65.50837830777567,240.9067222222222,56.37095850956171,44.44362344341304,48.97455865836511,53.44454452748889
19952,mse,37543.95710968376,26942.63923835455,35149.291225833455,32464.644083333336,40874.6686666598,29369.392892975826,56597.73550899932,45803.52476651687
19953,mse,2232.798860436372,1915.0607088695167,2350.0374042671506,1350.1758071428571,12474.115340996263,11612.483585256217,10923.284595684006,11953.603871948602
19954,mse,614.0723929986164,28.93475089693296,119.25647037128098,30.5324,54.38026528737495,33.95917266523348,35.79489332537555,38.737186408554926
19956,mse,5958.359118778107,2837.4397725228714,2530.325382273114,3261.3583055555555,1972.0104692532364,1575.7987496484743,991.9153395062216,2040.5951625487974
19958,mse,19694.050578110597,19924.39395261556,24964.44014933281,17098.8967,648.5676009920426,652.8019359075568,250.36019685393615,379.6045951410197
19961,mse,13584.059916518676,12781.03332637583,11319.927593982942,7088.892429411765,2025.1383464030837,6972.125859146817,2908.8721030170304,3494.835701432523
19972,mse,1075.6837887325762,1064.958397669785,1245.634930790511,1345.4178692307692,1730.0711642476372,1264.7337142351607,887.8307978930991,1280.6749295849922
19976,mse,503.89343870840383,397.2653433852992,440.5549008886716,977.6802,438.9743061757988,228.92587012921416,346.7236615115492,469.54001589415486
19977,mse,1943448.5224694144,2205173.0239138524,3138952.148165279,1961127.536883333,469408.5659954283,1072114.2939771547,1219881.8237269719,1035311.5748966535
19985,mse,618.520021266749,14.073857729499275,15.533277324517355,74.68228823529411,21.234092428639997,21.078471988627612,17.063944372606606,20.139709796447203
19991,mse,44441.16436213255,148205.00483755145,109977.23427327722,48313.42371111112,40318.97773137296,31513.782169324655,33354.53233802981,77130.65672081543
19995,mse,4310.020056557997,7460.704120384375,6134.868889453058,7350.142155555555,8001.65212477137,6971.627371675671,7838.73123281841,7860.6765803758235
19996,mse,1064.0072953790077,642.9477802168738,1159.3932071028814,798.4408611111111,646.4438487948339,651.5610119447325,819.2033146068344,930.2958827191194
20003,mse,472.1392915806597,138.05175169462868,458.31999609823873,258.6881,92.26976401798028,217.56084140065184,125.14325618723888,280.23380409714264
20005,mse,6864.022279760697,3533.32688856509,3970.5121169400713,3637.241250000001,2472.745976617353,2023.5137437592364,2264.5856661608236,2803.9020967885026
20007,mse,4254.452369826536,4735.918889348503,5683.494575423085,5335.186905555555,2573.217015350858,2489.08884897973,2650.839379457343,4368.067929515408
20010,mse,2680.486663377821,870.0937189677342,1193.9291406655782,657.63995,683.2366468210498,378.57716961712384,351.74451605477304,210.23007441509495
20016,mse,22292.84332327317,25298.87577640596,25033.90302365087,23638.39580555556,19732.061627448744,22578.732558584357,19967.041298990578,25694.386754054536
20017,mse,13486.682908975208,22469.429868548865,29254.354911033686,17384.773477777777,15758.92788871771,35389.4652203458,23195.71341155904,42632.50682348241
20019,mse,3018.2259856521723,3556.9239044625883,3332.5568727613427,3337.835788888889,2776.630056657634,2972.156142891113,1720.62958788344,4563.274245395933
20023,mse,381.80430851287497,178.66362816202957,143.32368555197507,201.98504615384613,268.55406016287697,391.1864776123774,254.38662112463115,375.6445215371736
20025,mse,829.3812985959812,2495.669281218381,2241.4505885850635,1999.8627666666669,1061.7401180081233,1166.3554727339822,996.4607767636395,1352.3226428589162
20028,mse,1399.4879466086827,877.4568679764927,1160.7427898510618,837.4132777777777,778.106035556143,650.9681680482819,748.1697754150632,1328.6279079262588
20029,mse,611.0479554813226,1895.063071110376,602.511149908015,434.06639999999993,1397.2534942459056,1002.4245699121254,978.960746031966,810.4961535570393
20030,mse,471.6540109334989,2.121352109552175,21.526197191174397,22.79885,2.79157334692165,3.4481128862143535,2.619077789686238,3.5367506015763825
20034,mse,402.5640660956051,67.65809236669934,179.84739603112058,163.99041875,49.90839974497905,45.46594239183095,49.85106743136066,49.02052040493274
20042,mse,5089.241214628186,2605.1362313076875,2791.4801484016707,2196.8437166666668,457.9116892290185,415.8478523689038,397.6657137472131,1145.3802568218573
20043,mse,359.844039409748,51.11037966272284,57.77897999294712,59.95875,21.321229476485517,28.70996810565723,19.043235920155187,25.174196081311997
20045,mse,964.0248681717882,36.324192330451496,57.85471728529112,36.298116666666665,32.72068087313002,43.246180438453344,33.93959824407688,42.47263455774232
20046,mse,177656.0707831776,178274.3123395973,223028.9439312164,177154.96349999998,117045.77514063547,198569.27857768803,238418.14906433783,174888.46086736643
20057,mse,773.9996117142728,408.94849687138617,479.2453059434613,645.0174888888889,270.91944545559494,395.37793926418897,240.03817187689614,586.3058873232286
20059,mse,436.99177343006727,116.57270234637296,123.89662224426542,170.34553333333332,32.669383371801814,57.62225713295306,38.366275859311116,51.878909175736936
20064,mse,985.811610761367,34.56609459288744,199.0364481462669,78.03685555555555,28.27300173917259,67.60572686246653,29.4387982870018,38.082299295877924
20065,mse,8200.951702484283,6939.903481659581,12275.950975612051,10160.842083333331,7278.65736645647,10364.331108437553,12246.297392791072,15799.708004214373
20075,mse,358.41324847890405,115.09086554913668,111.039140380051,91.89801176470588,187.51996825521604,192.24701476486774,189.2460524668584,204.58035970000006
20080,mse,233.8658899915398,32.42159767332088,22.40574032930211,44.67803888888889,22.087675197342932,12.816374389133975,24.171731447228012,13.451918612768067
20085,mse,1852.6197448708667,627.5174069610679,691.4940709161149,616.0642388888888,833.443293649177,715.9819963403489,1033.787666046109,2006.9718563252156
20088,mse,4534.255474150297,3885.7294859445137,4161.290550643613,3667.933929411765,4858.744481096575,4485.098127504122,6192.789976015664,5931.89987768371
20089,mse,420.05550227014976,13.942683607894262,87.09936424340134,78.00335882352941,20.123112340446976,24.349659523724515,35.76397037699381,72.28700717322721
20090,mse,9767.031263804063,4821.133676897643,12775.706692364562,17876.32740625,39086.105618036025,14450.256238785714,27182.308958703426,23236.008214002217
20095,mse,2336.188245473999,1792.4635765840217,2837.1724852801544,2405.426888888889,1097.5799112949398,1294.8406367521416,1151.5760738220406,1495.9736959672964
20100,mse,2454.9413617270893,1298.526247264251,1571.0786926604471,1396.0790944444443,609.0656930555641,495.2371828402651,447.8816196748133,571.5847811056431
20104,mse,101.49393873946003,89.88546467716512,70.4941069310561,102.20126666666664,45.298582266569916,72.67017068385515,55.947675250207084,94.28653557246191
20105,mse,1460.8802563072595,412.77695124329296,188.49185019647445,576.0424777777778,6688.002617123194,198.15372075162,166.76542598560627,246.39658897824424
20106,mse,789.1589846706038,290.19988189679003,281.64288013772006,454.1515529411765,220.95754696246047,365.3548416457104,232.26576682655207,266.33819116292335
20107,mse,10435.27345343762,57128.435946381134,38045.60725204399,20818.32951111112,10436.809823208385,14663.551573885812,9355.65614266528,12285.60515431232
20108,mse,5524.248384725364,4065.517349327869,4978.222615758383,4763.514833333333,2076.0524032749204,3974.215806682618,3087.49806126056,2572.932210617238
20110,mse,283.97704303748714,5.053160748008372,49.64354275185561,19.99533333333333,8.994052088568667,58.2946287211964,13.19809575082618,64.28699013691887
20111,mse,839.7758353233738,1230.1872798387706,901.3087892544183,750.3559222222223,170.33893047329104,129.66727158374852,134.8854397978899,287.36539551514176
20114,mse,571.9566680861333,1.5464256910654408,16.256914513687583,177.10900000000004,1.4534804986793182,1.4358515477736344,1.6389738562186267,1.6437702524791449
20116,mse,14898.41036963768,19949.583196368825,21700.5904857508,15461.666705555554,23806.52580248513,15911.679525084277,21650.869248482555,17926.613490611315
20119,mse,1448.2350050934604,1354.1912423119436,763.9618553222616,912.1648277777778,182.36747431648433,373.26537918003874,332.7022236412708,292.8997609490018
20120,mse,10613.089543639282,13699.924060230902,11357.25420185031,8697.650888888887,617.8626199369004,8715.839945358353,1317.683294201054,7824.303403922215
20123,mse,778.701930035989,319.19023862809365,697.9095508478006,1034.5641444444443,128.70762353837037,116.53065981170705,196.26960335091604,1690.4028901827633
20127,mse,14501.383424425569,13783.860433230891,12028.6591400321,9041.369247058825,11529.484327671766,12456.149652465401,14720.15322737657,12284.937286427905
20133,mse,2935.3894929895696,6965.683198370443,2789.032088305905,3222.404722222222,1066.9317683978525,1038.463694895152,869.9896410741429,1402.8480704570602
20136,mse,263.17791034361846,30.109143648585725,14.76328688603149,15.036807692307692,14.233813261339334,22.38923980192404,13.298750648484592,29.676330232766546
20138,mse,221.57415950187715,75.02661794726374,56.25973972083092,115.6002277777778,139.80718645078176,151.0231238015541,77.00420718932583,104.84761690532387
20140,mse,1116.874465505266,933.6920150102644,706.614382855827,749.5493166666668,1136.8708588666502,983.8474340094576,1862.8464173530874,2468.9226496882493
20147,mse,23504.36693348927,28256.220186485865,31414.77013874393,28990.97067777778,27944.300910044476,35590.31121380863,20794.03190341778,20643.651081537777
20148,mse,446.1347284230578,73.03377009128134,98.14623011716564,77.72280555555557,50.28997534051046,92.05314857698006,85.20591928914979,55.174884589961344
20149,mse,870.3645349195382,522.5790407615773,641.2354398401617,367.80470555555553,422.4741940241325,368.6972839815531,317.2068817347325,895.793465864683
20151,mse,1128.615326690384,2114.2776271019447,1441.7412631616205,1164.3330999999996,2046.995801540195,1191.3850186252967,1838.1477709882374,1194.4447684680215
20152,mse,27004.24444939998,24025.0697625032,14837.841593079826,32350.267877777773,21633.85776226428,24925.55758954365,29776.417958255042,18565.617463097635
20153,mse,651.1435385771458,398.9984943056706,435.46701181665736,1205.4531555555554,363.198990271776,404.11775759833915,489.1287044386845,1320.8869859733645
20155,mse,7734.31018336191,6054.795457845095,8652.72897465117,6756.728505555556,5911.503333841671,10282.402641941237,4518.742592745681,9526.674222621446
20156,mse,1476.710526321203,1231.2214899107532,1059.6053567115289,1257.8365000000003,1544.035794176944,462.84506510764993,983.736008040206,1155.0847636524477
20162,mse,1171.689050083148,758.697665364386,641.9031183114378,1489.9885588235293,788.8883285767515,1167.953376482325,660.2890643097958,1148.5527966021748
20166,mse,4022.8835358130746,4486.257964908648,6623.537754848755,4245.595916666667,3902.7469500445554,3847.20106770657,4469.8615370582165,3578.0432182208297
20167,mse,7029.201550732315,8681.761409233928,6964.4083106197,5340.288349999999,3070.0549485981983,3001.0230400633686,6168.992475639977,4180.367521330922
20169,mse,297.70636409084545,8.750375197140702,26.131307979800784,424.3365714285714,10.602463772467615,10.123495714832481,20.718371956247704,9.816688187505024
20170,mse,256435.89630240548,126646.13868714024,251013.8481331582,301822.71886666666,612175.7349363172,520750.31297435676,660473.615730693,600921.6379270125
20173,mse,106496.33196934784,152566.75222719932,135707.07123030577,92571.97994444444,65453.03328899444,66163.6400865957,67481.92656533347,66512.88259577606
20177,mse,623.6954791293215,141.95209780141602,233.9854836036951,156.40297222222222,469.4341642068373,262.0198194889759,143.8017857900391,208.21339739532516
20183,mse,462.6270673989299,205.60335392280103,139.72781253360174,206.86387777777776,398.62054597495927,286.15784181446764,292.5300492878329,306.23696611578634
20185,mse,3597.6081789169048,3647.1564644442574,4722.646949145322,2705.864222222223,1613.2372456280411,3942.5603009795564,3041.126755393421,4380.623545127817
20188,mse,2087.946305189916,837.7440497205567,1030.569933460094,809.709888888889,358.3153352042039,405.1073670217172,343.4298036379688,478.002597482681
20190,mse,1245.7679360520972,1514.9893860030904,2087.8974099898546,344.71988823529404,2103.072365594032,1996.8730685767175,1763.0680069203954,2029.6298101714476
20191,mse,13730.923355517289,6464.479093891438,15808.01454567878,15550.01542222222,5223.71762350005,8702.06536648945,15004.768180024499,16529.955355652244
20193,mse,32439.802760554503,33472.17101951228,27581.837218479228,26708.617833333334,33990.98971665824,31475.05093433862,24925.789844400315,22274.426140712032
20194,mse,7224.22143981642,5143.881856078638,7185.883946638089,6957.677433333334,15506.448451728043,15881.449144597294,10330.96452611188,10636.976109220504
20195,mse,3228.0193367698685,2362.8686020648865,3196.74998767619,3815.5605555555553,1173.4171243743945,1249.2114972524514,1108.6619666438912,1591.479117458518
20200,mse,3698.153155736386,4775.634080175598,2265.002107278897,3453.5832444444445,5002.772913417692,4738.953875941839,5305.165856076702,5826.842890813662
20201,mse,720.205303067047,334.8995538876138,283.1852440061596,326.0333294117647,164.45085984606663,87.48631956455974,258.46545175485414,72.7679572397739
20203,mse,8667.323981813337,6219.046097325509,8472.56997847235,8703.192022222222,9461.171806859655,7082.151667167187,5505.597684591568,11794.418868567873
20204,mse,5368.423199613356,7884.765541892651,5825.269278882362,10758.508477777776,6085.676255400525,6644.362238249631,5773.078529971219,9525.119051147618
20206,mse,598400.1080792745,721372.4934112033,804389.5634738936,608156.4796277778,654463.4816432032,577924.1966525515,774814.0934501721,587724.9878753788
20207,mse,19210.422093416564,15012.959141539495,18765.56707848376,28906.133566666667,28880.032295653484,691.791146101679,1721.9249405211626,1146.635134210005
20208,mse,1282.2575823409877,1463.1419900565788,1410.9846856626618,2698.230838888889,2027.6300763229956,2283.581975212486,2168.4943463983686,2243.227354051245
20209,mse,708.0127661033766,228.57218357369408,360.0289296414137,216.7081777777778,2658.2201704152153,2272.115165667781,3039.808785488829,4413.258860260649
20210,mse,869.582116457035,519.1657885147889,620.4148543353056,567.6967285714287,1239.6214188377885,1801.4906503814782,1655.9238303606244,2709.500005091362
20211,mse,275319.7914046943,200043.71491270463,265034.11376260384,309533.6822,190051.69278650172,221227.94597752971,266218.9644209196,377334.78134330775
20213,mse,324.8093555112924,14.25847376663702,24.871487608537592,12.460405882352942,14.914107911312309,16.506487840928386,21.301143536049988,25.642712585537918
20214,mse,239.5780389760397,2.439445581422832,9.610464747566766,5.888146153846153,15.088397564804673,26.197262369710238,22.439492471063737,14.45075538679997
20216,mse,774.5892751448005,453.082389775449,552.2820078794152,420.2091277777778,391.82720429852793,539.1567898580672,366.84227951014003,451.37676665832663
20218,mse,4278.072724700807,2081.494005010013,2399.3492904907725,3085.17355,1490.0787724644533,3411.6219071372925,3034.272450448515,5362.21428021658
20221,mse,540.4913865432383,50.54768258204251,35.68600370563778,21.12481111111111,24.91512864784449,23.69198499516329,20.545089821612336,40.471644048285675
20222,mse,465.132735498366,128.27316425237748,217.4478056306131,148.7461611111111,9.939514571720792,11.033350443022048,9.385813464206876,10.093399821358616
20227,mse,2057.137586192881,667.901885349454,350.1549924248296,601.8322555555555,329.64421404216733,265.0805789858649,415.1842617313814,350.11941257556384
20229,mse,201317.73721809188,540755.9305877928,412515.0852441291,284307.6610777778,241057.96616284052,80324.16066832012,94408.99900163876,288126.82151107985
20230,mse,2025.8911589749591,1216.7608686237209,1546.539874724074,1267.703144444445,1627.6983545930552,1614.8748265026525,1184.590600947468,1691.2423850492196
20231,mse,4173.0342403547065,4567.239655725509,5688.37850738708,4402.2427777777775,3626.1770691343604,2589.741571319047,1891.0500402114476,2965.507195979703
20232,mse,4131.710448337295,3815.51465165712,3250.912611616116,3210.3136833333333,2538.5736509499093,3583.0492398930946,4845.619083228353,5768.066256174811
20233,mse,10863.1535695576,5402.3549816468985,9551.736809056669,5650.851222222223,550.2623024889165,1864.5099980779405,403.05990547479854,1278.8412403017282
20234,mse,1132.473169593907,1112.480700418889,1266.6387736307397,905.7121333333332,650.1419686856342,1352.2963822527065,349.16462134916503,1293.9698841176296
20237,mse,182244.7225793801,161881.1131188757,148475.1033756142,195623.73806875,187463.7502567814,215910.97452940128,303285.24442078755,349589.2343198272
20250,mse,32602.52830423125,15812.009909824006,45945.41594359485,29119.680433333328,50805.47151246833,24587.34797699501,35790.58834242676,61710.18190998501
20253,mse,46204.45989550614,48289.90139226204,42297.10323272926,37926.053488888894,17327.40834471387,26608.71931406835,44019.12426202858,93687.93081368382
20263,mse,600.1563892384584,2.856051231233839,22.671979517758817,7.422727777777778,1.9229625367326548,3.5257193678020133,1.7026891328148963,4.78202081046695
20266,mse,220.1505262837978,2.671558319846288,13.460839126008416,9.671833333333334,11.714753394059345,6.5620127188768596,7.095165869767941,10.19616553628997
20268,mse,434.455031353492,32.06409677685921,45.9034427335466,31.42384444444444,40.44205502325652,28.3646111391473,47.26400628964135,27.882302952321577
20272,mse,29328.90432850965,25583.437289615824,23194.286223507588,19712.553127777777,4363.8322460468235,11700.091168562467,4480.66106049992,15541.983219162561
20277,mse,36648.81015670734,30004.89676615237,32493.04096166831,31938.49216111111,25540.634282725554,28248.594781760334,27366.094587762116,28800.83568705577
20278,mse,1740.4601521147351,1738.9459767537123,1944.020939672544,1308.030111111111,212.40926049897664,659.7984089964585,289.06927258080316,408.5923178268947
20280,mse,4428.352006252545,5361.243640535717,4948.192453636632,5936.227144444445,3822.420537176749,4723.301054502837,5305.79811822059,4553.76985802548
20284,mse,789.1414644007039,599.6153629682574,409.1184284706812,634.0461571428572,813.5722752159296,1281.8841864265908,1230.1392651504964,923.3785993954475
20286,mse,8001.568950822215,8723.964214271651,10141.105334287548,4332.5513388888885,7129.092460628327,5404.451818517888,4828.895343885162,9494.82203792258
20292,mse,11318.248886181564,7046.095511398964,8545.14028996339,5447.422205555556,11796.903338869206,9256.110023909561,2112.529189601528,2854.787949665456
20293,mse,2201971.2016182244,2494409.485029104,2537244.954842865,2008320.1150333332,1227506.9289833969,1211871.1033633451,1480117.9358066453,2091536.4063857496
20296,mse,1618.293235953195,470.3681726332297,1310.5919696059632,1262.163929411765,4165.23008378751,515.1402313364839,1264.4150630942215,1536.8227859167512
20302,mse,,,,,0.9080157000601261,1.1220804994484819,2.3306021976028504,1.6498504002063454
20303,mse,488.7837423618356,70.63382194080876,169.59102018630728,199.4690705882353,70.13579095639241,74.95283011365018,64.9340876067862,83.33195062702241
20304,mse,195615.81393277645,95168.2105788248,99069.04849442924,88827.97341666667,143542.212796698,48148.537546654545,42448.37851276911,42941.286682224934
20305,mse,2530.505381796396,509.5776317507765,717.8521848862815,1499.1932555555554,350.85482582007614,447.1766855282654,402.40508258394243,688.4551343892365
20308,mse,823.2543866786291,668.4392901466697,1454.3653922595004,1351.64404375,1842.5325933714112,1538.2515644442626,1689.8289235110215,1089.9776548672244
20309,mse,224.7028193573416,311.469083736747,52.89897519989447,192.3172722222222,230.7755380498897,187.83372004548357,175.55147642548562,406.6098199384473
20310,mse,7050.095637214849,4574.712468269728,8994.156028604764,7958.031935294118,10825.793832099931,14677.466017256878,18709.3317166575,20783.994426874986
20312,mse,3724.210940221205,3357.3963242575383,4025.35453363932,3092.725994444445,3627.269898359861,4598.263748418155,4132.186495801867,3863.4187194783362
20313,mse,5521.320645117421,4850.344157940657,5491.1439005803295,5278.336877777778,6128.48816879192,5267.449452109687,5037.085548279044,2107.079448774379
20314,mse,307.5533730971549,6.766988192395641,22.952216370831728,19.136806666666665,6.043982109904761,11.219338246558838,10.232032043277425,8.596815356965894
20331,mse,665.1473663539276,18.5591763240858,62.95570364276674,122.40032,2.56080015823391,10.697340737197846,7.284648404040881,18.228744262692096
20334,mse,10515.77149118715,16012.976223970449,7879.041330048284,11507.368055555557,3599.370940017459,7227.613537801912,1558.2963825664256,6741.189956560282
20335,mse,2524.7737456584528,2208.7545631342978,1393.8656987981233,3608.4707363636367,5944.997077201713,4549.3985188294555,7643.49329939743,1822.5236395530326
20344,mse,28170.86937674512,9504.411992472542,21149.99507237688,30796.25966,19043.877852806796,3599.691541113425,8375.54463292864,2946.5532192948094
20348,mse,399.7655985931536,37.49855394606524,109.69107217193394,77.32655,51.83893816618446,14.647358830069102,9.483515170262965,21.783962088476173
20355,mse,341748.14489915967,483697.50957799744,438533.8170963724,423216.9493,112197.75512535042,337072.92187891074,106806.70540630817,325728.43374708627
20356,mse,3138.9756915104226,1148.872615152036,647.3244702940897,1342.02395,548.4620387766304,769.6909795211008,515.4011665372431,362.0539449163059
20357,mse,1384.3387858616964,476.0912295190031,492.0589719798073,1348.1327055555555,465.13637416613506,465.6379595091631,443.79522767932053,530.1308580694871
20359,mse,478.695247309428,2.612887048831705,42.97286144980242,2.50445,0.5010933121334236,0.5182421638916289,0.5554609134967181,0.5117980783961973
20360,mse,937.259862999988,981.583651791526,1022.1552086925626,824.2296555555556,30.5248509155685,481.0346849242633,71.75747112223345,464.3120887597486
20362,mse,557.9226899491946,200.57300347969,201.0538617888524,106.95936666666664,300.52960011937347,84.39588067644702,72.93374680020821,155.57498941670443
20363,mse,117166.81208929006,209886.10150701983,162735.72456704246,163266.88113333334,160402.48646299975,57806.58915049997,105166.18279527377,43076.46155165964
20364,mse,2265.060688381885,2295.6720631366384,2159.0359934854478,2094.1000833333333,1532.2827540120188,1212.7456186264826,1404.533352270154,1582.8545241806714
20366,mse,228021.2233861486,154166.5774529927,84200.94416638877,189562.21787777776,184397.61471755555,287782.0491129897,134776.0913618861,74969.27844503605
20368,mse,193.99495481878208,341.2882725581952,325.0057824940959,317.9006055555556,232.80977077152724,229.748670322443,204.53405583753818,251.76394719768885
20370,mse,2302.3285234111568,3500.607915003482,2253.2138488911505,2811.385205555555,1701.876691725157,1312.5686162417858,4697.343530059688,5773.442124281337
20372,mse,649.2580685829032,623.962906771564,474.9902811959247,781.7515111111111,420.78986558132925,388.2289785644041,477.59843528299257,572.4346053517761
20373,mse,231.2330558113172,4.433989999892344,40.33564539544818,15.07605,1.4483446845886034,2.5945559937655127,1.3855976856528471,3.1710125210926865
20374,mse,674248.242696272,709149.1127621734,575619.313356032,376263.92042222223,442459.78754350543,570097.4307932655,502463.28597741656,565692.7475775249
20375,mse,195.61899501495,235.9823342868356,218.8163436602507,141.3735722222222,95.24970297754528,95.65543994118262,40.91888024275249,88.77801136931521
20377,mse,7019.818997378658,6881.484372610973,6268.653051743995,5973.915477777778,1707.5143916077714,2489.6187813015704,2805.0167250941436,2381.9236014835756
20378,mse,42256.25573719872,82274.49064460189,78707.1130547242,47131.73425555554,58223.99103806582,63682.45164937195,76302.46666298062,39914.99473965996
20380,mse,312.1695726325578,23.61680719643062,52.98635743524852,18.423352941176468,21.50369303259261,16.83209716857204,15.381604888765853,32.586282673341174
20387,mse,708.7028666597939,1035.611037304575,813.3378523835921,719.1695944444444,1111.7639499646577,1222.6484826970968,751.0007890921283,1396.7888592562922
20392,mse,12124.53348067858,5617.1989620474005,11084.401019895036,5113.739544444445,1289.80047957475,2379.5674045309424,1653.1442333312912,2251.3063551228906
20397,mse,31439.63659512809,32313.87273343448,33366.961152353404,31810.68006111111,8901.43289985716,27187.008338551168,20474.133818451224,9881.22062847242
20398,mse,78673.08301540215,25545.278686651214,29971.04622767121,28146.325816666664,211835.67977634072,59510.467832773924,146471.68605018326,290917.6450149119
20399,mse,3636.125657144404,2181.033500541056,2958.0529306500266,6326.590577777778,5229.268752562102,2094.7764724569183,5045.543056458962,6877.2674973846715
20400,mse,7460.644716801188,7758.164738964976,7278.995255134122,7509.882057142857,10462.87251097033,7205.77687147976,6760.107083421327,4784.325374826433
20401,mse,98585.91226363224,104060.74818393176,90270.18530068344,117286.43498333334,171060.6632002592,81657.31531550322,110163.29502908533,147972.64306566946
20402,mse,808.3852516045479,688.1560526292965,653.7390008082235,640.4837352941177,1234.5170962149505,677.7844666788312,594.0688679435366,1122.289100798378
20405,mse,703.859568408118,175.06820371697208,267.93560980492543,569.9891277777778,1565.9733873851633,114.99882839437502,273.331558692513,269.8458261961882
20406,mse,696.3010895938263,2.164177126050864,6.78114251092663,30.52378,5.363227664673811,1.5610687935470002,1.5320291821680678,1.6965386768247985
20408,mse,239.1521656916545,18.611956703375487,44.70952232683667,91.76653333333331,8.270119226227443,7.455230281088932,10.211059630495214,8.108160016374313
20409,mse,743605.9560128318,981298.7293412084,2462928.925794959,868352.1020611111,136722.3356905116,810585.0512993601,556138.596774088,520577.45477549237
20414,mse,492308.65017517406,400582.317788323,43481.72163324969,247213.5261555555,537403.3825295684,297590.94580877904,401933.23753632355,382517.6548246642
20415,mse,422.3244148446668,28.40768550918547,25.25815229790962,170.6877,67.34125477586268,71.24621983551555,430.78018174873836,940.5916630707992
20416,mse,339233.6705894015,537076.5499728376,384249.9916919232,480202.5140166667,289687.5530034736,230622.5356211977,149140.1289594546,148429.85437352292
20417,mse,372903.4649213848,431037.7950827073,244818.7301418953,247880.69127777775,777231.8814398056,252798.3556354735,371920.580176964,478894.9773371828
20418,mse,13877.624182664063,16732.57083445777,13046.466295362296,12370.70133888889,19369.75357210207,20874.63030043803,35342.474556117006,74801.46076168306
20421,mse,27439.931461870518,30531.26630400894,37693.56965724539,22396.655644444443,21909.36842471087,16986.43023012625,26684.719471967106,57519.31698085021
20422,mse,20475.772611510063,27382.9070348656,11531.7594162026,22327.29845,9063.970631942075,28978.39134202018,10217.110461605635,30264.35835363809
20423,mse,14616.728049442276,11166.117467678556,14010.613911393048,13357.22945,5844.398646137134,23531.704767546926,15875.03802816897,9968.214864650405
20427,mse,13534.52623131478,19995.35595385061,12629.6337973343,22330.563883333336,22070.68720211399,15864.800454677807,93371.92566710275,43481.5144834177
20428,mse,502.1595563868792,21.08184057071454,241.976829814798,108.68196111111112,89.44283591398704,27.62631769323746,58.64971527664491,31.91226953838226
20436,mse,10271.41545960897,22738.42827908919,13124.336819768369,19121.96655,8748.335520331902,12234.854511684065,8690.623543206137,6094.634664928903
20437,mse,237775.0752733052,233579.599601692,303589.23600050726,255609.7604944445,370484.6651148316,219181.53483926505,413605.7768998527,535366.8020898758
20440,mse,888.2283349413224,292.90690907429166,289.68318417496954,369.2221666666667,278.49743275715605,379.9049078201125,413.4718443613189,1057.8379361055559
20445,mse,52531.33375290618,58299.53217535358,52460.48597371884,49992.21028333333,43018.38761769256,42994.363208065304,43013.262378549116,42953.626933685635
20446,mse,465.7316222039226,44.02207065185195,212.10728046194708,74.42254999999999,181.61734917244434,43.68440611292317,43.81715095567051,41.74957775045752
20447,mse,6238.506498948023,5645.444254314843,3945.249421037949,4881.685111764706,2901.266949555009,4085.144556403396,4230.745540106892,5362.048508284617
20448,mse,134273.1867166067,77002.03166158644,332260.4839922115,266429.43621666665,131150.158756402,110680.43239325823,156005.57992337146,268815.0324101665
20452,mse,68995.66718234288,40688.436625576935,84155.06059896946,80951.72850555557,71645.07214136008,46231.43498365333,47312.04829544408,54079.57107744035
20453,mse,23774.767874512305,16940.842404471543,27019.823620416017,18504.07252777778,18705.579983264364,16292.117151892382,16780.180165557398,10715.947676231568
20500,mse,22491.89423042261,16910.871616320295,32010.047721877538,17645.026255555553,20900.44488379618,8833.963373659852,12957.222863879728,14014.28351591636
21007,mse,493.6633411686441,9.49382785723116,16.26139712884981,4.709794444444444,10.116985968150601,10.732815005798704,10.340647876887912,16.11816653738304
21008,mse,,,,,0.0019019297212019065,0.028953046604313058,0.025761795237653946,0.11448238239038172
21035,mse,262.5913569415653,0.7896672230417554,23.7933296223981,2.2814,3.2406983136917074,1.9602150044985207,2.908270990591103,2.2748790025427406
21040,mse,398.6472226075784,3.163060745365822,17.565809857435255,2.044075,2.880401575515414,5.779981683942856,2.662325327775475,4.654312073224399
21059,mse,387.1474081493151,28.53163389044748,34.96038108881193,68.66096111111112,6.674030152062187,35.71465219777585,5.730051590638242,47.6196457284742
21061,mse,5587.251057632062,8823.896378166462,3651.434878705179,2993.4076823529413,11845.419950717853,8179.572992293888,14567.932982928636,17543.580568239195
21080,mse,63157.978940233006,69388.21853970017,39068.01328567904,29535.84165555556,8518.341959298343,23645.998997799936,12003.721824683766,13182.526889959829
21084,mse,935.1093103889012,342.6743180840837,493.0903167974191,197.88783333333333,533.3027255383463,162.57646761240903,391.6592640699075,510.3019845881758
21094,mse,330.9132297256567,8.720169037686906,44.73870568295357,12.98495,15.245084136143435,6.996844956790259,11.231630060652646,20.40028411525825
21107,mse,17857.508570776063,16760.6080383196,22347.53319538007,14294.82939444444,8941.327028122214,8574.513804426728,7748.068242639148,5345.640957176168
21121,mse,5096.110297794444,3281.5699296284324,3332.857348705525,5774.712961111111,1461.5982638370963,2457.4869707766857,3212.7618864052765,2786.408962797784
21131,mse,566.6835887455007,5.432030033932584,18.62351882951865,5.249114285714286,6.886136091116975,9.642062032365992,7.680513377835985,6.401996253015044
21134,mse,326.4777623127787,2.414552345845228,22.214654105073205,3.6750166666666666,2.5171232959089767,15.838608547065784,3.333944394855218,13.816984509947563
21136,mse,,,,,6408.047953136632,6343.973558082705,6368.95217297552,6273.766937129938
21142,mse,603.8417425549253,180.85052775154853,97.45286319439036,128.46446111111112,53.519045423078445,84.24802798083854,95.2980056455886,143.79339911487236
21147,mse,220.52909406285036,5.443829927455634,22.42398040651157,9.5385,7.758394638341817,9.145772225065507,7.863447125756374,9.946442008667393
21158,mse,,,,,1.6188543141821679,0.44471952068904286,0.7863660295998282,0.6945509595548742
21160,mse,322.9625069237481,4.823842177566382,25.94466431342385,15.05980625,4.644781722537447,5.183225433992034,8.998269882048817,5.906424760689763
21161,mse,100837.3609205503,6275.610313125861,2149.1082223625854,120291.17625000003,510448.6256348528,505567.9945577209,706673.7571438731,794915.1033369917
21167,mse,93005.66298247792,75605.43271800231,82513.15452761721,87115.36852777778,24170.315723426018,34249.45921153968,41896.24181962303,85488.77384146137
21171,mse,1585.9709909705916,1184.795359891272,1747.6115629084104,1567.1706,703.3766268277315,2112.0246803009486,666.5753458480953,794.0028861535474
21186,mse,314.4350174453866,1.0445408221031776,23.137509325036728,5.665649999999999,2.142233481018318,2.922963005952653,4.275348644588926,3.6009469143010744
21196,mse,296.4678335344975,4.783907162061139,20.417799624142148,4.94925,5.433463846639989,9.578695963493727,5.538206062699093,9.579836345670437
21202,mse,326.3532959355022,6.253772554728572,9.346912960316931,7.296994444444445,10.150543829769605,51.101343800837185,11.851144221551708,41.854859034220276
21226,mse,127617.50710206562,71795.70900235976,75348.47877168076,68180.25081666668,6872.4215254990595,27479.994274330635,7278.083858201901,28856.643665470183
21231,mse,5416.620069596156,5184.712247685588,3923.220832703918,3116.560627777778,951.9938996876832,2221.9644985348123,282.0493611322454,1246.5821767844714
21236,mse,1747.583470327845,3473.6488033797164,1953.3849637101084,1547.606688235294,2763.1001359439742,4638.884024525402,2914.397903666312,4626.021491701176
21258,mse,7864.3041350826,5679.930368651509,7430.918988905653,7180.342911111111,6771.102921101304,7339.927762056986,6521.832929496433,6848.590955132062
21261,mse,388.94567013687146,17.038805620724307,115.42363682087388,123.22922222222223,27.875698041756145,32.469060066589414,57.445195781388776,38.81358901713166
21262,mse,3113.576232867729,3648.560024827246,5461.324924361375,712.1396777777783,179.28578871033258,592.8832059531576,551.320163273356,6146.550798991281
21266,mse,237.64020169859867,38.15440086721668,188.5474634291033,35.57704,113.39747369474475,106.47299246560675,85.95442252326357,145.5021845205752
21271,mse,8507.74054891787,8532.720624609103,9738.471801543608,7941.137683333331,2765.6959144314233,2356.866391614959,5142.426254262992,7266.247689059108
21306,mse,296.35838650721627,0.8383286161905954,21.30422498309145,1.0467142857142857,1.0856011911591124,1.039301842097614,0.9185812030813081,0.911632269393929
21308,mse,282.1941596216966,3.944248902409131,15.423254980547943,6.07825,11.653136945390024,19.36487128314002,11.110800915181155,23.33024600002141
21309,mse,532.0890462236808,18.92383391605939,37.51430843146425,16.554927777777777,19.678714057623377,21.595571681464484,13.09648811540343,14.368936397313986
21331,mse,259.1861209317124,1.5394542884227276,29.380138579452176,4.80371111111111,1.458808386419598,2.046480337591516,1.6371094909512294,2.4417834062328985
21342,mse,23901.217267487445,17582.976593661602,19421.491043437247,17889.619911111113,7673.762460538962,13562.059278090679,7173.935468588632,7576.135056641225
21351,mse,83731.7715726528,223031.83042749917,152750.1294907994,49737.97232777778,47627.30227378342,141871.85325513614,101049.84985372756,82047.69109696399
21352,mse,473.5143883931999,66.20263041841751,253.6950104347772,336.99444705882354,33.94446389786602,28.119821763150007,32.39997323370395,32.92605178711387
21356,mse,1051.2026138743158,535.9709042266863,816.5051971422864,404.5389722222222,350.61804452226755,386.5912380878613,293.3507814426169,297.92116341374157
21361,mse,35028.88634503571,36612.81458724057,21192.834817247254,28507.117466666663,27109.007978200254,30075.727367888412,27221.318670295077,24173.878928246286
21366,mse,1174.272880170561,2196.1855605773458,1570.596132706518,877.3977857142858,332.7276059332566,1824.5874471218656,124.48753057082043,953.5312057368831
21376,mse,1337.7430792194273,711.0771892619223,1764.9162533753292,697.9398944444445,1140.0425792418891,4468.370285756873,1549.6355803644885,1768.4004577283017
21395,mse,547.8153713812612,179.6539634202026,241.11889622976176,184.91858333333343,112.13334708127917,108.09573770214855,88.44422903297365,130.43645397559482
21402,mse,440.5755431310224,4.635432913691362,26.19219188063615,20.625085714285717,1.7477642211536812,0.7307868367543919,1.5374643935359888,0.9407301450686703
21406,mse,259.85133033181245,1.9337674986915492,18.41995771640988,1.3397727272727271,2.187663104796646,2.54181972791097,1.9761759829896945,1.9186485950765393
21407,mse,286.5609081055106,0.8895409203804404,29.235738599592505,8.084883333333332,1.1698782684713624,1.2286383081216696,1.1840366039940402,1.0315960421928
21411,mse,160296.7725996152,164835.686022753,166498.67664433375,167290.73540909088,104271.60846349054,104801.6775966454,103418.69849063458,104351.38706912322
21416,mse,4842.453887884156,2433.145190599651,4569.704949975014,3823.6552,4734.2228027413075,3572.3554590948884,4407.076226672478,4219.852342940983
21421,mse,531.0557228778392,0.6602856406845757,22.087865693980813,0.9066166666666664,2.9738437055605,2.138853165769377,1.2083813356756545,1.759654940287855
21423,mse,277.35956842652433,4.224516137122145,13.825478516940944,2.514807692307692,8.222366733597466,15.333780228637611,7.497442067503496,12.36123453655302
21427,mse,2591.885031057687,2191.913602677085,2746.058616196009,1632.6065277777775,741.5110284135961,1126.6218962702228,736.3569205584031,681.9375364530521
21433,mse,3389.4356812074966,3432.423763824983,2114.8989072450204,2769.678338888889,10388.576335322246,7582.737377645566,13100.410179919365,9874.589431040025
21437,mse,1472.4806143945077,856.6918269024993,787.7336770801511,1141.739382352941,1410.0832201169428,1535.2702969703694,1919.9770644286473,2435.8103257034995
21439,mse,7243220.922922222,7282888.369170767,7300041.4535686225,7283886.686747058,6903733.871185823,6864838.480734145,6873192.996833314,6850680.719636483
21440,mse,251.221057478982,43.89948725994262,80.51585848020194,50.91489444444444,86.46430797302219,48.74639391476629,52.60084105197065,40.468461745052636
21447,mse,272.07394168892114,3.62607573892333,19.71490743630354,3.0626545454545453,2.5205282968447924,4.962822462739205,3.8437524567598,3.810530366987624
21463,mse,283.03340950831705,44.243163940950126,121.72317391009064,28.617072222222216,64.24701008676655,21.367235840537532,95.1755237064984,112.39936862090124
21467,mse,275.3965032356175,4.1014465657398125,12.878720966961684,3.8996647058823526,36.11525201895266,41.167346661745896,38.58608584186974,51.020750998155364
21487,mse,4501.762054962559,9192.288317676996,5799.175379516453,3879.9773111111112,3083.4759598912465,4521.7634259887145,4224.549644338782,4971.324794910615
21492,mse,5052.443145754365,4009.5466299247055,4193.268524709575,3921.316733333334,4010.7904567700557,4035.6931741495628,3866.99520496249,3895.7588856769175
21528,mse,1330.4483649880922,1958.661917552836,2025.6189690988977,834.6768111111111,2012.6365863904357,1570.1103926247936,1874.0847582480928,2620.375852415471
21552,mse,363.804071787916,3.367439908063853,59.31743271023499,3.910711764705882,19.040525817073405,16.880791525519523,18.707053443987306,21.737560071961223
21557,mse,851.4707782649137,878.6245695083267,585.6558381128125,494.7192500000001,468.94809884408863,339.7341868636334,656.2341981878368,806.4732742071178
21567,mse,804.3859184513793,1086.4389214790033,722.0214998529862,851.9813944444445,54.04644864471467,609.1794604369303,58.70882042959662,631.2366887117387
21568,mse,664.450903251798,770.2547130608766,520.2552691883757,906.4614411764704,822.8267438513544,786.9946596564163,652.04975351634,1118.6652227437298
21569,mse,413.6267995384405,2.0343130331597488,59.0915960542067,4.0714,2.9459942953352987,38.0312881155827,9.668923110929803,38.446378010471626
21578,mse,30706.288542376624,53379.92623099502,61393.43090917501,25893.052599999985,20580.537717812593,23850.68168490049,55872.884944840436,97380.26901241475
21579,mse,108782.7780885117,72144.0137299953,90083.87086276234,84595.13605555556,57263.81119223891,52830.621242007444,59887.23323400194,79540.42925186828
21580,mse,324.97738990754846,37.36257373628034,84.63111917615909,33.31365555555556,83.57778209715495,22.743583069639904,22.074035804833734,28.885200608436612
21587,mse,2836.433627955641,2598.9631787673998,2786.4686015745588,1982.3396,1642.4692628917046,2170.63117350896,2327.3253342427874,2918.181536427492
21590,mse,275.3040177425853,3.391160187726382,21.42138705101864,7.242907692307692,4.015361865224453,4.073860610367338,6.382205313399788,4.6216700017104415
21592,mse,1734.7955644265749,6625.059504933861,3212.5811641666805,4602.68498125,23252.154414173317,20728.776498348296,32972.50963635898,34966.653305588494
21605,mse,23956.56002686444,24287.51612719292,23026.63817276443,21500.627266666663,20996.306890973512,20534.101911352773,21041.967913542245,18984.456006375593
21607,mse,155.54301568976047,108.3092168463722,51.02110167325817,77.22402222222223,78.05773169181823,133.11387512913805,64.60663673763257,79.14695878062695
21608,mse,433.5390330898065,222.28166303061676,476.27310167369353,266.3847944444444,50.47221113796533,87.79809739158938,210.2466617962879,253.03289553580464
21610,mse,197266.16757935288,305848.3855976162,225937.91250415397,151645.32155555557,28487.163319976793,136178.09307093007,53176.859429342054,67184.75719725672
21611,mse,148728.4685286217,130274.10759450497,258613.1213254101,157496.08669444444,48748.956512577,80749.72477578455,72474.78793827031,201578.84324720502
21615,mse,377.16188809539824,93.4487708444,110.82945816142283,99.7136,82.94244678092764,112.84271459129337,98.87894344620791,159.0678421146303
21626,mse,992.3305434756686,752.8873182160866,583.6394877830106,706.8240777777778,635.7031711905373,629.2706099711714,483.76040045720424,651.5188363910485
21629,mse,1317.311077566591,1248.5298003581445,1287.404990603824,1474.3255722222225,832.5644088171086,1136.244807800207,763.4448605045748,1805.7163155822975
21635,mse,517.973186008962,86.85626135620763,143.22341974099197,156.93391111111112,158.0147882948519,74.12431754796646,85.62585864011206,101.20978780363278
21638,mse,3358.413242688157,2840.644379196582,2139.125105623932,2305.762911111111,3047.6844619274166,2357.7589743466942,5193.78390457952,4227.692014900566
21646,mse,222.7542429996961,4.741966367706928,17.62630694587035,11.978818181818182,3.66497264834172,3.6398263504995296,3.8641541018681482,3.881589761914098
21656,mse,314.6165593364768,8.162103351866158,22.08790381257704,5.535292307692307,2.6428828691461437,2.9916078759436733,2.6518976979647744,2.9815253414111162
21659,mse,956.8941907207126,772.9133594101884,612.9947587114368,637.2489499999999,537.4415026519588,541.9912411201416,444.77387892698204,355.5036700925363
21674,mse,781.8632087395204,469.9448475908141,445.21961253520567,455.3243777777777,1097.5746006339841,1380.6396631863997,1045.6946695849538,1472.051843461422
21692,mse,321.7001602285054,1.671471497411991,38.83267610007158,2.3460187500000003,13.467867680219165,14.130676036238178,17.248263662749903,12.95312400829875
21694,mse,404.7127830429688,43.39842164395433,50.27686673160648,37.65116111111112,26.67145288195944,42.4707332281319,14.733906347409073,101.06789054049113
19386,rmse,1049.0293032231957,1054.402710682279,1007.1590885525776,909.9766408845644,704.3056294068383,990.5489653979218,953.3631832645862,1206.1028352586136
19392,rmse,43.15775488423377,45.67841258716812,43.13029014302808,48.881714827166654,40.64274401393882,44.390576564089386,42.29859522252939,53.49024239626515
19393,rmse,592.229332856722,668.5227771827107,587.0569575717085,605.4045618565049,266.42534159761937,484.5901041420479,550.8083008422956,854.2491871681924
19515,rmse,74.1229003389695,68.71001109774312,72.09650191654248,70.32514415200299,88.35316018494402,62.951250154904756,71.40265260131292,68.70543840184624
19519,rmse,42.41311180787463,36.283416811926514,35.209118810134896,43.811770108042886,28.162635173076445,30.91010146478436,27.76538674603178,27.930226867000933
19520,rmse,25.82294370779743,9.92686776192338,9.47296271373897,16.000736813391708,13.106870360188239,14.028379334526537,15.212155481298268,15.536352981837114
19521,rmse,68.76146434770038,53.18587520952247,52.11704599490925,48.993193121312494,59.129657461631126,49.426141428048574,66.72172471086651,69.57409252941484
19522,rmse,89.61911777732637,84.31759240716454,97.81788713034894,89.59696466832891,77.92460668446674,86.63676849884193,91.0901242332682,105.2782789937379
19523,rmse,430.3876492661968,521.3705158158435,548.7371900759551,320.1245930449928,423.95412550543494,361.19458196439837,364.27396586869395,490.4995474771602
19524,rmse,29.944037048743827,10.42662407027028,14.593528794831409,13.773964167547732,10.840429897692223,7.30839998623889,13.42867455702593,14.803642552688329
19526,rmse,18.94847223052925,3.858716290917519,6.871098879672777,4.676328094182917,2.8794410630145015,4.618150836095845,2.83328889559492,4.886640320373061
19527,rmse,32.975344087021625,33.18429083369941,29.727981023550544,37.09967857003616,27.20236315508152,31.066170712784544,30.258388520812193,45.99533959955164
19528,rmse,27.380550865309203,15.955346847486856,14.131919566365491,15.203113168032395,13.897741229227043,14.338560043085762,10.988566088965518,17.695731243243916
19529,rmse,89.43427516960486,104.29967694605511,86.52034729826065,83.59197452839331,81.96140385292175,86.91694263864122,85.62272901125594,111.98227762678276
19530,rmse,23.434230445104333,10.50943792359976,11.502343140891904,11.662358490269265,7.5727763952320934,7.577080411423421,8.042678087707374,8.2129284045062
19531,rmse,872.7964723571656,854.9185545441562,719.0169612678525,705.7816681917684,390.9715398758736,429.0071575491729,378.75174232926895,477.8956388613803
19532,rmse,193.8338273819075,167.06168349978003,120.16968938897516,127.3710288662396,99.05443528679933,114.7173517862488,104.42340833027454,119.88836397576243
19533,rmse,45.62651449690877,60.89452685467373,55.70585030400685,45.461138104734886,38.422735597515704,26.048996576864557,48.623623277868916,58.15657869374904
19534,rmse,631.7974343387814,423.6664377459842,522.9059151080505,648.4537909177149,392.77309850090813,529.5839513403744,433.8925660003505,512.1469240143889
19535,rmse,33.312659571187154,16.1494737480238,25.448038798340946,21.08292753232656,19.030620907102225,11.776229709394148,9.190490634034875,10.628265977260003
19536,rmse,42.82745459545736,38.58982613073802,38.80479992360304,36.99798568090491,25.068747669310135,42.856947250948345,33.750583861507465,36.16629461446761
19537,rmse,155.47656977095517,227.59198840398585,168.83728223378063,141.00029221797934,68.05781428189393,189.09685624220762,224.1825623055853,190.6173652726877
19538,rmse,36.774731505229205,33.42513909698492,37.095549015772654,36.056257663083485,42.01544012355457,32.248141433670185,31.534292988347918,32.17302137975081
19539,rmse,121.93698741560335,112.94962270866888,86.67342134258914,103.17702387428876,20.73008520656153,70.95557741566121,24.036451258380694,70.76291447558154
19540,rmse,588.7712498926168,618.1608325032483,643.9697787301928,547.9887201241768,211.72985536145106,256.6586193420109,216.52910086347202,276.99537064187115
19541,rmse,42.80269046847622,26.594881897020628,18.012578414229452,27.661623128761757,31.967072979209608,33.811759310128885,32.43148338929774,33.97087733822903
19542,rmse,91.30643052354222,55.04863928946613,98.25345951582086,72.54265607213456,24.625488999575932,47.08546599835101,37.280579225451454,47.06592940035882
19543,rmse,184.6740441478177,254.2471343726017,228.71071472229283,176.24383732330742,66.05865546109867,61.68914114617038,88.1948134760029,105.63361041140514
19544,rmse,234.54273425539463,117.55401141630736,203.2817559471286,152.4214935084069,230.68167434024045,387.2439282135713,404.723471162062,545.4143948206823
19545,rmse,43.00716937825861,54.767585410372064,52.65075918594931,41.544102001500896,29.782643950936208,20.9795570801482,24.579708507656978,36.58047448547231
19546,rmse,282.34559190768266,367.9873039354356,337.58007077214364,324.1401914809907,148.12960797966218,232.75357744586213,88.41728968355115,232.87921712508788
19547,rmse,75.94225113313504,85.65887734557222,52.05725836603644,76.20520731696898,34.166084000033905,53.64433825701932,26.47327808469545,62.02234617910164
19548,rmse,86.39139234990564,109.6091412404235,90.61820406782562,100.06639881709654,36.62830354155297,46.59027657895453,60.32438246290135,76.03175474035393
19549,rmse,177.19120902938332,144.11356671196057,151.85010284685862,181.43842311741287,122.22115590962608,133.46263507368636,75.97697754136315,62.358608481651785
19550,rmse,149.6851921161348,112.35577690579876,111.86639524050928,116.93302952735144,62.61612811742865,52.10982183633092,46.69186557360979,51.486147592944356
19551,rmse,83.52908426535686,86.22918084588638,63.71943332068512,88.48630917329024,32.183212013280034,64.96724387830605,44.67222262651712,71.33545851681123
19552,rmse,49.54848106261818,57.94674375422382,49.25184797716626,41.94982624781922,41.06505414894754,64.06550890682732,40.15272635640321,59.45035811924318
19553,rmse,36.61785500137426,24.30759802478187,14.763143355915007,26.71114187001372,21.674808806984682,22.867053460827293,20.4827691763333,21.23530271774738
19554,rmse,388.9250354816251,345.1829318684893,324.1097527221585,269.71905011408523,82.51085852870904,146.57771630766678,58.753229343500834,170.0742154862931
19555,rmse,72.98044385691895,69.96726951304579,59.45935116498235,69.23317701795867,45.260513666422575,71.2249223004165,37.83685112682362,60.60847115876522
19556,rmse,88.33546672780918,97.22207456264564,86.97280229878687,93.39891193156372,81.14416130876708,73.37492794065244,76.22104895872486,81.0450925800787
19557,rmse,57.33790160972468,52.37251687559549,48.44352314806266,53.07515311120429,22.848936847798633,44.09651480506059,36.61100279782815,47.22227715335003
19558,rmse,46.38188755696494,46.31614372393204,32.89331328524718,47.39950831906265,42.281194383544474,44.920612075775466,39.1971444763941,43.12358761902341
19559,rmse,417.8070611924528,505.5972216063009,511.02381264294127,479.93290522970216,383.6279715972511,305.33631072594056,306.43626806099184,327.4239271061859
19561,rmse,17.29826808270037,8.941314961434516,14.530203717098727,11.143881729451367,5.117282890827307,7.8039344397021395,10.081399990069679,11.761198686585763
19562,rmse,146.92512479456428,139.0039502837415,152.56398438992426,145.6171259769186,104.66744336024915,105.36975683369712,101.51862820798726,101.85395023463805
19563,rmse,16.04506201981291,2.478334790506289,7.858250613699909,2.4879386827027887,3.1539038128453463,2.894161449474378,2.235364534711883,2.992877974510392
19564,rmse,57.83893790002388,46.73845612788087,43.89496893992658,48.04613118891282,50.376738816090466,51.68203994664522,45.23852178660399,48.51472885615856
19565,rmse,20.407395410707775,8.216676903292349,8.72110553903042,8.54418928794507,4.942611397259482,10.840885534754692,7.3577529233331,12.132843104720667
19566,rmse,37.27552131653185,34.91387127361412,45.517362928753656,48.1558318263623,44.41701642776747,30.818870728903427,28.756080182861634,20.8860348900346
19567,rmse,125.14031213295172,108.62369431337945,110.4041643456676,108.022036357814,114.08653189499373,107.90627675907791,111.68166105938606,114.49985026516727
19568,rmse,29.762950724816868,27.41542643115617,17.34571892380126,29.6126614249153,9.533132607164612,19.06355809487155,8.658683526461173,19.150352491308816
19569,rmse,14.29638389302844,7.759086630041913,8.363508231500997,11.597090152275268,8.98709694590157,7.636506676002177,9.272505323373805,6.879945016376413
19570,rmse,24.223369903578103,10.512812296622169,10.876563198092448,17.629255987325916,9.642537395239556,5.091220931861561,5.416388985958734,5.612288513791253
19571,rmse,87.7725443875441,81.05839164877334,72.74283929758954,55.59811022967517,34.961312813730395,36.7931993889491,27.83389407547249,38.90311436659631
19572,rmse,105.29488968537272,92.10032872099056,109.2596599139317,109.55793694232666,62.80647478531151,100.59845004070965,91.54963857669641,88.62631375156667
19573,rmse,86.09957247857476,100.75429953187732,81.81426322633013,106.20968071592053,104.58914994278726,86.88310212225615,91.62728264075791,105.45585229111909
19574,rmse,165.43180827136803,178.24687578744576,173.21126067118004,165.2033643220783,136.8031365566834,169.99681335251927,152.3758928802306,165.9394336562314
19575,rmse,15.441818958482344,2.3262394563839464,4.692936985986153,7.304895618692987,1.9781539496961313,2.3800372366577127,2.199689248974164,2.0416369824814904
19576,rmse,104.34127793107476,75.30577927699088,110.6046832856525,114.85608120116622,109.64634342175174,94.76983072866305,80.68631365959448,65.13980121558944
19577,rmse,229.18289051112072,296.88739282898894,242.84905654514216,280.4738554031478,111.42556870742993,160.0859425496745,104.3005056006932,156.95062465276928
19579,rmse,24.816739313690377,5.5142763919691165,8.100489834724899,5.814368105872575,6.11179596491243,5.755669982036571,5.701923038792756,6.6252078978608395
19580,rmse,49.250567504625934,32.43732635146892,33.239130526121464,31.25976522980015,29.31647372435768,21.496013106299912,28.99476518267283,31.875604830035773
19614,rmse,26.35820387437082,20.972967411905472,15.488573161554594,18.58574334148504,13.86054420137535,15.98759658503277,13.782520827392247,12.910074089987111
19616,rmse,17.896965397693553,6.480854999108969,9.307121484297689,2.179542510609865,1.7330129467170692,1.7654866359071713,1.9652689303341124,2.6481133065166516
19620,rmse,26.771121029057067,5.2706929582375,6.974898894238898,12.640689402537689,6.118226548928852,5.017078619878929,5.876820498980394,5.720803875483274
19623,rmse,115.6500684956123,115.85404671046751,133.24579773558082,126.08745507693372,134.8303726497571,132.5813873599586,94.34279065498536,136.97255286551018
19624,rmse,29.138086152903515,20.69281904776928,24.92363096506538,23.126796626904948,19.279204582196083,16.248468327528858,9.68244800334188,15.368711401303088
19635,rmse,,,,,0.0037415271471581547,0.024388943270032583,0.09299790132623782,0.02679858341382591
19650,rmse,71.39599091099716,87.56702474837664,55.47747723404832,54.81133702681104,51.50649289165413,110.72299801481944,88.11223191850553,89.92558073473603
19658,rmse,37.862483467142326,23.27078929579854,27.967531125500987,42.19132493771676,49.65617753416785,38.29990883567935,42.782370127018446,43.036222300891815
19662,rmse,34.32061097821505,3.308912865741458,8.463108619603302,4.919037281600717,3.5580891300511572,3.386477579605105,15.306890841475045,20.956101850145377
19677,rmse,30.81689131302644,33.51519106992309,32.60484821979383,30.981393847047656,33.47320710419879,31.572187024001686,32.182140972355455,35.80165340458461
19678,rmse,,,,,8.697452624158792,20.270555975965376,8.611368240834787,13.758839571004215
19682,rmse,186.4375540556126,156.84329608681156,179.58536596966218,138.2238944611242,89.2250362609883,129.96317446260068,90.94113545571157,124.96839709523036
19687,rmse,102.49527314023562,105.06020199911242,83.49409163307442,110.49222971674423,87.65116116271304,120.02635901189328,94.94566256884623,125.03122026686108
19690,rmse,70.47116359823359,103.08251762171643,92.9350820292423,217.2313173017801,34.659296356524955,35.192788166522256,40.48001361690075,59.52685815136079
19704,rmse,1152.3184488798872,1304.1061920474576,999.0602382082052,951.146321629853,1392.4773383955335,1208.2849005194682,1238.3208853520503,978.819013519611
19728,rmse,18.17177184906211,2.730887003618956,7.668765027192835,2.3965507621487085,2.8555662864746,2.7679387202040107,2.5515247081410726,2.6842691055372723
19746,rmse,25.2474271114898,10.165573565199471,12.475258517933376,9.25820746989154,9.1153561117696,8.91429848461629,9.00452612653668,9.525622735359288
19747,rmse,24.444416171770765,16.416635480285183,14.718532784601752,18.02156316441193,12.753480940866714,18.115211677407274,17.86844005694231,16.780388707418947
19770,rmse,1318.699482260072,1360.6755216218671,1288.2722413752308,1319.631235044683,1257.1050191497059,1296.7002507716168,1295.811088167584,1274.8608641729395
19778,rmse,50.03375416458674,40.54182199817042,41.87551662047711,38.81668694922695,79.5663571128001,75.95821698597715,93.98060590078734,113.89302105146149
19779,rmse,185.76739087649943,146.5838212996302,150.7088038917347,151.63252630400024,48.731604176344476,76.92014030042152,53.18429292331403,77.39325222094855
19789,rmse,114.58078980810156,68.1458223232753,110.76312815645434,85.76610554940169,101.13944242045183,65.28467515905763,57.130906959047124,57.446903139141355
19790,rmse,1500.0440355407602,1722.056911089072,1380.1783297942743,1090.7578937473806,440.75245769853143,922.7947791363083,482.6510393761496,1049.93123949376
19791,rmse,58.65235227828321,63.66942973417076,69.88596100410582,53.79326852765957,55.481779504565836,57.326611676762944,52.595202974658505,53.7524554266857
19795,rmse,18.881354536730417,2.5899618529455704,4.990708289290869,8.148418387774539,1.4691812929037396,1.7568841171609249,2.8100271604056615,3.6400858301227372
19804,rmse,22.006222137363007,9.325813157835276,9.02548292966912,8.041095184407773,7.124078068398021,7.456879307161114,7.410009116916264,7.456581223480942
19805,rmse,2027.3394689776644,1739.3954295035496,1746.1930388999683,1764.080946242106,588.8307754856228,1575.6446438986156,716.9697473237858,1535.8021449122266
19812,rmse,35.38829221562778,31.687749884831163,31.629132614438515,32.1782543031781,45.054237464795456,41.52098495985499,40.67401941986855,45.120156701582346
19821,rmse,671.5464899422528,692.7725931345708,714.71738920599,656.6714106131518,479.26888230666634,552.4209754777684,566.5912944560943,594.1248509284345
19829,rmse,32.608897886174255,54.85454454105228,42.71089414999597,37.53694946316229,34.74964213504216,33.74766185226194,36.13833696444128,45.47607736327273
19830,rmse,43.06545489868236,36.74923135948581,36.49646753938955,46.863252542785474,77.04397692745324,48.47598373732573,56.096727334352764,53.69135029320344
19839,rmse,75.98535870482645,47.90760287726116,61.35273471627092,51.52157250446975,38.317423510134006,33.77295692525201,42.01783897839731,26.51827595170435
19840,rmse,52.30994887020619,9.95558069176739,15.709182975310126,28.986801977605065,4.455748377591884,6.288477541681076,8.832849587520586,9.751632645604255
19852,rmse,183.1603450628089,152.96540066656658,136.3886405809626,159.89620661194212,200.2974919579601,178.9539340582801,238.41348806882007,267.92481030458777
19855,rmse,19.51177068978203,3.7326726988285777,15.45008234157036,11.033696872157885,5.099561562430297,2.1068318176147574,4.517902105740131,3.6891573907690915
19856,rmse,24.52932973393285,15.294828589160796,14.570870699327584,19.700278057823333,21.73703043283584,8.676919571990783,5.650933734983233,10.168507923029344
19858,rmse,23.344443086637643,16.946063107994146,16.16221520996854,25.358046764573288,9.768393379406604,13.166318318929756,9.733257820815993,13.056885030640352
19865,rmse,37.8295157257276,18.609683054804893,22.03220507910781,26.662864812319025,38.49142563895231,30.80833624512615,35.05405898150971,30.668620823299218
19869,rmse,26.221961391033616,24.59584342009025,29.61027485162278,24.07133938940665,8.45105556141204,32.80388654342016,12.407068870620897,25.46608576883221
19873,rmse,82.3278404220542,82.26083268024234,69.96482341904587,76.52696126202842,40.87163524836373,55.616051700308326,52.869278707937696,63.416286245270605
19874,rmse,25.81203024217359,27.988009938985563,18.97067230647322,23.40971471114381,23.540203737659894,22.767763271161623,22.680451774437625,22.63418874898466
19875,rmse,126.86352258354184,115.95319096231133,123.90324676890565,110.42849393259976,134.67216187296037,113.1657124788733,122.37769054103298,136.54182099311907
19891,rmse,42.64286628890176,19.71680221582942,25.8527148737979,23.047300275737285,12.320092522151464,13.507619975829288,8.941756366135861,19.10693226005568
19892,rmse,64.40153112741598,29.07638165492617,30.690425523738377,38.58796729551843,38.894770089252965,31.436079401030316,19.086187395139127,23.631508787653893
19893,rmse,45.37261975216804,36.18354055588526,24.855583089766967,31.082583190233365,29.49792055545622,30.755606022840265,29.94654118313183,31.12877440656688
19894,rmse,28.98902502869613,22.654038549513007,19.54673342722046,29.950687063163603,21.50777779889094,22.566727837586857,22.303421674250984,21.377104621684428
19895,rmse,26.687222851034164,16.15057697927245,15.94437424024372,15.746538905422996,16.992409616887418,16.6393297551438,17.051860311554925,17.63765368853032
19896,rmse,40.8105022060675,24.63843381259013,29.08172188485573,26.60220932885971,25.09421045310119,20.02197400925877,20.976368730200058,12.704214875084213
19897,rmse,25.24954197004848,8.31463143101066,13.85557949826916,14.455266053126335,9.393936715572792,7.8044016786103185,8.601061185721013,7.937420803683603
19898,rmse,113.3733193700996,98.79615549788208,108.37483859055676,120.55766398053856,113.63690175291744,104.27612285872878,112.00211288903138,98.7422801029677
19900,rmse,18.31443698987119,7.626711489563758,6.946869190143818,6.7055304703572025,8.302842733871687,7.694008265333668,14.198605777534999,10.609840774402148
19910,rmse,20.4659203632896,11.641772288731527,14.077125928531697,13.093364731802136,15.586631890073074,13.646810056911292,14.800023431544062,14.868528718053676
19911,rmse,31.132790013668902,22.29623513902316,22.57365399786692,21.735376565508236,39.3880455705569,31.32489433499612,30.915620276491143,30.330773862312128
19912,rmse,48.5817500241827,39.60905904138077,44.31061052010976,58.18041790652399,28.961788579354405,27.17760896043049,54.507791809535576,25.427771050707868
19917,rmse,134.82099920527287,128.34296357735738,95.62810454430252,66.97854996605673,37.563205997941594,67.28040130544883,93.59471539235386,91.74872601612621
19930,rmse,205.4953892782888,268.6536055935312,258.74627964730666,254.5381112590673,317.6978213542595,228.36947522693484,246.53329008092362,294.13797323623174
19932,rmse,33.869112831412686,39.38427173387837,36.15170144638997,36.80644698962398,18.56098643236807,21.534876192921477,19.725922262097342,29.2489634615059
19933,rmse,50.975859936909714,40.420017114536016,55.75260379012924,35.26669825140363,25.859214882356536,30.17983995355498,22.43619875528266,34.57980574483189
19949,rmse,17.741988073604887,11.73386052856685,8.093724625151,15.52117013057399,7.508059570192668,6.666605091304946,6.998182525367934,7.310577578241605
19952,rmse,193.7626308390856,164.14213121059,187.4814423505256,180.1794774199696,202.17484677046204,171.37500661699718,237.90278583698705,214.01758050804347
19953,rmse,47.25250110244295,43.76140661438474,48.47718436818655,36.74473849604672,111.68757917063232,107.76123414872445,104.51451858801248,109.33253802939271
19954,rmse,24.780484115501384,5.37910316845968,10.9204610878516,5.52561308815592,7.374297613154418,5.827449928161844,5.982883362173756,6.223920501464887
19956,rmse,77.19040820450496,53.26762405554496,50.30233972961013,57.10830329781787,44.40732450005558,39.69633169007527,31.494687480688256,45.172947242224495
19958,rmse,140.33549293785444,141.15379538863118,158.00139287149594,130.76274966518562,25.46699041881554,25.549988961006555,15.822774625644396,19.483444129337595
19961,rmse,116.55067531558396,113.0532322685903,106.395148357352,84.1955606276944,45.00153715600261,83.4992566382888,53.93396057232428,59.117135429860966
19972,rmse,32.79761864423355,32.63370033676514,35.29355367188902,36.67993823918968,41.59412415531354,35.56309483488692,29.79648969078571,35.786518824621545
19976,rmse,22.44757088658824,19.931516334320857,20.9893997267352,31.267878085984663,20.951713681124005,15.13029643229815,18.620517219227537,21.66887204942045
19977,rmse,1394.0762254874785,1484.9824995311735,1771.7088214955863,1400.4026338461854,685.1339766756779,1035.4295214920012,1104.4826045379673,1017.5026166534676
19985,rmse,24.87006275156436,3.751514058283572,3.941227895531716,8.641891473242076,4.608046487248148,4.5911297072319375,4.1308527415785,4.487728801570701
19991,rmse,210.81073113608932,384.9740313807562,331.62815663522485,219.80314763695063,200.7958608422319,177.52121611042622,182.6322324728847,277.7240657933976
19995,rmse,65.65074300080691,86.37536755571217,78.32540385758031,85.73297006143876,89.45195428145419,83.4962716034415,88.53660956247653,88.66045668941608
19996,rmse,32.61912468750515,25.356414971696488,34.04986354015066,28.25669586330134,25.42526005363237,25.525693172659043,28.621728015737176,30.500752166448606
20003,rmse,21.728766453267884,11.74954261640123,21.408409471472623,16.083783758805016,9.605715174726985,14.749943776186127,11.186744664433835,16.74018530653537
20005,rmse,82.84939516834565,59.44179412303342,63.01199978527956,60.30954526441068,49.72671290782604,44.98348301053662,47.587662961746965,52.95188473310938
20007,rmse,65.22616323091935,68.81801282621072,75.38895526151748,73.04236377305676,50.72688651347388,49.89076917606833,51.486302833446324,66.09136047559778
20010,rmse,51.77341657045458,29.497351050013528,34.55327973818952,25.644491611260303,26.13879581811392,19.457059634413515,18.754853133383182,14.499312894585556
20016,rmse,149.3078809817927,159.0562032000197,158.22105745965317,153.74783187269847,140.4708568616592,150.26221267698796,141.304781585729,160.29468722966004
20017,rmse,116.1321786111636,149.89806492596514,171.03904498983175,131.85133096703186,125.53456850094204,188.1208792780477,152.3013900513027,206.47640742584227
20019,rmse,54.9383835369423,59.63995225067328,57.72830218152395,57.77400616963384,52.69373830596605,54.51748474472308,41.480472368132936,67.55201140895757
20023,rmse,19.539813420625972,13.36651144323116,11.97178706593026,14.212144319343444,16.387619112088156,19.7784346603157,15.949502221844767,19.381551061181188
20025,rmse,28.79898086037041,49.9566740407964,47.34396042353305,44.71982520836443,32.58435388354545,34.15194683665899,31.566766967233743,36.77393972446951
20028,rmse,37.40973064068602,29.621898453281023,34.06967551725525,28.93809388639441,27.894552076635733,25.51407784044491,27.352692288238522,36.450348529558106
20029,rmse,24.719384205139956,43.532322142407885,24.546102540077825,20.834260246046654,37.37985412285481,31.66108920918744,31.288348406906458,28.469214136625535
20030,rmse,21.717596803824748,1.456486220172431,4.639633303524579,4.7748141325081965,1.670800211551833,1.8569094986601673,1.6183565088342673,1.880625056085445
20034,rmse,20.063999254774835,8.225453930738372,13.41071944494853,12.805874384437791,7.064587726469185,6.742843791148579,7.0605288351058135,7.001465589784237
20042,rmse,71.33891795246257,51.04053517849992,52.834459857196144,46.87049942838957,21.39887121389861,20.39234788759999,19.94155745540486,33.84346697402406
20043,rmse,18.969555593364543,7.149152373723953,7.601248581183693,7.743303558559486,4.617491686672053,5.358168353612756,4.363855625493949,5.017389369115377
20045,rmse,31.048749864878427,6.026955477722686,7.60622884781224,6.024791835961361,5.720199373547221,6.576182816684261,5.825770184625968,6.517103233626296
20046,rmse,421.4926699044452,422.2254283431983,472.2594032215943,420.89780648038544,342.11953340994063,445.61112932431126,488.2808096416834,418.1966772552915
20057,rmse,27.82084850816511,20.22247504316389,21.89167206824233,25.39719450823041,16.459630781265872,19.884112735150868,15.493165327875907,24.21375409396958
20059,rmse,20.90434819433668,10.796883918352227,11.130885959539134,13.051648682573912,5.715713723744552,7.590932560163676,6.194051651327354,7.2027015192729555
20064,rmse,31.39763702512288,5.87929371548041,14.108027790809986,8.833847154867213,5.317236287694255,8.222270176932069,5.425753246048128,6.17108574692314
20065,rmse,90.5591061267959,83.30608310117324,110.79689064054122,100.8010023925027,85.31504771408424,101.80535893771777,110.66299016740453,125.69688939752794
20075,rmse,18.93180520919503,10.728041086290483,10.537511109367856,9.58634506810108,13.693793055805102,13.865316973112002,13.75667301591698,14.3031590811261
20080,rmse,15.292674389770411,5.693996634466944,4.733470220599482,6.6841632901126,4.699752674060938,3.5799964230616173,4.916475510691375,3.667685729825835
20085,rmse,43.0420694770926,25.050297542366,26.29627484865708,24.82064138754051,28.86941796519592,26.757839904228984,32.152568576182354,44.799239461459784
20088,rmse,67.33688049019123,62.33561972054592,64.50806577974271,60.56347025568932,69.7046948282293,66.97087521829263,78.69428172374194,77.01882807264539
20089,rmse,20.495255603923308,3.733990306347121,9.332704015632412,8.83195102021798,4.485879215989545,4.93453741740039,5.980298519053528,8.502176613857607
20090,rmse,98.8282918187098,69.4343839671502,113.0296717343042,133.7023836969633,197.70206275614836,120.20921860982924,164.87058245394607,152.43361904121485
20095,rmse,48.33413126843183,42.33749610669037,53.26511508745808,49.04515153293839,33.12974360442501,35.98389412990403,33.93487989992068,38.677819172845
20100,rmse,49.54736483131156,36.03506968585257,39.63683504848044,37.3641418266825,24.679256331088343,22.25392511087123,21.163213831429605,23.907839323235446
20104,rmse,10.074420020004132,9.480794517189215,8.39607687739078,10.109464212640878,6.730422146237925,8.52468009275745,7.479817862101128,9.710125414867818
20105,rmse,38.22146329364248,20.31691293585945,13.72923341619897,24.000884937388825,81.78020920200188,14.076708448768128,12.913768852879715,15.697024844799229
20106,rmse,28.09197366990443,17.03525408958698,16.782219166061445,21.31083182189697,14.864640828572362,19.114257548900778,15.240267938148333,16.31987105227622
20107,rmse,102.15318621285202,239.01555586693752,195.05283195084348,144.28558317140045,102.16070586682721,121.09315246489297,96.72464082468997,110.84044908927571
20108,rmse,74.32528765316259,63.76140956195894,70.55652071749557,69.01822102411313,45.563718058065895,63.041381700297606,55.56525948162719,50.72407919930374
20110,rmse,16.85161841003668,2.2479236526199844,7.045817394160568,4.471614175365908,2.9990085175885492,7.635091926178519,3.6329183517973784,8.017916820279371
20111,rmse,28.978886026267016,35.07402571474752,30.021805229772884,27.39262532548172,13.051395728936084,11.38715379643871,11.614019106144518,16.951855223400823
20114,rmse,23.915615569876792,1.2435536542769037,4.031986422805462,13.308230536025444,1.2056037900899774,1.198270231531116,1.280224142960375,1.2820960387112756
20116,rmse,122.05904460398531,141.24299344168838,147.31120285216193,124.34495046263662,154.29363500314952,126.1415059569382,147.14234349256014,133.89030394547365
20119,rmse,38.05568295397496,36.79933752544934,27.63985990055416,30.202066614352365,13.504350199712844,19.320077100778835,18.240126744112025,17.11431450420968
20120,rmse,103.01985024081176,117.04667470813044,106.57041898130228,93.2611971233958,24.85684251744176,93.35866293686063,36.29990763350582,88.45509258331153
20123,rmse,27.90523123064901,17.865895964884988,26.41797779633787,32.164641214296864,11.344938234224564,10.794936767378818,14.009625382247593,41.11450948488579
20127,rmse,120.42169000817738,117.40468658972216,109.67524397069786,95.0861149014872,107.37543633285857,111.60712187161445,121.32663857280713,110.83743630393074
20133,rmse,54.17923488745083,83.46066857131234,52.81128750850432,56.76622871234465,32.663921509792,32.2252027905978,29.49558680674353,37.45461347360376
20136,rmse,16.222759023779478,5.487179935867396,3.8423022897777694,3.8777322873436857,3.7727726225336364,4.731726936534276,3.6467452129926206,5.447598574855396
20138,rmse,14.885367294826056,8.661790689416579,7.500649286617187,10.75175463716401,11.824008899302374,12.289146585567043,8.775204110978036,10.239512532602511
20140,rmse,33.419671834194695,30.55637437606537,26.5822192989191,27.377898324500126,33.71751560934836,31.366342375378384,43.16070455116653,49.688254645220226
20147,rmse,153.31133987246108,168.09586606007258,177.24212292438818,170.26735059246613,167.1654895905386,188.6539456619146,144.2013588820084,143.67898622115126
20148,rmse,21.121901628950408,8.545979761927905,9.906877919766936,8.816053853939163,7.091542521941927,9.594433207698101,9.230705243325117,7.427979845823583
20149,rmse,29.50194120595352,22.859987768185206,25.32262703275791,19.178235204406988,20.554177045655038,19.201491712404874,17.810302685095852,29.929808984767728
20151,rmse,33.59487054135474,45.981274744203695,37.97026814708609,34.12232553622334,45.243737705236015,34.51644562560428,42.873625587163,34.56074027662054
20152,rmse,164.329682192232,155.00022504016954,121.8106793063721,179.86180216426658,147.08452591032233,157.87829993239617,172.55844794809394,136.25570616710934
20153,rmse,25.517514349504065,19.97494666590303,20.86784636268576,34.71963645482993,19.05778030809926,20.10268035855764,22.11625430398838,36.34400894196132
20155,rmse,87.94492699048598,77.8125661949604,93.02004609035178,82.19932180715091,76.8863013406268,101.40218262907972,67.22159320297072,97.60468340515965
20156,rmse,38.42799144271273,35.088765864743,32.55157994186348,35.46599075170466,39.29422087504655,21.513834272570985,31.36456612230123,33.986537976858536
20162,rmse,34.22994376394954,27.54446705537041,25.33580703888151,38.60036993117461,28.087155936063578,34.175332865713614,25.696090447961062,33.89030534831716
20166,rmse,63.42620543445016,66.97953392573471,81.38511998423763,65.15823751964649,62.47196931460185,62.02580969005217,66.85702309449783,59.81674697123565
20167,rmse,83.84033367498196,93.17597012767791,83.45303056582009,73.07727656392238,55.40807656468683,54.781593989800704,78.54293396378809,64.65576170250353
20169,rmse,17.254169469749783,2.958103310761932,5.111879104576006,20.59943133750472,3.2561424680851445,3.18174413094964,4.55174383684404,3.1331594577207564
20170,rmse,506.3950002739023,355.87376791095494,501.012822324098,549.383944857025,782.4165993486572,721.6303160028386,812.6952785212259,775.1913556838805
20173,rmse,326.33775749880346,390.5979419136759,368.38440687725335,304.25643780279233,255.83790432419204,257.2229384922653,259.772836465504,257.9009162367906
20177,rmse,24.97389595416225,11.91436518667344,15.296584050162805,12.506117391989498,21.666429429115386,16.18702627071989,11.991738230550194,14.429601428844983
20183,rmse,21.50876722173844,14.338875615709938,11.8206519504468,14.38276321774706,19.96548386528509,16.916200572660152,17.103509852887886,17.499627599345832
20185,rmse,59.9800648458878,60.39169201507983,68.72151736643569,52.01792212518896,40.16512474309076,62.78981048688996,55.14641199020495,66.18627913040449
20188,rmse,45.694051091908186,28.94380848680002,32.10249107873241,28.455401752371888,18.92921908595819,20.127279175827944,18.53185915222671,21.863270512040987
20190,rmse,35.29543789290759,38.92286456574195,45.69351606070444,18.56663373461366,45.85926695439028,44.68638571843462,41.98890337839743,45.051412965316054
20191,rmse,117.1790226769164,80.40198439025892,125.72992700896148,124.69970097086129,72.27529054594004,93.2848614003872,122.49395160588338,128.56887397676098
20193,rmse,180.11052928841917,182.95401340094256,166.0778047135716,163.427714397936,184.3664549658051,177.41209354026185,157.87903548096662,149.24619305266057
20194,rmse,84.99542011082961,71.72086067580783,84.7695932905077,83.41269347847086,124.52489089225513,126.02162173451543,101.64135244137536,103.13571694238861
20195,rmse,56.81566101674668,48.60934685906494,56.53980887548339,61.77022385871332,34.25517660696547,35.34418618744038,33.29657589969111,39.89334678186975
20200,rmse,60.812442441793,69.10596269625073,47.592038276153886,58.76719530864515,70.73028285973196,68.84006010995225,72.83656949689971,76.33375983674368
20201,rmse,26.836641054108224,18.300261033319,16.828108747157525,18.056393034373304,12.823839512644668,9.353412188317145,16.076860755596975,8.530413661703276
20203,rmse,93.0984639068408,78.86092883884585,92.04656418613544,93.29089999684976,97.26855507747432,84.15552071710559,74.19971485519044,108.60211263399931
20204,rmse,73.26952435776661,88.79620229431353,76.32345169659429,103.72323017423714,78.0107444869008,81.51295748682924,75.98077737145901,97.59671639531535
20206,rmse,773.5632540906234,849.3365018714334,896.8776747549766,779.8438815735992,808.9891727601818,760.2132573512196,880.2352489250655,766.632237696393
20207,rmse,138.60166699364248,122.52738119106073,136.98747051640802,170.01803894489157,169.9412613100582,26.301922859397163,41.49608343592396,33.86200133202414
20208,rmse,35.80862441285601,38.25103907159358,37.56307609425328,51.9444976767404,45.029213587658795,47.78683893304187,46.56709510371426,47.36272114280645
20209,rmse,26.60850927999118,15.118603889701392,18.974428308684654,14.721011438681032,51.55793023789081,47.666709196962415,55.13446096126114,66.43236304889845
20210,rmse,29.48867776718778,22.785209863303628,24.90812827844167,23.82638723288591,35.208257821678544,42.44397071883683,40.69304400460384,52.05285779946536
20211,rmse,524.7092446342967,447.2624675877741,514.8146401983959,556.3575129357022,435.94918601426673,470.3487493100516,515.9641115629261,614.2758186216578
20213,rmse,18.022468074913945,3.7760394286390895,4.987132202833367,3.5299300109708893,3.861878805880929,4.062817721843842,4.6153161902571735,5.063863405102661
20214,rmse,15.478308660058428,1.5618724600372569,3.100074958378711,2.4265502578446942,3.8843786587824662,5.118326129674646,4.737034142906692,3.8014149190531636
20216,rmse,27.83144400035328,21.28573207046093,23.50068100884345,20.49900309229153,19.794625641787924,23.21974999559787,19.153127147025888,21.245629354253705
20218,rmse,65.40697764536141,45.623393177294616,48.98315312932368,55.54433859539602,38.60153847276626,58.40909096311372,55.084230506094165,73.22714169088249
20221,rmse,23.2484706280486,7.1096893449744,5.973776335421153,4.596173529264437,4.991505649385212,4.8674413191289005,4.53266917186908,6.361732786614483
20222,rmse,21.56693616391457,11.3257743334563,14.74611154272926,12.196153537534329,3.1526995688965975,3.321648753709827,3.0636275008895706,3.177011145929239
20227,rmse,45.355678654308335,25.843797812037103,18.712428822171365,24.53226967802929,18.156106797498392,16.281295371863532,20.37607081189554,18.71147809702814
20229,rmse,448.6844517231368,735.3610885733572,642.2733726725164,533.2050835070665,490.976543393715,283.41517367339407,307.2604741935395,536.7744605614912
20230,rmse,45.00990067723944,34.88209954437549,39.326071183428354,35.604819118266064,40.34474382857147,40.18550517913956,34.41788199392095,41.12471744643627
20231,rmse,64.59902662079907,67.58135582929296,75.42133986735504,66.3493992269544,60.21774712768953,50.88950354757892,43.48620517142704,54.456470652987626
20232,rmse,64.27838243404462,61.76985228780396,57.01677482650273,56.65963010233418,50.384259952388994,59.85857699522346,69.61048113056218,75.94778638100529
20233,rmse,104.22645330988482,73.50071415739373,97.73298731266054,75.17214392460963,23.457670440368037,43.17997218709086,20.07635189656723,35.760889814177276
20234,rmse,33.65223870107169,33.353870846108535,35.589868974621695,30.095051641978177,25.497881650945715,36.77358266816964,18.685947162216987,35.97179289551231
20237,rmse,426.90130308934414,402.3445204285448,385.3246726795654,442.29372375012287,432.9708422709102,464.66221551725215,550.7133958973466,591.2607160295931
20250,rmse,180.5617022079468,125.7458146811416,214.34881838628093,170.6448957142678,225.4006910203878,156.80353305010385,189.18400657145085,248.41534153506908
20253,rmse,214.95222700755195,219.74963342918696,205.66259560923876,194.7461257352477,131.63361403803313,163.1217928851579,209.807350352719,306.08484250887665
20263,rmse,24.498089501805204,1.6899855713093646,4.761510213971909,2.7244683477291085,1.3867092473668208,1.8776899019279019,1.3048713089093869,2.1867832106697156
20266,rmse,14.837470346517891,1.6344902324107928,3.668901623920764,3.109957127250042,3.4226821929678697,2.5616425821876203,2.663675256064061,3.1931435195258557
20268,rmse,20.84358489688115,5.662516823538735,6.775207947623939,5.605697498478173,6.359406813788258,5.325843702095218,6.874882274602333,5.280369584822788
20272,rmse,171.2568373190094,159.94823315565517,152.29670457205432,140.40140002071837,66.05930854956645,108.16695968992781,66.93774018070762,124.66749062671695
20277,rmse,191.4387895822248,173.21921592638725,180.2582618402505,178.71343587181997,159.81437445588415,168.07318281558284,165.42700682706592,169.7080896335109
20278,rmse,41.71882251591882,41.70067117869582,44.09105283016662,36.1666989247168,14.57426706558435,25.686541398102985,17.002037306770127,20.213666610164886
20280,rmse,66.54586393046938,73.22051379590091,70.34338955180246,77.0469152169277,61.8257271463648,68.72627630319307,72.84090964712475,67.48162607721808
20284,rmse,28.09166183052729,24.48704479859212,20.226676159732257,25.1802731745082,28.52318837745755,35.80341026252375,35.073341231631986,30.38714529855425
20286,rmse,89.45148937173833,93.402163862898,100.70305523809864,65.82211891825489,84.43395324529301,73.51497683137694,69.49025358915567,97.44137744265821
20292,rmse,106.38725904064624,83.94102400732888,92.43992800713006,73.80665420919415,108.61355043855811,96.20867956639651,45.96225831703146,53.43021569922263
20293,rmse,1483.904040569411,1579.3699645836955,1592.8731760070748,1417.1521142888414,1107.9291173100366,1100.8501729860177,1216.6009764120056,1446.2145091188063
20296,rmse,40.22801556071583,21.687972995031824,36.20209896685499,35.526946525303366,64.53859375433827,22.69670089102123,35.55861447095797,39.202331383691345
20302,rmse,,,,,0.9528985780554645,1.0592830119701164,1.5266309958869728,1.2844650249058343
20303,rmse,22.108454092537443,8.404393014418636,13.022711706334716,14.123351960077866,8.374711395408944,8.657530254850409,8.058168998400705,9.128633557494922
20304,rmse,442.28476565757546,308.49345305666503,314.75236058595215,298.0402211391387,378.8696514590447,219.4277501745268,206.0300427432104,207.22279479397272
20305,rmse,50.30412887424248,22.57382625411068,26.792763666450718,38.719417035326806,18.73111918226127,21.146552568403802,20.06003695370331,26.238428580790362
20308,rmse,28.692409914098,25.854192892965536,38.13614286027757,36.76471193617597,42.92473172160091,39.22055028227246,41.1075287935315,33.01480962942577
20309,rmse,14.990090705440764,17.648486726536838,7.273168167992162,13.867850310059676,15.191298102857758,13.705244253404738,13.249584009525945,20.164568429263426
20310,rmse,83.96484762812858,67.63662076323541,94.83752436986514,89.20780198667669,104.04707507710118,121.15059231079672,136.78205919146524,144.1665509987493
20312,rmse,61.02631350672598,57.943043795243774,63.44568175722694,55.61228276599015,60.22682042379343,67.8104988067346,64.28208534111091,62.15640529726873
20313,rmse,74.30558959538253,69.64441225210145,74.10225300610185,72.65216361387854,78.2846611335319,72.57719650213618,70.97242808498976,45.90293507799233
20314,rmse,17.537199693712648,2.6013435360205004,4.790847145425507,4.37456359728221,2.4584511607727255,3.349528063258888,3.1987547644790504,2.9320326323160004
20331,rmse,25.790451069221877,4.308036249161073,7.934463034305897,11.063467810772536,1.6002500299121727,3.27067894132057,2.699008781764313,4.2695133519749175
20334,rmse,102.54643578002674,126.54238904007798,88.76396414113266,107.27240118294898,59.99475760445623,85.01537236172004,39.47526291953513,82.10474990254998
20335,rmse,50.247126740326685,46.9973888969834,37.33451082842955,60.0705479945342,77.1038071511499,67.44922919373842,87.42707417841129,42.691025281117724
20344,rmse,167.8417986579777,97.4905738647206,145.43037878097164,175.4886311417352,137.99955743699613,59.99742945421433,91.51800168780261,54.282162993886026
20348,rmse,19.9941391060769,6.123606286010332,10.473350570468552,8.793551614677655,7.1999262611629895,3.8271868036547554,3.0795316478748784,4.6673292243504925
20355,rmse,584.5922894626302,695.4836515533614,662.218858910234,650.5512656970241,334.9593335396857,580.5798152527443,326.81295171138515,570.7262336243939
20356,rmse,56.026562374559646,33.89502345702147,25.442572006267167,36.63364505478536,23.419266401333548,27.743305129726355,22.70244847009333,19.027715178557457
20357,rmse,37.20670350705228,21.81951487817736,22.182402304074447,36.71692668995535,21.567020521299067,21.57864591463429,21.06644791319411,23.02457074669335
20359,rmse,21.879105267570427,1.6164427143674795,6.555368902647846,1.5825454179896383,0.707879447457986,0.7198903832470809,0.745292501972694,0.7154006418757236
20360,rmse,30.614700112854084,31.330235425089388,31.97116214172645,28.709400125317067,5.524929946666156,21.93250293341513,8.470978167970536,21.547902189302526
20362,rmse,23.620387167639624,14.162379866381569,14.179346310350573,10.342116159987116,17.335789573001094,9.186723065187445,8.540125689953761,12.472970352594622
20363,rmse,342.2963804793882,458.13327919615256,403.4051618001962,404.0629667927183,400.5027920789064,240.43000883937088,324.29335915999536,207.54869681995027
20364,rmse,47.59265372283716,47.91317212559233,46.465427938258,45.76133830356509,39.1443834286864,34.82449739230248,37.47710437413961,39.78510430023618
20366,rmse,477.5156786809713,392.640519372355,290.1739894725038,435.3874342212666,429.41543372072175,536.4532124174387,367.1186339071964,273.8051833786863
20368,rmse,13.928207164555747,18.47398908081834,18.027916754137067,17.829767400489427,15.258105084561688,15.157462529145272,14.301540330941215,15.867071160037344
20370,rmse,47.98258562657036,59.16593542743563,47.46802975573297,53.02249716446365,41.253808208760034,36.229388847202294,68.5371689673544,75.98317000679386
20372,rmse,25.4805429412896,24.979249523786017,21.794271751905928,27.959819582949944,20.51316322709224,19.703527058991344,21.854025608180123,23.925605642319194
20373,rmse,15.206349194047768,2.105704157732597,6.351034986161562,3.882788946105621,1.2034719292898375,1.6107625503982617,1.1771141345055913,1.7807337030259989
20374,rmse,821.1262038787168,842.1099172686268,758.6957976396284,613.4035542953939,665.176508562581,755.0479658890987,708.8464473899948,752.1254865895218
20375,rmse,13.986386059842262,15.361716514987366,14.792442112790258,11.89006190994068,9.759595431038383,9.780359908570984,6.3967867123073985,9.422208412538708
20377,rmse,83.78436010007273,82.9547127811975,79.17482587125781,77.29110865926157,41.32208116259116,49.896079818975466,52.9624086035949,48.80495468170804
20378,rmse,205.56326456154247,286.835302298378,280.5478801465522,217.09844369676065,241.29647953931243,252.35382233953175,276.2290112623593,199.78737382442355
20380,rmse,17.668321160556193,4.859712666035989,7.279172853782806,4.292243345987791,4.637207460594427,4.10269389164876,3.921938919560815,5.70843960056872
20387,rmse,26.621473788274645,32.1809110701449,28.519078743598858,26.81733757188518,33.34312447813878,34.96639075880004,27.40439360927602,37.37363856057224
20392,rmse,110.11145935223357,74.94797503633704,105.28248201811655,71.51041563607671,35.91379233072929,48.78080979781847,40.65887643960776,47.447933096425714
20397,rmse,177.31225731778412,179.76059838973188,182.66625619515332,178.35548789176943,94.34740536897218,164.88483356134114,143.0878534972526,99.40432902279669
20398,rmse,280.4872243354448,159.8289044154755,173.12147823904232,167.76866756539096,460.2561023781659,243.947674374596,382.7161951762471,539.3678197806316
20399,rmse,60.300295663822446,46.70153638308975,54.38798516814193,79.53986785114606,72.31368302446019,45.7687281061744,71.03198615031796,82.92929215533358
20400,rmse,86.37502368625545,88.08044470235704,85.3170279319089,86.65957568060703,102.28818363315642,84.8868474587186,82.21987036855097,69.16881793717768
20401,rmse,313.9839363146341,322.5844822429184,300.4499713774049,342.4710717467,413.5948055769792,285.75744140005037,331.90856425992587,384.6721241078816
20402,rmse,28.43211655161374,26.232728653902868,25.568320257854708,25.30778013366873,35.13569547077374,26.034294049941728,24.373528015934347,33.50058358892242
20405,rmse,26.530351833477784,13.231334162395418,16.368738797015652,23.874445077902397,39.57238162386948,10.723750668230544,16.53274201977739,16.426984695804286
20406,rmse,26.38751768533422,1.4711142464305291,2.60406269335564,5.524833029151198,2.3158643450499885,1.249427386264204,1.2377516641750346,1.3025124478579075
20408,rmse,15.464545440835126,4.31415770497272,6.686517952330396,9.579485024432854,2.8757814983457006,2.730426758052472,3.1954748677614746,2.8474831020349027
20409,rmse,862.3258989574833,990.605233855146,1569.372143818973,931.8541205902944,369.75983515048193,900.3249698299832,745.7470058767169,721.5105368430127
20414,rmse,701.6470980308934,632.915727240462,208.52271251173025,497.20571814446737,733.0780194014607,545.5189692474305,633.9820482760719,618.4801167577372
20415,rmse,20.55053320098208,5.329886069062402,5.025748929056208,13.064750284639963,8.20617174910827,8.440747587477992,20.755244680531675,30.669066876427774
20416,rmse,582.4376967448119,732.8550675084655,619.8790137534285,692.9664595178231,538.226302779299,480.23175199188745,386.18665041590265,385.2659527826498
20417,rmse,610.6582226756509,656.5346868846361,494.79160273987605,497.876180669228,881.6075552306738,502.79056836368113,609.8529168389408,692.0223821070983
20418,rmse,117.80332840231664,129.354438789157,114.2211289357722,111.22365458340636,139.17526206945712,144.48055336424355,187.99594292462007,273.49855714735145
20421,rmse,165.65002705061812,174.73198420440644,194.14831870826333,149.65512234616108,148.01813545883783,130.33200002350247,163.35458203542106,239.83185147275626
20422,rmse,143.0935799101765,165.4778143282827,107.38602989310388,149.42321924654146,95.20488764733707,170.2304066317771,101.07972329604803,173.96654377677936
20423,rmse,120.89966108075852,105.66985127120486,118.36643912610133,115.57348073844622,76.44866673878057,153.40047186220428,125.99618259363642,99.84094783529653
20427,rmse,116.33798275419244,141.40493610143392,112.3816435069994,149.4341456405909,148.56206515161935,125.95554951917683,305.5682013349929,208.52221580305945
20428,rmse,22.40891689455069,4.591496550223526,15.55560445031944,10.425064081870726,9.45742226581784,5.256074361463835,7.658310210264723,5.649094576866479
20436,rmse,101.34799188740234,150.79266652954044,114.5614979815137,138.28219896284554,93.53253722813201,110.61127660272285,93.2235138964743,78.06814116481128
20437,rmse,487.6218568453481,483.30073412078735,550.9893247609315,505.5786392782477,608.6745149214246,468.16827619913016,643.1218989428463,731.6876397000811
20440,rmse,29.803159814712977,17.114523337630285,17.020081791077548,19.21515460949161,16.688242350743714,19.491149474059053,20.33400709061839,32.524420611373785
20445,rmse,229.1971504031108,241.45296058519057,229.0425418425993,223.5893787355145,207.40874527775478,207.35082157557346,207.39638950220208,207.25256797850693
20446,rmse,21.580816068998008,6.63491301011942,14.56390333880128,8.626850526119018,13.476548117839537,6.609417985944237,6.619452466456007,6.461391316926837
20447,rmse,78.98421677112475,75.13617141107765,62.81122050269322,69.8690568976332,53.86341011814058,63.91513558151462,65.04418144697412,73.22600977989049
20448,rmse,366.4330589843208,277.49239928615424,576.420405600124,516.168030990555,362.1465984327369,332.68668803133414,394.97541685954513,518.4737528652405
20452,rmse,262.67026322433776,201.71374922294447,290.09491653417416,284.5201724053245,267.6659712054562,215.01496455747755,217.51332900639466,232.55014744661065
20453,rmse,154.19068673078897,130.15699137761115,164.37707753946722,136.0296751733892,136.76834422944648,127.6405779988965,129.53833473361234,103.51786162895546
20500,rmse,149.97297833417397,130.04180718645944,178.91352023219915,132.83458230278572,144.56986160260436,93.98916625686097,113.82979778546445,118.38193914578507
21007,rmse,22.21853598166729,3.0812055850318005,4.0325422662198855,2.1702060834041648,3.180720982442597,3.2760975269058616,3.215687776648708,4.014743645288331
21008,rmse,,,,,0.04361111923812443,0.17015594789578486,0.16050481375227954,0.3383524529102482
21035,rmse,16.204670837186583,0.8886322203486409,4.8778406721005245,1.5104304022363957,1.8001939655747399,1.400076785215197,1.705365353990488,1.5082702020999887
21040,rmse,19.966151922881345,1.7784995769934335,4.191158534037487,1.4297115093612416,1.6971745860445278,2.404159246793535,1.631663362270378,2.157385471635609
21059,rmse,19.67606180487638,5.341501089623354,5.912730425853349,8.28619098929726,2.5834144367604255,5.976173708801967,2.3937526168420664,6.900698930432641
21061,rmse,74.74791674442882,93.93559697029907,60.42710384177931,54.7120433026673,108.83666638921763,90.44099176973839,120.69769253357181,132.452182195082
21080,rmse,251.31251250232847,263.4164355914417,197.65630090052545,171.85994779341567,92.29486420867818,153.7725560618667,109.56149791182925,114.8151857985686
21084,rmse,30.579557066591093,18.51146450403327,22.20563705002446,14.067261045894234,23.09334807987673,12.75054773774088,19.790383120847043,22.589864642980395
21094,rmse,18.19102057955124,2.952993233599919,6.688699849967374,3.603463611582612,3.9044953753517797,2.645154996742206,3.351362418577353,4.516667368232716
21107,rmse,133.6319893243233,129.4627669962279,149.4909134207831,119.56098608845798,94.5585904512235,92.59867064071021,88.0231119799746,73.1138903162468
21121,rmse,71.38704572816026,57.28498869362228,57.73090462400122,75.99153216715078,38.2308548666793,49.57304681756696,56.68123045952052,52.78644677185408
21131,rmse,23.80511686057224,2.3306715843148265,4.315497518191692,2.291094560622561,2.6241448304384756,3.1051669894493585,2.7713739151972954,2.5302166415180825
21134,rmse,18.06869564503145,1.5538829897534847,4.713242419510501,1.9170332982675773,1.5865444512868137,3.979774936735215,1.8259091967716297,3.7171204594346365
21136,rmse,,,,,80.05028390416008,79.64906501700258,79.80571516486472,79.2071141825653
21142,rmse,24.5731915419004,13.448067807367291,9.871821675576925,11.33421638716639,7.315671221636361,9.178672451985555,9.762069741893294,11.991388539901138
21147,rmse,14.85022202065849,2.333201647405477,4.73539654163319,3.088446211284891,2.785389494907636,3.024197782068082,2.8041838609043404,3.1537980291495193
21158,rmse,,,,,1.2723420586391727,0.6668729419379998,0.8867728173550586,0.8333972399491578
21160,rmse,17.971157640056138,2.196324697663436,5.093590512931311,3.880696619165173,2.1551755665229333,2.2766698122459554,2.999711633148896,2.430313716516813
21161,rmse,317.548989796142,79.21874975740188,46.358475194537895,346.83018359133627,714.4568745801616,711.0330474441542,840.638898186298,891.5801160507068
21167,rmse,304.9682983237404,274.9644208220444,287.2510305074939,295.1531272539354,155.46805370694656,185.06609417054136,204.6857147424388,292.3846333880448
21171,rmse,39.82425129202797,34.42085646655632,41.80444429613208,39.5875056046728,26.521248591039818,45.956769689578366,25.81812049410443,28.178056820042567
21186,rmse,17.73231562558558,1.0220277990853173,4.810146497253148,2.3802625905559243,1.4636370728491124,1.7096675132763834,2.0676916222176183,1.8976161135227205
21196,rmse,17.21824130201739,2.187214475551298,4.518605938134255,2.224690989778131,2.330979160490284,3.0949468434035707,2.353339342869849,3.09513107083859
21202,rmse,18.065251062066704,2.500754397122711,3.057272143646511,2.7012949569501745,3.185991812571025,7.148520392419482,3.4425490877475817,6.469533138814599
21226,rmse,357.23592638768235,267.9472130893691,274.49677369994856,261.1134826405306,82.90006951444046,165.77090901099214,85.31168652770792,169.87243350664693
21231,rmse,73.59769065396112,72.00494599460227,62.63561952039685,55.826164365625,30.854398384795694,47.137718427336004,16.794325265763,35.30697065431232
21236,rmse,41.80410829485356,58.93766879831367,44.19711487993428,39.33963253813251,52.56519890520699,68.10935342906583,53.98516373658889,68.01486228539449
21258,rmse,88.6809118981227,75.36531276821923,86.2027783131475,84.73690406848193,82.28671169211529,85.67337837424753,80.75786605338475,82.75621399708943
21261,rmse,19.72170555851779,4.127808815912421,10.743539306060825,11.100865832097163,5.279744126542132,5.698162867678443,7.579260899414189,6.230055298079758
21262,rmse,55.79942860700035,60.40331137303025,73.90077756263038,26.68594532291817,13.389764326168425,24.349193127353473,23.4802079052413,78.3999413200755
21266,rmse,15.415583080071888,6.176924871424022,13.73125862508981,5.964649193372566,10.648824991272265,10.318575117990214,9.27116079696947,12.06242863276609
21271,rmse,92.23741404071272,92.37272662755552,98.6836957229694,89.1130612387058,52.589884145445914,48.547568338846375,71.71071226994606,85.24228815006732
21306,rmse,17.215062779647834,0.9156028703486,4.615650006563697,1.023090555969649,1.0419218738269738,1.0194615451784408,0.958426420275082,0.9547943597413681
21308,rmse,16.798635647626167,1.9860133187894613,3.92724521523013,2.465410716290493,3.4136691323838084,4.400553520085856,3.333286803619088,4.830139335466567
21309,rmse,23.06705543028153,4.350153320982996,6.124892524074545,4.06877472684072,4.4360696632969345,4.647103579808017,3.6189070332634174,3.7906379934404164
21331,rmse,16.09925839694836,1.2407474716567943,5.420344876431035,2.191737007743199,1.2078114034979128,1.4305524588743734,1.279495795597324,1.5626206853337437
21342,rmse,154.60018521168544,132.6008167156658,139.3610097675718,133.75208376362258,87.60001404417103,116.45625478303293,84.6990877671574,87.04099641342133
21351,rmse,289.36442693021684,472.2624592612662,390.8326105774688,223.02011641952345,218.23680320647895,376.6588021739783,317.8833903394884,286.4396814286805
21352,rmse,21.76038575929204,8.136499887446536,15.927806202825836,18.35740850607252,5.826187767130924,5.302812627573221,5.692097437123151,5.738122670971219
21356,rmse,32.422254916558714,23.151045424055614,28.5745550646425,20.113154208681998,18.724797582945126,19.661923560218142,17.1274861390286,17.26039291017854
21361,rmse,187.16005542058303,191.3447532263181,145.5775903676361,168.84050896235377,164.64813384366144,173.42354905804578,164.9888440783045,155.47951288914655
21366,rmse,34.26766522788737,46.86347789673047,39.630747314509705,29.62090116310248,18.240822512520005,42.71518988746118,11.15739801973652,30.87930060310439
21376,rmse,36.57517025550841,26.666030624409068,42.01090636222133,26.418552088342096,33.764516570534354,66.84586962376115,39.36541096399844,42.052353771558394
21395,rmse,23.405456017374693,13.403505639205088,15.528003613786344,13.598477243181804,10.589303427576299,10.396910007408382,9.404479200517892,11.420877986196807
21402,rmse,20.989891451149106,2.1530055535672363,5.117830778819885,4.541484967968706,1.322030340481519,0.8548607119024666,1.239945318768529,0.9699124419599278
21406,rmse,16.119904786685698,1.3905996903104607,4.291847820742236,1.1574855192496911,1.4790750842322529,1.5943085422561625,1.4057652659635942,1.3851529139689016
21407,rmse,16.92810999803317,0.9431547701095724,5.407008285511731,2.84339292630008,1.0816091107564518,1.1084395825310775,1.088134460438617,1.0156751656867467
21411,rmse,400.3707938893835,405.9996133283294,408.0424936747811,409.01190130495087,322.9111463909082,323.73087217107576,321.5877772718276,323.03465304688785
21416,rmse,69.58774236806477,49.32692156013439,67.5995928240327,61.83571136487394,68.80568873822358,59.76918486222552,66.38581344438342,64.96039056949229
21421,rmse,23.0446462953511,0.8125796211354157,4.699772940683498,0.952164201525486,1.7244836054774484,1.4624818514324809,1.0992639972616471,1.326519860495068
21423,rmse,16.654115660296235,2.055362775064817,3.718262835914232,1.5858145201465688,2.867466954229371,3.915837104456416,2.738145735256525,3.5158547376922473
21427,rmse,50.91055913126163,46.81787695610604,52.40284931371584,40.40552595596025,27.23070010876687,33.56518875666012,27.13589726834923,26.11393376060091
21433,rmse,58.218860184715886,58.58689071648181,45.98803004309948,52.62773355265158,101.9243657587441,87.07891465587733,114.45702328786716,99.37096875365575
21437,rmse,38.3729151146288,29.269298367103016,28.06659361376352,33.7896342441427,37.55107481972976,39.18252540317392,43.817542884427546,49.35392918201649
21439,rmse,2691.323266150356,2698.682709984774,2701.8588885374124,2698.867667513,2627.4957414210635,2620.08367819315,2621.6775157965776,2617.3805072317023
21440,rmse,15.849954494539787,6.625668816047375,8.973062937492523,7.135467359917249,9.298618605632893,6.9818617799814895,7.252643728460033,6.361482668769336
21447,rmse,16.494664036861167,1.904225758391932,4.440147231376854,1.7500441552871018,1.5876171757841349,2.2277393166030905,1.9605490192188004,1.9520579824860798
21463,rmse,16.82359680651902,6.651553498315272,11.03282257222016,5.34949270699776,8.015423263107603,4.622470750641645,9.755794365734571,10.601856847783846
21467,rmse,16.595074667973552,2.025202845578638,3.588693490249854,1.9747568726003597,6.009596660255384,6.416178509186437,6.211769944377346,7.142881141259132
21487,rmse,67.09517162182804,95.8764221155389,76.15231696748599,62.289463885243954,55.52905509632994,67.24405866683476,64.99653563336112,70.50762224689339
21492,rmse,71.08053985272176,63.32098096148468,64.75545169875333,62.620417862972886,63.33080180109877,63.52710582223593,62.185168689668195,62.41601465711278
21528,rmse,36.47531171886119,44.256772561415225,45.006876908966895,28.890773806028648,44.86241841887746,39.62461851708851,43.2907005977969,51.189606878891645
21552,rmse,19.07364862284917,1.8350585571212308,7.701781138816851,1.9775519625804736,4.363545097403418,4.108624042854192,4.325165134880668,4.66235563550886
21557,rmse,29.17997221151716,29.64160200644234,24.20032723152339,22.242285179360508,21.65520950820122,18.431879634579687,25.617068493249512,28.398473096402874
21567,rmse,28.36169808829117,32.96117293845902,26.870457752948425,29.188720328997714,7.35162897898926,24.681561142620826,7.662168128512753,25.124424146868297
21568,rmse,25.776945188516773,27.75346308230518,22.80910496245689,30.10749808895569,28.684956751777655,28.053425096704615,25.53526490006203,33.44645306671142
21569,rmse,20.33781698065061,1.4262934596918506,7.687105830818689,2.017771047467973,1.7163899018973803,6.166951282082801,3.1094892041828675,6.200514334349339
21578,rmse,175.23209906400317,231.04096223612603,247.77697816620292,160.91318342510033,143.45918484995164,154.4366591353895,236.374459163507,312.0581180043467
21579,rmse,329.82234322209234,268.5963769859812,300.1397522201322,290.85243003206205,239.2985816761957,229.84912712909625,244.71868182466565,282.0291283748334
21580,rmse,18.027129275276984,6.112493250407753,9.199517333869156,5.771798294773957,9.142088497556506,4.769023282564251,4.6983013744154105,5.374495381748561
21587,rmse,53.25817897708897,50.98002725349801,52.7870116749808,44.52347246116367,40.527389046072344,46.59003298463052,48.242360371801745,54.02019563485023
21590,rmse,16.5922878995811,1.841510300738604,4.628324432342512,2.691265072843567,2.0038367860742685,2.018380690149244,2.5263026963132877,2.149806968476575
21592,rmse,41.65087711473283,81.39446851558071,56.6796362388352,67.84309088809265,152.48657125849908,143.97491621233297,181.58334074567242,186.99372531074002
21605,rmse,154.77906843906393,155.84452549638348,151.74530692171152,146.6309219321309,144.90102446488606,143.29725018768772,145.05849824654274,137.78409199314555
21607,rmse,12.471688566098836,10.407171414287948,7.142905688391677,8.78771996721688,8.835028675211996,11.537498651316847,8.0378253736712,8.896457653506083
21608,rmse,20.821600156803665,14.909113422018653,21.82368212913883,16.321298797719635,7.10437971521549,9.370063894744229,14.499884889070254,15.907007749284736
21610,rmse,444.1465609225775,553.0356097012345,475.3292674600986,389.4166426278615,168.7814069143186,369.02316061587527,230.60108288848528,259.2002260748565
21611,rmse,385.6533009435051,360.9350462264713,508.5401865392843,396.85776632748974,220.79165861186198,284.16496049967975,269.2114186624897,448.9753258779429
21615,rmse,19.42065622205898,9.666890443384574,10.527557084215829,9.985669732171198,9.10727438814312,10.622745153268687,9.943789189549822,12.61221004085447
21626,rmse,31.50127844192468,27.438792214966146,24.158631744844545,26.586163276745623,25.213154725074315,25.085266790910783,21.994553881750004,25.524867020046322
21629,rmse,36.29478030745731,35.334541179391934,35.880426287933425,38.39694743364663,28.85419222257155,33.70823056465893,27.630505976267877,42.493720895942936
21635,rmse,22.75902427629449,9.319670667797636,11.967598745821652,12.527326574776882,12.570393322997173,8.609548045511243,9.253424157581454,10.060307540211323
21638,rmse,57.95181828629846,53.297695815078,46.25067681260386,48.01836014600156,55.205837208826175,48.55676033619515,72.0679117539805,65.02070450941427
21646,rmse,14.924953701760556,2.177605650182541,4.19836955803921,3.4610429326748005,1.9144118283017686,1.90783289375656,1.9657451772465697,1.9701750586976017
21656,rmse,17.737433843047217,2.856939507911597,4.6997769960474765,2.352720193242772,1.6256945805243197,1.729626513425275,1.628464828593106,1.7267093969197933
21659,rmse,30.933706385118363,27.80131938254349,24.75873095922804,25.243790325543426,23.1827846181592,23.280705339833276,21.089662845265735,18.854804960341973
21674,rmse,27.961816978506963,21.678211355894057,21.10022778396493,21.338331185399145,33.12966345488562,37.156959821632334,32.33720256275972,38.36732781236429
21692,rmse,17.936001790491254,1.2928540124128445,6.231586964816553,1.5316718806585177,3.669859354283099,3.7590791473761467,4.153102895757569,3.599044874449157
21694,rmse,20.11747456921392,6.58774784307614,7.090618219281481,6.136054197211031,5.164441197453936,6.516957359698765,3.838477086998055,10.053252734338828
19386,mase,3.278168573884266,3.3550422720605098,3.077873195626511,2.6950542555547354,2.204679096458741,3.179968412500711,3.06828168324283,3.9809824058716874
19392,mase,1.7485923703192068,1.8316115467130765,1.670329116829809,1.946007816862088,1.5357065216496257,1.666321958119479,1.6376503633409396,2.209753317046848
19393,mase,0.7309331981872436,0.8640601609096953,0.7928319958350685,0.7703313292209989,0.3471865394054122,0.6261934868677862,0.7512033795022321,1.2528165331946075
19515,mase,0.9049481267406982,0.7753234156865725,0.8118523615326432,0.7808713961775187,1.055923810389809,0.6774004833343773,0.7671470382586629,0.7657417418464783
19519,mase,0.9187290813298749,0.8316188410319605,0.7944988481618789,0.9883735772790128,0.440625230399437,0.5781829110441232,0.42459727627028176,0.5028858265293299
19520,mase,4.907654377951551,1.5458316352032735,1.3233333132160243,2.788507462686567,2.014060316196524,2.0962735487651667,2.338651967088184,2.364923859907818
19521,mase,4.222644342935469,3.300172908709773,3.231252996102053,3.0375292056074765,3.7928693108840896,3.1287471225576113,4.3082868763219535,4.579786100120188
19522,mase,1.3274805656891588,1.18921471513412,1.4794886787487294,1.349490039675121,1.0405732586288683,1.2582930334707714,1.2930596257070295,1.5647181964198429
19523,mase,1.9263208689090177,2.3985184189753035,2.636967061665847,1.3785681402237695,1.8445248692978669,1.511294883808206,1.468541224550156,2.2275793933096484
19524,mase,2.5733158317658447,0.8982552688775491,1.305223736242528,1.1882028665931643,0.5817733494307366,0.36156454373167074,0.7554087414112823,0.8503496950494422
19526,mase,1.8027942322848132,0.3472896023632797,0.6467086497524328,0.3841309941520466,0.2334867377030222,0.3449487857930144,0.22974426537229303,0.39275092944764256
19527,mase,1.931814076985792,2.347881912780569,2.0235951983996032,2.7004219632768365,1.6051173643632368,1.8611784917658027,1.6667565328424627,2.239157180786133
19528,mase,1.9265915507708669,0.9902887665494136,1.126079317007616,1.1723645946928392,0.6534615700720093,0.7274899079004207,0.5174010939301112,0.9367606560156353
19529,mase,1.08750530531421,1.0830135240836316,0.8671914868662207,0.8457032005291814,1.0043947025778441,0.8786151717570022,0.8851920017731635,1.2352621736207676
19530,mase,4.223198979972242,1.6693463069731642,2.1158206522350347,2.000545958626573,1.2073164126542006,1.164757612850346,1.2881345352299762,1.227633358497156
19531,mase,0.7701243721070806,0.8503245824181498,0.6751468190729215,0.649985974316199,0.3825118404908251,0.38853225932260016,0.38740718243540223,0.43675991260316005
19532,mase,1.9096297957794068,1.6740775571004358,1.2657249040716128,1.2304630219060102,1.1342029545211745,1.1398690170692,1.129858439786119,1.2399795067054598
19533,mase,1.3615461872319603,2.0442574056133567,1.859818676536581,1.3922232820635112,1.3306859581736827,0.8431229319162741,1.6225596800436612,2.002903417318166
19534,mase,2.62599914815116,1.6337830100271318,2.158403222256793,2.6769819780305464,1.5170643305100604,2.035561496390766,1.6811163729779013,1.9471806175984259
19535,mase,0.946428759580092,0.4262014516785545,0.6948352312248274,0.5336034810320526,0.5316527779198463,0.3024259164950813,0.24372600159247146,0.27574068451920125
19536,mase,3.371573638714659,2.984807174876731,3.059649165685336,3.036433095803642,2.061064284321138,3.236202081091919,2.720662356015524,2.9005706275904295
19537,mase,2.763228352864583,4.227123000071831,2.8718760850694447,2.4549888888888893,1.1795356650560178,3.4548060850681224,3.9448213866790884,3.4034085652830397
19538,mase,3.216126116924836,2.9704902536012523,3.1825007379326364,2.877634294385432,3.4443284177232067,2.8415201332768785,2.477018089325753,2.8550100952925157
19539,mase,2.212532122561937,2.0871884321214167,1.5372229487490954,1.8592168242582323,0.36037239061426973,1.3089509072565224,0.40887489518048564,1.3029372046780234
19540,mase,3.235378160058848,4.059391452766634,3.895531958346444,3.167914601851124,1.0467661031331394,1.72207810718655,1.2528980712304656,1.5469374512474
19541,mase,1.3302218635765666,0.673571158940343,0.5319582567829378,0.7462488328664798,0.816069428041919,0.8915888148851074,0.8444001048120031,0.8902756810398538
19542,mase,0.8361423416194168,0.4717052029047208,0.9839500500659956,0.6417829385640267,0.22462954219490847,0.4909535276746728,0.39804064562781477,0.48787720899214043
19543,mase,3.425404808721312,5.95076179960693,5.032812987411083,3.579690299585782,1.73442692131836,1.442621984824423,2.1997982786698143,2.676715324212025
19544,mase,3.23852235024186,1.491687396531386,2.708994537266533,1.9803558430168824,3.180292780029134,5.605259897095098,5.75410324666604,7.846688670323173
19545,mase,1.581695980913939,1.948348244936526,1.9094586421871056,1.4052576205908596,0.8034511012974084,0.4955168471454564,0.6206700641974308,0.9555059937497382
19546,mase,6.069348275918989,7.788689043350728,6.615477999789335,6.672031380277421,2.9290924380621073,5.063218985586765,1.7504652827392302,5.246231907656653
19547,mase,1.008910234802621,1.1913610957484544,0.694446847254225,1.080101552299434,0.4561134085271031,0.7571847442578742,0.34941309847833046,0.7975304651523641
19548,mase,0.509484409411004,0.6313617003288764,0.5976753597348606,0.588234705381589,0.20803612746312394,0.3148923106561981,0.39788496031215037,0.46116515927277413
19549,mase,1.4270428016193084,1.110164738270674,1.143892934496354,1.502596917699396,0.8692031099109147,0.9884312503129014,0.5937333561053103,0.44108346139661164
19550,mase,1.2925020669218197,1.2246022114959385,1.168724985988283,1.0087449464922715,0.6654204478114795,0.47989575262030926,0.47563303094589415,0.4632857445437996
19551,mase,1.205834253190922,1.318386833856234,0.9391073407503472,1.4326849267271455,0.4730150082741338,1.0300879895944524,0.6914056808657397,0.9666876791035564
19552,mase,0.6793171472543451,0.9520704789061752,0.7528261490011843,0.6307187696170746,0.736204385481586,1.2564131340619904,0.7096641302183999,1.1403086405391258
19553,mase,2.6613003127171164,1.784932439735007,1.099911242394521,1.9782024597918637,1.5812328179827702,1.6939389494381956,1.4974429341980575,1.5606219451986099
19554,mase,2.607414081009395,2.2310502281638604,2.3042133175921022,1.6163087023611953,0.6500004766054874,1.1551066327249246,0.46991830272158935,1.2549567804330872
19555,mase,2.677819092752194,2.7125502727586697,2.3138454622956077,2.479574214086749,1.6619528765269678,2.6429975005071924,1.4289772670953458,2.4009768838109364
19556,mase,0.9269056932256609,1.015014135455213,0.982607843083579,1.0003992790962093,1.3994472698356568,1.244012715928672,1.30602759059629,1.3997216811260949
19557,mase,1.996692685200364,1.8562982475557943,1.6619362111796157,1.679546987512533,0.8257937345277881,1.5093617068527063,1.2769524835321073,1.5447516736461822
19558,mase,1.90979055727691,1.901558668655456,1.240275834435692,1.8618461998803115,1.9341105863504369,2.037034389373146,1.8107399398680035,1.8997064662306609
19559,mase,1.3889501832696056,1.7768033263382474,1.7620832626103893,1.6700680398430656,1.133882065380214,1.123166971486741,0.8256087766866822,1.0485024704858878
19561,mase,1.5772609183218629,0.842177907387394,1.1649283698174806,0.9594358407079648,0.39058603544150833,0.788831582111595,1.012267485129095,1.1171527035468447
19562,mase,1.2684091463402447,1.274998583969676,1.4268161660381569,1.303250287959192,1.0069820303052601,1.292761254294422,0.9494829145484609,1.1880894315865926
19563,mase,1.279237789070297,0.1720250487587466,0.6144881156469614,0.1793213572854291,0.21492431803060547,0.19723541198852296,0.17202249655149338,0.20600253553764863
19564,mase,1.9339905235906252,1.5616835264857791,1.4751198421650908,1.5718114143920596,1.3980226219934677,1.6373464457735678,1.3467702977319622,1.549010154354884
19565,mase,2.787305880106939,1.09583748520198,1.111839854558992,0.9425650802454156,0.7383059398571434,1.792564007501836,1.173699655281642,2.0615291647430336
19566,mase,0.7271827299820147,0.7241974439716922,1.0070207618391729,1.1182773704382605,1.1546207783544984,0.7657389700471408,0.7382723345596311,0.46991520257802616
19567,mase,1.826528761507635,1.5183107353028744,1.548160964877887,1.5139882216156102,1.5573841527310772,1.4895597887333258,1.5331221956440682,1.6062248703587612
19568,mase,2.2247983526859887,2.370214732862178,1.3483493074212858,2.5340256410256408,0.6880813783029054,1.6842955390492231,0.6417637658863509,1.6727789411131828
19569,mase,1.2662182282130423,0.6229706854442594,0.6085349337410945,0.9411744523621008,0.718916742407553,0.4919012567555882,0.686784056462744,0.4435578620013266
19570,mase,1.688826809052712,0.6374833373105812,0.7312696066004644,1.0681686552324134,0.6840395831246661,0.30745311769664796,0.30761229425413994,0.33978622566940436
19571,mase,1.441832211044356,1.559202529067962,1.4434701471957485,0.9856005071461504,0.6426564682572325,0.8165681188635945,0.4502667383450134,0.859756194069694
19572,mase,2.251814103723441,1.9480425826247656,2.3290291070565923,2.353802457170321,1.2940806422594524,2.0147710411080206,1.847732541536881,1.7752905897702913
19573,mase,2.44569835339775,2.6346634277140217,2.147394032356268,2.975928575343968,2.7576493264240827,2.1907230167262033,2.238797195722314,2.838832865081708
19574,mase,1.590732400955984,1.7746972678891693,1.730998791765601,1.6689973583499846,1.3239905207944997,1.5338907600022642,1.4148970865232613,1.5005622818348687
19575,mase,0.6011097915536903,0.0833231734307524,0.1885391475891842,0.3077040427154843,0.05458571848419523,0.06666370181372958,0.05657165007466371,0.06294668524010079
19576,mase,4.780128007221559,3.8929738867664216,4.979484545973922,5.214712014134276,4.279056614338472,3.801138049100352,3.788724475061647,3.4927173985844164
19577,mase,1.694788672146583,2.331452864102556,1.7702165593028978,2.167593454921743,0.9423780687047321,1.1075566595212938,0.6227258237260213,1.0838704388574405
19579,mase,6.630239273721628,1.5119970593623837,2.188777064407909,1.601093694963015,1.6084259154221907,1.5367395353809443,1.4676840366127277,1.7323950044878629
19580,mase,2.994803950595495,2.052911730557018,2.117569990653454,1.953061575507396,1.8463122902926934,1.2819157112575619,1.8347899650518618,1.9839452317706654
19614,mase,1.418911055022595,1.09422119149228,0.759546018114277,0.8869934640522876,0.6658280791597885,0.7242236947414766,0.6494931794276964,0.576282425671608
19616,mase,3.864929580657515,1.3885387186034024,1.8697168730884464,0.4009844980115249,0.2861059905299007,0.2918104957357754,0.3103510039330489,0.41420343251146696
19620,mase,1.9965062209086928,0.4174555322037785,0.4993816176178277,1.06974692526017,0.4565851395777161,0.38446739261832874,0.44437186629920616,0.4357215593995386
19623,mase,1.6536606434352203,1.6841852482147994,1.647926878581277,1.6816001683501682,2.2767576492732213,2.2151816119437235,1.5870977334329484,2.3469924591559965
19624,mase,2.084925775965035,1.614881652634684,1.8870828374033344,1.6717375274818198,1.5327401601213073,1.2088148760032296,0.7570898339797774,1.1209407382541234
19635,mase,0.0,0.0,0.0,0.0,0.0007461332865129532,0.004300701135520432,0.01380324250757133,0.005197480671711111
19650,mase,1.025435154098867,1.3531601441392005,0.785437014958408,0.7477919320594478,0.9598025141954077,2.2171667328868914,1.744343928050175,1.7068192653521441
19658,mase,1.3149613776825646,0.8313159327090407,0.9994400727154596,1.5802013865962363,1.2619354021900822,1.0602517866590253,1.1732548128340092,1.1827675622615061
19662,mase,1.1696148831360786,0.099128859843926,0.2707263918383701,0.1477756639378915,0.11066429092440655,0.10330073295307954,0.4924058380883471,0.7329217510589185
19677,mase,1.2211969248492034,1.3190193495821676,1.2204373871740295,1.268151045584474,2.298999604836009,2.0979985921990636,2.1253254756428834,2.568840565245136
19678,mase,0.0,0.0,0.0,0.0,0.39996683601685873,0.9912653614902186,0.37612613038898696,0.6917008982401686
19682,mase,1.9507583044145955,1.5789997092587726,1.9864959376170743,1.4905080611823067,0.9354549734030226,1.5003333930866223,1.013438566622854,1.4841087542107418
19687,mase,0.4729214208238326,0.4948215799701386,0.454711797072573,0.5752716484161486,0.4397769638912391,0.5778032287551281,0.503358343318361,0.5808394056985311
19690,mase,1.5540552447970044,2.5362322816174343,2.3992837631186927,6.000942295100635,0.9014006833462055,0.8425491391026021,0.9905135586234552,1.478903157629441
19704,mase,1.963902981966102,2.2306938035927644,1.6743572481043074,1.6177624408778593,2.6082584088973335,2.0475711839414283,2.3101053870662915,1.6416299915498667
19728,mase,5.463006016728398,0.7305488964732497,2.099818688971144,0.6074474474474475,0.6375595528084237,0.7433614372849107,0.6585930145538605,0.715963100169872
19746,mase,4.181479819748505,1.2452957777354172,2.0235572574087723,1.350422469823584,1.0821516626724625,1.1015504856516944,1.1670085602373355,1.411024375214218
19747,mase,3.3063528741761035,2.099180446214169,2.015700286274111,2.204464931885909,1.294481736547648,2.044512180831768,2.0069993291541794,1.8241802268984204
19770,mase,6.6617747333522965,6.834172239846522,7.755986262107108,6.958380299801604,7.217327368840826,6.019958061426109,5.766175871857121,6.213685389100612
19778,mase,0.3741891444340112,0.3078415568483125,0.3239932174448602,0.2909975200678718,0.7624358078840036,0.7058465652618613,0.9211911127867006,1.1353402915655766
19779,mase,1.3340823697864077,1.8531032891491264,1.5253728299268463,1.5949982049901277,0.6210211670325292,0.9819941979835606,0.6546128421856222,1.0167347542853151
19789,mase,2.377477789132363,1.3226237091580189,2.3333559574953595,1.7154725325884543,2.0497156198834277,1.176220638717945,0.9880220364665927,1.006164376740127
19790,mase,1.8537672859166097,2.0837039691204917,1.8083872815172264,1.4742411669820392,0.541561538552758,1.2381354763105668,0.66241957460393,1.4160454992869747
19791,mase,0.8239022280617025,0.970698505804096,0.9686868649958426,0.7725831514395595,0.8334975515842795,0.8505637267166914,0.7786516699678138,0.7533238335511949
19795,mase,1.2594980853978026,0.1404918694265381,0.3163707856173297,0.532068564787914,0.10093440451687584,0.11174517135329502,0.18018665273083798,0.2452543992471015
19804,mase,5.869355270897857,1.4888045268026069,1.919049497353648,1.2839263803680985,1.6737631779494617,1.7430378069980539,1.87090988296399,1.7450792372083779
19805,mase,2.005849418768864,1.872260420616844,1.9886583510027276,1.6106956844019265,0.6967447109506836,1.7664651121306436,0.7180864339032959,1.8463934686240833
19812,mase,1.3014099969524484,1.2145916482459465,1.0836363318598237,1.2372920796752571,1.5578639717285712,1.527121376160757,1.3841974979913079,1.794551876013738
19821,mase,10.082541281682172,10.353487445540193,10.72701827029974,9.831840871781578,6.600546617332005,7.689218473932862,7.605027956537448,8.240024960757028
19829,mase,0.9308184345202593,1.3892230754933346,1.0236407073500065,0.8672063534436731,0.6618828665775986,0.667037419758397,0.6563772403352982,0.9380899895825876
19830,mase,1.3140339547838498,1.124721771039054,1.1053180499158024,1.4070762396322831,2.5799411183016865,1.6633160465483046,1.8460362220037987,1.7894250470417539
19839,mase,3.837946210343748,2.438485990033932,3.1426253281274144,2.6301371094628005,1.8787340064294205,1.6221912612966485,2.0659051038999725,1.3036477759222578
19840,mase,3.194081220127328,0.611552185901749,0.9671806372406624,1.732067817135937,0.2494710330192323,0.3092545618400016,0.44436165308603826,0.503368230083331
19852,mase,2.5906179804799456,2.501669495208207,2.316769868772188,2.5219367726246307,2.8002463097743777,2.4166304399637126,3.528385302166113,4.222039648615612
19855,mase,0.5376427873616465,0.1056969937959642,0.4614204965068205,0.338651475314052,0.16670831034976052,0.09207761769404846,0.18365178109032956,0.16151633728542555
19856,mase,2.84614304430514,1.8593580223778488,1.7354002782639442,2.447197583849944,2.7875104590982764,0.9003928394769376,0.5760094365677949,1.1565002731859275
19858,mase,0.622880529313692,0.5168333791215514,0.4757652288762359,0.6917999326239027,0.2775304051633692,0.5486706995455732,0.2542918482944321,0.46562436400211354
19865,mase,0.9625181497795964,0.4342715980213563,0.5728527675494689,0.6938336414048059,0.8176462070044367,0.699139644977713,0.7581076131363526,0.7588154416134235
19869,mase,0.7487437072587372,0.570651948027482,0.7681584878724615,0.7032892223738064,0.3600215955157843,1.1279657112794472,0.5749604871902158,0.9419499177516304
19873,mase,3.728305520350771,3.984819273393705,3.292612885178218,3.716733355749832,1.876984884912484,2.7748708056522324,2.430022529634721,3.154146423580573
19874,mase,0.5428860584314911,0.7286505562005345,0.4499141901520469,0.5808834657586075,0.45377085811638695,0.4731646528398004,0.48983233018923883,0.5091146657962633
19875,mase,1.035870271184466,0.962421461780232,1.0062395008193594,0.9066591298389858,1.0365856819287873,0.9347092636065998,0.9509045237768119,1.1202522164281223
19891,mase,2.3502457912245323,1.1782578628653742,1.5258729597487342,1.375203430031016,0.6855230848284285,0.7496695886025796,0.44923703850858393,1.0685204837722158
19892,mase,0.6447581601946542,0.2529436517557969,0.26150571844551,0.3757977528089887,0.4116740661316299,0.3342446316494031,0.20206577143865576,0.20595243837354185
19893,mase,1.8578115387873184,1.548643114022092,1.0337242870345034,1.3265622669649515,1.2550354046576242,1.2982285561444242,1.268684522328672,1.2940077500766467
19894,mase,0.5184155065947348,0.4286062258704282,0.356315374087484,0.5425872442839953,0.41447130471790744,0.42403925724695163,0.4281151341186964,0.4006707628711466
19895,mase,1.2075563172121615,0.6890641379643473,0.6568886493397604,0.6494740177439797,0.663338864499746,0.6383892365073026,0.6793085747955491,0.6894738984499658
19896,mase,2.16753202483443,1.3743537538397257,1.5101849832267409,1.470093457943925,1.3199855105280258,1.0151122693332186,1.10043936033239,0.6193266469493958
19897,mase,3.259991740321254,1.066757469139339,1.8812847638631367,1.9852027027027024,1.2569661856413603,0.991941090460654,1.1227069402242207,1.0217116351600164
19898,mase,1.5712849479096482,1.384225083697656,1.499500741661824,1.7229894700662414,1.6157027828760946,1.4678668795675218,1.5781192691101356,1.3604877045448143
19900,mase,2.8918535658343485,1.4071858307534462,0.9609067403577518,0.7987920489296635,1.4479169108343461,1.3471677304441483,2.4086006277278242,1.8481555199228563
19910,mase,0.6991662198099596,0.4570362300759653,0.5347288067227808,0.4827397629310345,0.6204770172159243,0.5245428975088995,0.588289899988964,0.5622088686708708
19911,mase,0.830808400146604,0.6368658788103243,0.5619673836918884,0.597819599864361,1.1147524534472464,0.8180741820750943,0.7993549582494788,0.7982281575318464
19912,mase,0.8642561443045269,0.777435131953546,0.8426749005039774,1.2833478188891647,0.6730840508905973,0.5981025029235307,1.3046470449020326,0.5583486307630958
19917,mase,1.0719550936872002,1.0334875891711182,0.7571399392302963,0.4971389084755326,0.2632594335108042,0.49569066175178855,0.7689719946975757,0.6954309448827268
19930,mase,1.2044994286281072,1.7561333024916914,1.645454039309636,1.3486229595647072,2.0134865253764636,1.207960908485442,1.500382446438469,1.7243502954773804
19932,mase,0.5626483142348491,0.6021583958573672,0.5427795691075055,0.5634016582220175,0.22573367475445372,0.2938099332203704,0.2227141043400724,0.39793876690471286
19933,mase,1.8014324310163383,1.4626455298494652,1.7991698103952627,1.2601598173515984,0.907931157051696,0.9910673871841641,0.6638838502657972,1.103423988195162
19949,mase,1.2071871589170162,0.759238726117302,0.5164438151639884,1.0393162393162394,0.45801387715632036,0.40577930218665764,0.4150743752064558,0.4029170149367612
19952,mase,1.5893126454519395,1.2704642504135686,1.50653333521601,1.4724004975124378,1.6145504700010689,1.357006640630521,1.993800282230317,1.7274834586721046
19953,mase,0.5742072809382379,0.5688164671851162,0.6081950371569065,0.4628251823452403,1.1124570911513043,1.1428938578573786,1.186225311027278,1.1374516577450675
19954,mase,3.515671640484991,0.7876169264261282,1.6191231813054785,0.8207598566308244,0.9629277790440794,0.7529514520587509,0.7663224102513099,0.8026515936641616
19956,mase,0.484194915975196,0.2990341384862296,0.2884804582796482,0.3298587359855154,0.25051174059094694,0.2802533955953659,0.22936041963839354,0.33043286924743875
19958,mase,2.511461365129898,2.8673211659866795,3.711738986079091,2.2347223625849195,0.8336944119016253,0.8731480036677982,0.4847775329629302,0.6406441936840861
19961,mase,2.7259394294504906,2.6050834578908755,2.4949057178084866,2.1195485531127263,1.010833827293215,1.807057109423495,1.2624922606533782,1.3886772382160764
19972,mase,0.9506702574874109,0.983765999101378,1.0862710937580948,1.1853846153846157,1.3850469713087203,1.1732643094413724,0.9341103389759505,1.1835455453475598
19976,mase,0.5772810663898105,0.5444956721567065,0.5854532272239725,0.778322504430006,0.6724866459161719,0.6915968435781973,0.613588141711382,1.0238885224363994
19977,mase,1.687985061658308,1.8895167394992387,2.237978987156445,1.6442118425444017,0.8189278564146859,1.3068048436819868,1.4395079693550323,1.2694856792087401
19985,mase,6.690329510857077,1.0596698816245729,0.9730801908829632,2.4897082352941178,1.258354127500061,1.2518478163938875,1.1183691352094391,1.1881295862262347
19991,mase,1.6574451902865244,3.059342501976753,2.5976395526216893,1.7202353726869948,1.5536242995313096,1.347725619429687,1.4110678960359246,2.201474402265869
19995,mase,2.9814224486168173,3.831086400847768,3.379498248676831,3.8542037241210334,4.021791189657069,3.7177080955631547,3.9837890156749762,3.9904170958680085
19996,mase,3.5070526155808635,2.2456678573007736,3.190722608335928,2.5199490069779924,2.355656513781299,2.166390667279049,2.6626958780498575,2.9024790130631613
20003,mase,3.929939434623512,2.1809329103895068,4.127173587342297,3.046774541531823,1.81803031518107,2.8458482172368287,2.1893744360667604,3.289644253678307
20005,mase,1.069773734939076,0.9838755772067924,0.960478038321321,0.9059158758402532,0.6928587682257801,0.6114176793582458,0.6184603276706393,0.7001852054660463
20007,mase,0.6328073310219873,0.7537056428529502,0.7751644973369668,0.7887145195097522,0.534504706440886,0.528614644100394,0.5694507992838925,0.7451737660401176
20010,mase,1.6193866392121048,0.9260049626969972,1.0893900149668618,0.8003912800447177,0.8394480791086588,0.5996861465820859,0.5759532282377768,0.4291428519245941
20016,mase,0.818832670940208,0.8472293339986013,0.8751582468174828,0.8137219469302894,0.7827906740831678,0.8922582318717968,0.819988775242772,0.8786845004571133
20017,mase,0.9829112600052644,1.3671531547217852,1.5681480791198297,1.189654005049346,1.0714658296935442,1.7901456989168383,1.4255780767312825,1.9819009229443925
20019,mase,0.3924906336846043,0.4594102806472536,0.4349335121673533,0.4122802653399668,0.5345610660260508,0.5298721961314681,0.3738591570748048,0.6343957377384246
20023,mase,2.4276921996498912,1.5304337169002755,1.6155196996537955,1.7441925417381807,1.767515052673326,2.610244479081586,1.8243379045881505,2.3104581328859086
20025,mase,0.6246772326815382,1.1473082812375317,1.101399867325821,1.0068581225889413,0.5295672306267083,0.5760859444421041,0.5740529539527283,0.706035253330415
20028,mase,1.3424358640516303,1.0075627798300069,1.16075782561106,0.9764833261152016,0.8968152541420377,0.8449994066981021,0.9105094225698862,1.2415341971601022
20029,mase,0.1448413889858379,0.2792986234082503,0.1681987548868307,0.1326508463755972,0.2230701803646188,0.19578291837098258,0.19301806684277636,0.18297390330361124
20030,mase,5.61678520185218,0.2954746731661012,1.205006263980038,1.3405593607305937,0.41896322951919734,0.5311825700189876,0.4251283941597775,0.5804814319500978
20034,mase,2.6927174442876,1.0832854012069204,1.917837608687199,1.8107276459854016,0.9033445314189233,0.8931219997390537,0.8745329140263268,0.9343335386803744
20042,mase,1.0271569958623543,0.7190099843795635,0.7271969755306656,0.6403958092206791,0.2671939152994274,0.25634516922780026,0.25382432875073985,0.49498952198543666
20043,mase,2.9584604760119606,0.99087496493265,1.0611793782107382,1.115063752276867,0.6433815588427082,0.7052064245950111,0.605775298099483,0.6718724383392982
20045,mase,7.454691260031821,1.1878416343072928,1.809839667560898,1.197663551401869,0.9707239628268883,1.142642584165799,0.9801295167600775,1.1260777756019877
20046,mase,1.3919231777720216,1.4105291952137025,1.5680570496136683,1.399684913982293,1.9997966988551181,2.5511008563530937,2.7869230420766042,2.389205815419998
20057,mase,0.8074014306348504,0.5793314380731022,0.6474114414631702,0.7733015917471877,0.457483363651971,0.5266838297676838,0.42660318868612784,0.7142721440992145
20059,mase,1.732545618891825,0.852332266336704,1.0161324781893142,1.1807675711559205,0.4805093496078384,0.6434539429242835,0.5001187053265799,0.5346184654115794
20064,mase,4.0430492136666345,0.7591397298902827,1.894950394843265,1.1160588793922126,0.7016951994791782,1.0429860755362514,0.7069830029551912,0.7547367907430823
20065,mase,1.9185288685626285,1.8131579782447675,2.3190954440525844,2.156212193797707,1.5348534869332597,2.0710971538837137,2.1058153331789193,2.561607534729178
20075,mase,1.5497164782355812,0.958730706717371,0.8693372702957342,0.8023392612859098,0.8702238337343884,0.8914665648439727,0.980283982941335,0.9267158464803663
20080,mase,5.112978980743807,1.685179828333492,1.4460061397427826,2.031785130718954,1.683004923059483,1.2403339997686522,1.9141462090039494,1.2846836114170577
20085,mase,1.2221354606617687,0.8262008868199396,0.8166359800341916,0.7577515662958699,0.6275750748701986,0.5991213888270245,0.6782662233551552,1.0037856003816221
20088,mase,2.301698643931683,2.151564411009701,2.345736030230676,2.0568880810751264,2.2993244573170077,2.2890015422330516,2.5282097466032654,2.7006329722172313
20089,mase,1.4823795526876469,0.2668921780698143,0.6436591466571255,0.6467520959716447,0.3308747862252753,0.3829336497123757,0.5486281150378005,0.7325318287823515
20090,mase,1.47779143764501,1.0572401869039227,1.7710193945191477,2.133261604326273,2.6809562005777523,1.7285286489506464,2.217144547093285,2.1969608342986002
20095,mase,1.106471347041653,1.0202967477145837,1.298842487486335,1.2108744934373676,0.8262208322771275,0.9425555837325624,0.8708389035200698,1.0000798791775716
20100,mase,0.8063004504965873,0.5288014691562603,0.6129335389096303,0.4837105211563824,0.4813368500537231,0.4031955290240008,0.3917164308453211,0.44301602203632867
20104,mase,0.7841506471928561,0.915232303384234,0.801133410758145,0.9661101516023796,1.5234165393080934,2.0598335067519793,1.7235479784671455,2.231730815893693
20105,mase,1.0049239580904077,0.4930684365923567,0.2854140425598246,0.6371144278606965,2.218373632791221,0.34368498196510433,0.26335997418010737,0.40590797587233457
20106,mase,0.8845363980012019,0.3116786635547162,0.4117450025738101,0.6910096874063718,0.35430549545370477,0.5597383878143508,0.381437796095392,0.4282668691360038
20107,mase,0.5406276478780062,1.48466139493367,1.052287963553546,0.824705395636459,0.5327774233090627,0.6793811011945572,0.5425128744275176,0.6580109316580509
20108,mase,3.4022188642895768,2.941898837715438,3.2735796312282446,3.2739770517308444,3.4012676164684152,5.0255687769370185,4.293103847556755,3.806227927582913
20110,mase,4.156459718786656,0.5552321954219895,1.8197351677171385,1.2123523254075073,0.7801128906494256,2.135255967028076,0.9099636208732057,2.2327943565321444
20111,mase,0.8005823760109071,0.9070548917799544,0.697471730351234,0.5850382544630206,0.2882216448348411,0.2728042808405078,0.3178861974533309,0.5119254028810731
20114,mase,11.128714937816635,0.4917199466595219,1.547514937960782,6.384693486590039,0.5314816967280889,0.4845515055674703,0.5656800114788773,0.5732550255640257
20116,mase,1.569941210360701,1.8734951661563533,1.8746916094800257,1.6425446378618584,1.867136295407448,1.8024019261364148,1.7330354134954418,1.9894740653885232
20119,mase,1.2720785589143626,1.3068290464282033,0.856994151930312,1.021549577988224,0.6690451625737392,0.7758023078233374,0.962186428635184,0.6490156081449096
20120,mase,4.659134098990093,5.220357449036585,4.433846940350878,3.3770794192997435,0.9034028662238947,4.108609650690998,1.300530455216749,3.931022087335757
20123,mase,0.3497364862708425,0.2438461313384989,0.3721436864612508,0.451792249119218,0.1413671898250663,0.13740038058533488,0.18686422795344995,0.5578761082536767
20127,mase,2.8633404723388485,3.063870994780346,2.692670154709547,2.2535217502341025,2.387564147272032,2.6475427132247824,2.8307420803278007,2.5518765199412528
20133,mase,1.0834459669937244,1.894193377622968,1.2538981541024912,1.1655430711610486,0.7733923856952527,0.7392782687905991,0.7283718915234293,0.7935942171158676
20136,mase,6.02813707451075,2.2065255354838182,1.4587994494450005,1.660849875930521,1.6810700578033608,1.9381649702314345,1.377647595430808,2.1815686459263794
20138,mase,1.4232197246588694,0.8712222686588,0.6708198413514255,1.110019493177388,1.2203397178701219,1.2599061330159507,0.8872409068290541,0.9535994264173162
20140,mase,0.7883720735946255,0.708948699161219,0.6215253688694201,0.6172553801746502,1.044276723490168,0.9907586944596899,1.3560181412880228,1.6317509938960026
20147,mase,0.9531896431840724,1.012606453606914,1.0918669441714213,1.0513478365096487,1.0520184390519838,1.164930572778009,0.8585930460436402,0.8694083492604145
20148,mase,0.4095467936956893,0.1476250988963855,0.1957500940774495,0.1588602150537634,0.1210889626447167,0.15040105762086717,0.1647614211783285,0.11959304456872066
20149,mase,0.5532924689011929,0.4025888703584504,0.4741901172412647,0.3492959626292959,0.39716472226318417,0.3681939044228891,0.3433047942913629,0.5827038212212259
20151,mase,0.5285690153069389,0.6855567143360446,0.5690284167365118,0.5603072483449328,0.722430267668987,0.5780894931940788,0.711529763734569,0.5649018574649032
20152,mase,1.7332393171330789,1.630749036766432,1.2957539159961664,1.913883648342029,1.551667372940359,1.6771713511140303,1.8107963308849702,1.4365803798849832
20153,mase,2.592449922003341,2.061188265307011,2.0876055117006658,3.508434886499402,1.9062422740133875,2.198572202624885,2.3416489566465595,3.7056634817516105
20155,mase,1.5814668453974403,1.484218827069309,1.7248914964287023,1.5192192143219545,1.463853597017968,1.9872676163142384,1.2642397357712996,1.911152331373267
20156,mase,1.415281594157758,1.3882512948048362,1.2425914017742534,1.3887927891432046,1.4537704849575956,0.7493429795086021,1.1537729079211503,1.228604749794076
20162,mase,1.4041930995118714,1.279256687567937,1.1844138712692474,1.8147696476964763,0.6700007208765859,1.19540889847054,0.6399124069243199,1.1409182550356234
20166,mase,0.8355837950943904,0.7493648476855657,1.1271824991623751,0.6718073209562696,0.7196315921747735,0.7353548425525019,0.7561854365013282,0.7873528729889184
20167,mase,0.9701460874834572,1.1178994988428983,1.0186601228209256,0.8820797442319833,0.6976666574951103,0.723944922698328,0.8806677685485278,0.7901493079925525
20169,mase,1.234842689757178,0.170573873549508,0.3839536510751253,1.681035698263155,0.23547350976324719,0.2252613634492876,0.33615637034336227,0.2297846611407947
20170,mase,4.885010379983247,3.373865392203818,4.847463261376846,5.346538293216629,7.62556968371769,7.0168887415913055,7.930124829582364,7.558990979351152
20173,mase,3.29456184817365,3.873030835530737,3.766080932743241,3.065010068153656,2.503874105148599,2.4750868833936575,2.5547694119969857,2.485649042708575
20177,mase,1.951957946435915,0.8673129117093313,1.15348869632555,0.8744634111207146,1.5222452814986067,1.0669555521177498,0.7346834338915889,0.9161324461162714
20183,mase,1.8856722751903117,1.0959144389408,1.0720605545632116,1.048876651982379,1.808037199214835,1.4589889980809931,1.483424702542754,1.6295252499574922
20185,mase,0.5308988898122018,0.5603704122111077,0.7078577335088891,0.4559542004473927,0.21171905840820696,0.4209536799296554,0.3559013932373713,0.46691531791430996
20188,mase,1.5754981987806287,1.073866937716505,1.2148902952764329,0.9485801475519788,0.5921072573071496,0.5637215960530766,0.5437654690428448,0.584090128273567
20190,mase,0.5844198524302915,0.6728353764909876,0.8167493272432482,0.3136167041790863,0.6560307587124576,0.5283155551146327,0.41454775124553694,0.44802515866212683
20191,mase,0.639480241721206,0.3768962678163432,0.6876849479836755,0.6803305923812719,0.3356055354856857,0.47942165269414416,0.700394548225264,0.7320545831924873
20193,mase,2.2232715015361983,2.297242113703934,2.029573057388492,1.9684646688864225,2.2134414345615223,2.1240955336705407,1.8604060917799115,1.7418107675925631
20194,mase,0.6776743227878347,0.5713584362079106,0.6519339387356669,0.6554267453294003,0.9639932804833263,0.9939426563541163,0.7631186394475407,0.7926864013967659
20195,mase,1.0359190488472962,0.8721286860101299,1.0341926022217824,1.1222541065705127,0.5264766922602417,0.5655436570530106,0.4970485092395521,0.6181941576037524
20200,mase,4.807549712328653,5.854851305316931,3.906715493628538,4.833529193795988,5.96768725835966,5.629893378215849,6.217250636201273,6.358493125671044
20201,mase,1.226731060770613,0.8875476209880453,0.8240196291266165,0.8730047040672787,0.561150250807513,0.4198985860839341,0.6942505920958473,0.3965100255939027
20203,mase,0.8106096855920625,0.6899565090186742,0.7958018391968293,0.7928469830981479,0.9018418915893475,0.7909162018891678,0.710477159540735,0.9940239674076968
20204,mase,1.0279286953212747,1.1548770306624998,0.9776538005701088,1.4264638836445005,0.9975633236698305,1.0542699266481204,0.9790133693678058,1.2287952094129453
20206,mase,0.8643664602924805,1.2198626950961309,1.3995347477192204,1.1109867984383153,0.9248973755840321,0.8353553046492492,1.0651751059726873,0.8579903993846318
20207,mase,3.1485358646937778,2.787033950717439,3.1233148928041805,3.8631481481481473,5.238009417498553,0.7212985664362886,1.054299790740986,0.9366254750243986
20208,mase,4.592816161676133,5.079356733204008,5.279156625846244,6.9490488358887,6.426686206173178,6.9700488975253885,6.657643142095138,6.863650067292773
20209,mase,0.9619848031358068,0.4179137919526299,0.6337271267999337,0.2765208960908556,1.7838699920129641,1.6664584468633876,1.9076923927809928,2.337143299572789
20210,mase,0.3867191585142828,0.3755205305260549,0.426810652326327,0.3640218271731253,0.8148474050371833,0.951451874850841,0.9003932770718348,1.1336642329612474
20211,mase,1.9769789295821287,1.5656469801889992,2.086030083393545,2.2189891329479767,1.5771415912135718,1.7094154379666424,1.946054092907033,2.4784726637764933
20213,mase,3.3809952763250486,0.6385414972644057,0.9731580965579694,0.5617380285447512,0.6474924068374328,0.7296563970994758,0.9954755497744763,1.099598788832086
20214,mase,0.4547564835077281,0.0481353556711894,0.096738564668017,0.0666418904705139,0.11210774094572376,0.15546471602446563,0.12051532095099911,0.10683403096280178
20216,mase,2.6917760278915988,2.049207517764918,2.15936928288159,1.9660602798708284,1.6381217414519242,2.0809599866480393,1.6357935634102492,2.0094951359995554
20218,mase,0.7215875779854719,0.4841337216397181,0.5472377019081572,0.6072199496538704,0.44286230534611576,0.6680682913198864,0.6235693861609088,0.8852957445778952
20221,mase,2.67251725945182,0.773134969826742,0.6456136474658852,0.454124513618677,0.5213981315343067,0.5227805756077621,0.49161438084611986,0.6620126042221531
20222,mase,2.9737458065114417,1.0183034366403017,1.4716614472274974,1.0656225117625766,0.3661655985189582,0.41986843371968474,0.35149400593848207,0.4019122985044228
20227,mase,4.883368364284145,2.881402629394984,1.9676275160230607,2.7757233350453685,1.8702466445696633,1.6502079610217992,2.1188614022954124,1.939659074868157
20229,mase,1.6803667429141609,2.538832850605327,2.2981296905227646,1.9935473490652773,1.8370092828798186,0.9530855831916101,1.0346263928748582,1.8273807862988947
20230,mase,1.6408574625026962,1.1258336816102503,1.1330072575876644,1.1692433537832312,1.1492114557891617,1.195721521618095,1.1276342811922517,1.231051899416559
20231,mase,2.164459148999923,2.22306386411092,2.5630103235510378,2.1949380053908354,1.9331385983503946,1.615170458427765,1.4016035119371166,1.7390539702272372
20232,mase,0.825495232178537,0.781123442114548,0.6887433281527253,0.7135832497492477,0.6520922127394961,0.7533633547669919,0.8452702085137247,0.9034039607803174
20233,mase,1.204154615874548,1.049594114690596,1.476570277991531,0.8429811590746481,0.44606575804808246,0.8365131144769788,0.3553676495816466,0.6816635083210096
20234,mase,2.8485887921045694,3.19358291358813,3.2129690474229102,2.729685652038593,4.912647639802307,7.266765613988198,3.532909374331953,7.0546474567495565
20237,mase,1.329684648330074,1.248076226508502,1.1781645611720133,1.3695276926444833,2.0417126492936943,2.201779316412135,2.5921226869117855,2.8443206678668385
20250,mase,0.9392091783505608,0.8211383429632427,1.2338918488785766,0.9245827051840984,1.369084047448685,0.932302863486283,1.1132541477117035,1.5283541359814465
20253,mase,1.113377950228217,1.1664110284640403,1.0679522150101115,0.9814782433250387,0.6172750004179792,0.8205141218619824,1.0732934720209442,1.6665390569427772
20263,mase,0.7658983606065572,0.0325443202516247,0.1485001292816117,0.0872011993382961,0.052801885430966485,0.07122134530930463,0.05006187398924604,0.10874199084860249
20266,mase,3.3187632149512614,0.3912925144565736,0.8979654698561456,0.7594220183486239,0.7593956811755311,0.5747504118555177,0.5767435601501126,0.7274536063023308
20268,mase,5.562739601841679,1.119434434515533,1.4572525888523726,1.1336111111111111,1.2644460094246996,0.7411256871563797,1.3707358678649797,0.8723662663886207
20272,mase,1.0790308150300192,0.9726237041403072,0.9868069049863109,0.8137605049907509,0.42896546030815186,0.6952523491903712,0.4388543349418966,0.796394423417899
20277,mase,1.847781615357716,1.5807507312429483,1.7291776478303829,1.6447542510495243,1.1435465757874235,1.3709398686200722,1.3066188695330272,1.4078029910266627
20278,mase,1.6557941231676323,1.728477920291123,1.7182642413723852,1.5151075268817202,0.5207271268290857,1.0739294995543778,0.6654975337366904,0.7074381612962292
20280,mase,0.2926493794506223,0.3315643770208838,0.2975221691991933,0.3528079936311494,0.46509869067614595,0.5781257767232036,0.5258033758942556,0.5189489851110299
20284,mase,0.54148239713546,0.4932697815589262,0.3866872381326179,0.5145968948435785,0.5171292315525023,0.7457167559252303,0.694936192316372,0.5883232260751712
20286,mase,1.500005998457888,1.6126993396673233,1.6679299972508763,1.023553581343698,1.1696444865028077,1.1757315256863259,1.1159065191353734,1.60690270447668
20292,mase,2.835226621302572,2.145797660742834,2.412376542295953,1.8664755225522556,3.5482465821485976,3.197316362948923,1.4136942354883895,1.691907498103671
20293,mase,4.432824820403421,4.821795514292838,5.052890839526623,4.160726953000637,3.2371766049245445,3.181623508958787,3.5784936498226556,4.387463311494368
20296,mase,1.658907232657779,0.727686141449289,1.427901809836528,1.376140350877193,2.5703899219379664,0.7065467388309234,1.2208307860833914,1.3517985707870899
20302,mase,0.0,0.0,0.0,0.0,0.014090499717535645,0.01917539201257949,0.031185447765256412,0.028517169284931494
20303,mase,1.2442360377933706,0.4192569663017637,0.7779133218847273,0.8948012840801195,0.35935846455805337,0.41408826046316866,0.4077577782521493,0.4318043604136298
20304,mase,0.8901594994718038,0.6422689948769446,0.6179254616038754,0.5839942887279557,0.7519930175613234,0.4044683924370854,0.38475771576762363,0.39765971814163853
20305,mase,0.6270651018630704,0.2551101733377353,0.3166191511557915,0.4525277248965037,0.2738169878497558,0.32539544118530583,0.2957097765416508,0.4068594129340517
20308,mase,0.3533616625207091,0.3815890232247409,0.5564413056704859,0.5208001134861806,0.5273569227638469,0.5047873670779139,0.516253597549743,0.39941521496676846
20309,mase,2.4585984065325475,3.258810786525389,1.2877772911415897,2.6050275027502754,2.2715893772894464,2.1743878480992365,2.091718102024743,3.145358690890647
20310,mase,0.3922165110834437,0.2935962753746903,0.4665610399954627,0.3944586825719495,0.5916978564135349,0.7174132386350395,0.8124567778326601,0.8877518979777854
20312,mase,0.5909278326672404,0.5759114136267963,0.6298966578908302,0.5622338907014682,0.5437155007053208,0.6257946866452668,0.5944484529530342,0.5897310281900743
20313,mase,2.0717068042059488,1.90617316638142,2.097301183867192,2.0289944868532657,2.7484813022225176,2.513824079296867,2.4477379211689545,1.534153799676622
20314,mase,0.7606401864118706,0.1108783298410069,0.1848257073201912,0.1799088937093275,0.11248240939499252,0.1834113318235605,0.14817108910103313,0.1651913994186997
20331,mase,4.200441828757086,0.7008675207020207,1.0979089436282117,1.6288192771084338,0.26511233029963216,0.7108472537496326,0.430354367511907,0.8803408224673622
20334,mase,3.245964864874801,4.002863511597702,2.6277307226651807,2.947426209823797,2.007164968705912,3.9176725257371467,1.503803984607185,3.7088795356332755
20335,mase,0.5925959353497072,0.5825187625326621,0.4294496172362985,0.7688803556992725,0.9995131260042593,0.8750104965851397,1.1301896191131584,0.5324950895358276
20344,mase,2.1915200566466653,1.2781126988120464,1.913450131038888,2.324896105151252,1.4650186914930807,0.6594337617485745,0.8927961372652486,0.5533596196243288
20348,mase,0.864886357466616,0.2086779027236764,0.4244876357102641,0.2979861317483903,0.3221239157000903,0.1676173074068555,0.12130353600458184,0.18478488492407075
20355,mase,2.0293436876759285,2.2593346326949155,2.3120077694781447,2.150982029156526,1.1287513137030754,1.8805132099182278,1.1262697161095336,1.93878779393146
20356,mase,2.488719416599648,1.4745674935322848,0.9954855526194852,1.6142459150326796,0.7164873896081463,1.0126054651596967,0.6527708122153687,0.6178076943540884
20357,mase,0.6429646915651562,0.27335023028851,0.2778616908847755,0.7327863771129337,0.34510321373117153,0.24774733658662396,0.2870776180234873,0.45465660653370077
20359,mase,15.502717295000627,1.0888231937521191,4.4597545198855855,1.1106451612903223,0.31282555842184806,0.4299535041934138,0.48942954117829374,0.3092898923952181
20360,mase,3.3778784276954683,3.8321074797532297,3.860144967006972,3.3830544488711825,0.5934697910038604,2.748181119454817,0.9477041279595347,2.7253000268826177
20362,mase,0.7122753404681825,0.3919278812624178,0.3958959935131221,0.3073894189071985,0.4952794985439369,0.24022976246730157,0.23240709043835364,0.32013261718988606
20363,mase,1.0715449777787514,1.5264351644248957,1.3817133156353378,1.3835767306761335,1.3077227510105331,0.7054588111685404,1.0513620411889992,0.6478912356659499
20364,mase,0.8798425307171229,0.9990545229149612,0.94307698939044,0.9680928834593756,0.817715986410957,0.7048547595497576,0.7425937928798195,0.7393496304628248
20366,mase,0.5756237714087824,0.4632148597171406,0.3340645949835039,0.5020832983584399,0.5215602002331421,0.650695834444566,0.4382511184807036,0.3217292301585849
20368,mase,0.3959719879186336,0.4814043236248177,0.4953088070955939,0.5112282832744405,0.5136185421824935,0.42911332868646024,0.39447160841140994,0.5151611848088365
20370,mase,0.9767000538159122,1.279339304385082,0.8408310124719112,1.105590095051605,0.880525258865594,0.7387918108837223,1.4870680126052875,1.6862677779789539
20372,mase,1.57995297665379,1.4608803429849195,1.3946218549252145,1.75539975399754,1.51850488269325,1.1142121249220625,1.2490385299874454,1.4414260824075815
20373,mase,4.35027211096979,0.7346728633524563,2.0102351011768467,1.355467741935484,0.32153154997827016,0.5127112561601631,0.2990698438929761,0.5617366674239103
20374,mase,1.4945471014711535,1.492257484306273,1.3488542076770331,1.0559960839377038,1.1606783571120203,1.3354491613333948,1.2026785827627586,1.304712246034872
20375,mase,0.4268207618203194,0.5012997739131572,0.4839510835252426,0.4069149711952162,0.335084195583455,0.3810244605189881,0.21628018125634982,0.30937077348790054
20377,mase,1.3647141978832376,1.2833995673179166,1.2233066888523227,1.2457749741615882,0.675583642172059,0.7718428516892638,0.8799917125828938,0.7480867476984668
20378,mase,0.5088990232883079,0.6844234050408095,0.672997030395832,0.5120180349746648,0.7446642748101849,0.7229536112358282,0.866427857353112,0.5652031133709727
20380,mase,2.2219881725606023,0.5404210342314951,0.8699180482036286,0.4167289861681106,0.4656399569387508,0.42709569015282656,0.4114231533474393,0.663020277063285
20387,mase,0.918660249729031,0.9930490171858531,0.9674354718217204,0.9103301237964236,0.8639952144848715,0.9471356409657021,0.7751061934908434,1.0914890915407547
20392,mase,0.7743703110274004,0.626736663527823,0.8530267713218055,0.4963581055712634,0.29649060028685026,0.39516487434614783,0.33458347257505017,0.40892437810367077
20397,mase,1.5895883827954658,1.6487354166680233,1.6441938833544698,1.5889873181150715,0.9602295490980784,1.8744159155667628,1.5359674105191639,1.020641119293893
20398,mase,0.3263387193973179,0.1970457770704984,0.2115872133413926,0.2041757613232338,0.6695576418762209,0.37249764955727055,0.5733470221539051,0.8175425914506737
20399,mase,1.4746969164359205,1.1657048490518755,1.4008063799656472,2.0895331116652813,1.9967033353202788,1.252035178973045,1.9387369131113026,2.358141548189766
20400,mase,1.912400041893454,2.0031505919940544,1.929149083633083,1.9820970626899124,2.4065268851382378,1.9913087775367802,1.9339605055050042,1.617780267747739
20401,mase,1.002631543272129,1.115801748783312,1.055399227654071,1.016352023636245,1.4179241100618267,0.8271852383381411,1.0457468529892393,1.248756863563625
20402,mase,0.5197346446008299,0.4664589926979516,0.5070086013941051,0.5038293399490762,0.6276477921195587,0.4923399733325991,0.44526942415175097,0.6073645160419678
20405,mase,1.4557722171623548,0.7556443370861153,0.926279996540732,1.374431137724551,2.5521259121708684,0.4333618202724972,1.0131648138120726,1.015189034086806
20406,mase,11.128721088610195,0.5348402513041006,0.9998551585172352,2.127747368421052,1.1055394371582983,0.44099275515093445,0.5256502731734085,0.5231713847226335
20408,mase,2.4227837071274263,0.6948303518247786,1.154624312212973,1.6648484848484848,1.216561429908508,1.1112209702318188,1.44371686960128,1.1187999043186208
20409,mase,1.7332839415906995,2.106377361114204,2.906122374956356,1.8886821608952225,0.8054719413446664,1.906515250482583,1.8044730572059593,1.3744169844335017
20414,mase,1.1193928323117248,0.9936877277275088,0.356644223248708,0.7557230825762021,1.096821421060125,0.7835587229435743,0.8790665519379908,0.800339154173429
20415,mase,0.3683194442375761,0.0841031470992913,0.0861007937491203,0.2404391394046566,0.14734054531864121,0.14673614200157456,0.36214386912620006,0.5622828104643955
20416,mase,3.6648981242846927,4.759550070294112,3.976408611179477,4.488622367938744,3.448866058271426,3.0252411296962842,2.3867121782528176,2.413355174988992
20417,mase,2.4424255703403626,2.666525071416044,1.93175967344622,1.943960731242156,3.0146024725922667,1.686456207662246,2.0761378737257252,2.3514880625265286
20418,mase,0.5562169370946846,0.6533561075412773,0.5656182102453646,0.5711734920079337,0.6417475006269637,0.541010243486635,0.8076379206352781,1.3080232439721244
20421,mase,2.1946604618379166,2.3423951473204285,2.6006288800598445,2.023685083871392,2.0088079166154214,1.7713419160526316,2.1640572802013534,3.313140806807107
20422,mase,1.9481652013698785,2.188690764043999,1.335478439007766,2.17259113272474,1.3867594787192197,2.403883642105802,1.3773727181999265,2.4237419641464677
20423,mase,1.1141109176933637,0.94287033563471,1.0611279429504576,1.062890296964392,0.5749331375008359,1.4232891865218218,1.0634274319290535,0.8275902341064967
20427,mase,0.680220833592242,0.8671046362033702,0.6160646008632435,0.7956730584390621,2.430756924338153,2.1789336519778684,5.0622359380854824,3.414548798130174
20428,mase,2.8947989213970344,0.5825506346202397,2.0438620759698334,1.376611267605634,1.1602821839927653,0.6405090227655451,0.9627302706259653,0.6988012872246081
20436,mase,0.8714358536961071,1.2912057346851056,1.023690487330895,1.2031503569169604,0.8063212844462663,1.0050288198916577,0.7779174952910257,0.6586096325434034
20437,mase,2.4008101201729866,2.4685940624908245,2.8105254192756712,2.444910544665038,3.493426325390134,2.3654615997795485,3.5619844220291195,4.294847225716354
20440,mase,1.201817876113526,0.766440462216517,0.7495387633006702,0.8732716049382715,0.7233666507939801,0.8070585933732398,0.8821162378721623,1.3887604053416975
20445,mase,3.754430307007232,4.10498879706494,3.7962872367076463,3.638035265136782,4.198563255318717,4.197300876909768,4.1982781966637965,4.1948503587322925
20446,mase,0.8066139055750379,0.2066033393980573,0.5251292281768017,0.3099004336937266,0.5006207182437559,0.22748452617816953,0.22486063967944867,0.2215541484654369
20447,mase,1.2432251288381757,1.18674130387822,0.9608808922531318,1.1181695599814727,0.7848622792528915,0.917498444499298,0.9438988016008771,1.072609145273269
20448,mase,1.2458872079190304,0.9341093630031664,2.1394119704164747,1.8786493741806736,1.2170389328904385,1.171864281102121,1.3406552108869612,1.7969367703505543
20452,mase,0.8080903398950509,0.6008825318024764,0.9830107171362462,0.909219271459528,0.8446768041156744,0.7262012514143067,0.7322823556272402,0.7820038919478193
20453,mase,2.408678711405513,1.9651551871095072,2.5879156103208585,2.109902097091878,1.998709908124224,1.8432711205886967,1.881681852899002,1.457535220274931
20500,mase,0.9060220521918212,0.8922026688338189,1.1226369025652216,0.9178368061704346,0.9865592238296473,0.6393562163272167,0.789123360008172,0.7667181713206612
21007,mase,6.580309549967448,0.7690738407649041,1.1979389041662216,0.5190740740740741,0.7808722988082499,0.7962026270833871,0.7775732193580687,1.0648709623464787
21008,mase,0.0,0.0,0.0,0.0,0.06068853948308134,0.24736592961453843,0.21202066574973621,0.5106723719629749
21035,mase,8.166229207679708,0.4222942633934585,2.8655802623304742,0.8153439153439154,1.1557471472262337,0.9500569102649169,1.0777174626756265,0.9951692782108139
21040,mase,9.979646615579094,0.716609503072107,1.9584852515811653,0.609718309859155,1.6580510150883847,2.39605329456914,1.4089139729624052,2.1317166820796514
21059,mase,1.0120517511417635,0.2347672236584681,0.3037085408542514,0.4035685071574642,0.1565665525634672,0.4401688361744063,0.14769951301284984,0.5157847019766713
21061,mase,2.195305188686488,2.7519266386093637,1.8575759569200665,1.6392019517484413,2.7291368172539996,2.203827595906735,3.1786934245316822,3.7431029851438264
21080,mase,4.226598713979958,4.306794106644109,3.3844072630462176,2.865800219101683,1.7170924263463523,2.7489589443972577,1.9590213998604,2.1257655152108046
21084,mase,4.190699468912969,2.530552000743461,2.963329686672582,1.791648791648792,4.082752720469649,2.1583368471054456,3.3642741526633584,3.80663161052862
21094,mase,5.63102546491121,0.9890587215979066,2.0629753650803315,1.136644736842105,1.5216736119507734,1.0063246865815754,1.3354662189000768,1.7449514010787512
21107,mase,3.435824394415108,3.342188478077551,3.857900183343399,3.07199074991741,2.3218610482007698,2.2675443864744405,2.1551947780722807,1.820624870569939
21121,mase,2.1220760107745487,1.5781682763870477,1.7077151009640616,2.367191064638784,0.9978121055245248,1.2056164002186849,1.4087869207416852,1.2891420296691973
21131,mase,9.011622062266634,0.7074576330445665,1.698776401726488,0.7140534262485481,0.9802997112274171,0.9983124997880725,1.070510390875996,0.8390776085968755
21134,mase,2.600904298529195,0.2063593118835289,0.637851110730309,0.2908814589665653,0.4100657031291011,1.1387143514267986,0.46386089342127346,1.0207435800019113
21136,mase,0.0,0.0,0.0,0.0,39.02506634782231,39.102986383059665,38.88528236090427,38.979521078959344
21142,mase,1.2843976556857892,0.6723367149273264,0.5138566113900447,0.6181727379553467,0.2843862021123274,0.3436368449143585,0.4552774649072519,0.5353234974836639
21147,mase,4.515833257207808,0.6605831306002834,1.480513209104538,1.0363664459161148,1.130547934724379,1.1917925768120345,1.1525252724802773,1.2561297656953798
21158,mase,0.0,0.0,0.0,0.0,0.7088376979033152,0.3182312299807867,0.5104604959487915,0.4135368665059408
21160,mase,4.815667851217862,0.5013123865877083,1.3925556967827095,1.0917923850574711,0.535085159799327,0.4782784012577418,0.679261199653606,0.5811241612105114
21161,mase,3.979802611911199,0.8896952168165919,0.4722965760502235,4.332061973588438,9.22613011644478,9.05365643152217,10.419348205749179,11.11053896863838
21167,mase,1.1729623395629971,1.0768331370769149,1.1383500310503645,1.1515943795075854,0.5761705324603017,0.7452207120655254,0.8103674655328132,1.342571191710111
21171,mase,1.1195097436399328,1.034011601915754,1.2457948062760984,1.1834655047204066,0.764244178212373,1.453230085075118,0.8138147247469589,0.9075466402562182
21186,mase,2.950629716508844,0.0834111476037956,0.8562439517135476,0.4234082397003745,0.2608950171323575,0.35185946610757324,0.3915994991045688,0.3931971669621315
21196,mase,4.9443010341621445,0.5922141507794325,1.2749472160539226,0.6188622754491018,0.5023217941585341,0.8043189682110011,0.5966312799537391,0.819294669091353
21202,mase,6.052994071112739,0.7334282837125199,1.0230221968889237,0.8015888888888888,1.06624361983052,2.6902473804391462,1.0992299890444601,2.3788402242425044
21226,mase,1.655285831311222,1.344092929590783,1.361699092717159,1.278968253968254,0.42803954306953296,0.8902244410744858,0.47289501710051685,0.9064377031944918
21231,mase,2.168668332181505,2.051332255259162,1.8824599471714307,1.466082412822179,0.8674859909784226,1.1449964044964502,0.4436705953608114,1.0327870529417007
21236,mase,0.6612922131893564,0.8978988472459657,0.614796833753984,0.554847652625719,0.6472318914117956,0.908534700311446,0.664700290465664,0.8992343590713324
21258,mase,2.482513960563559,2.080243262765848,2.3451607475660268,2.326461304886332,2.2372218697502304,2.3720370722500963,2.2030962942849577,2.2850109778418757
21261,mase,1.1498118749240964,0.1868200953919835,0.6206092804447492,0.6485123966942149,0.17520673046990295,0.19776948330581587,0.3190707071988144,0.28666144456979753
21262,mase,0.6551693148653359,0.7919500213841153,1.0110453763457168,0.3361233504966096,0.16624966713105102,0.32749416909464385,0.31583626529688974,1.03258233362117
21266,mase,2.45169142621308,0.9611356398270788,2.353232029021493,0.9121067193675888,1.5888985352856773,1.5496577799320221,1.366340581859861,1.842505998270852
21271,mase,1.493832925873014,1.5671312383243,1.773429372003959,1.6161752247579528,1.21052132583246,1.1206191224626,1.7241578594849165,2.1250726603866115
21306,mase,9.792188153948102,0.4701739116782544,2.3653796323708125,0.5914285714285714,0.473499916571158,0.4518348611725701,0.4705948613308094,0.4350325858151472
21308,mase,5.772092757480485,0.5989294769360208,1.2936878981417976,0.7982979910714286,1.01073664689214,1.4013485778552683,0.9803621059193801,1.5150427818298342
21309,mase,5.802630402321039,1.00838803390092,1.284855824570323,0.9573643410852712,0.9006542351240474,0.9850923804198803,0.8665400140680153,0.870356066156677
21331,mase,5.985948746292679,0.4357138033697882,1.8217584554480497,0.7115343915343915,0.38288871320494305,0.427133939736451,0.38816336778045524,0.5249064251313116
21342,mase,2.283059529090655,1.961231745982718,2.058901425758393,1.9492958845328647,1.1400097302980374,1.5777144766837339,1.1022838296605566,1.137003264709416
21351,mase,1.2486170576626792,2.184714130061885,1.832824805953708,0.942344068594134,0.9032866760379094,1.6089468430626281,1.363583563746552,1.2080804382492574
21352,mase,2.9879630834976383,1.2152763135769329,2.287731199306751,2.882395108581066,0.8461312165254617,0.7233669477741541,0.8193220399091653,0.8296915857215557
21356,mase,2.306563952737603,1.737313530774043,2.25837618990786,1.3751531847399614,1.2962012664176887,1.3852075342185355,1.2778346465651633,1.2380052379059618
21361,mase,3.54377823330676,3.424402548947323,2.658433194847036,3.023501499449569,3.3668010511689017,3.248580748999675,3.331909063840489,2.919782499460987
21366,mase,0.556701018793381,0.757228483722103,0.648606573739969,0.4690842761975257,1.4061494778364132,2.945266600388747,0.8845363640853143,2.407350254982625
21376,mase,1.1380720976236705,0.9116187765904944,1.58133585388596,0.8988893581081082,1.2922084215775276,2.8194376380698194,1.5314819372973396,1.7186350220615423
21395,mase,2.2446769655953704,1.2084704394700772,1.3802841211299943,1.0255857109719326,0.7639273421025123,0.8499571626584429,0.6721072726779513,0.7626970318876913
21402,mase,4.575547385554743,0.5289589805578694,1.2198444208787274,1.105930941096818,0.3887946961048819,0.1464166537856022,0.350264003929407,0.23540813360756976
21406,mase,9.856643843217327,0.6224241966432054,2.6764415674859823,0.7164727272727273,0.6580355299843682,0.6764955186926015,0.6094663511258995,0.6170275073745556
21407,mase,15.351119435022747,0.8812153054885035,4.662589433351679,2.409563492063492,0.9429765843797004,0.891197330650242,1.2088911926152606,1.1790087122570052
21411,mase,4.018836524459141,4.00531382824563,4.1785544674765465,4.193131228284526,2.9872849494144735,2.9966540530845482,2.996319547978932,3.0111045050972116
21416,mase,2.740649153490466,1.928046520055771,2.834153129217751,2.4445741343949816,2.8252325060054355,2.497484634184035,2.869367971844834,2.7705597304883662
21421,mase,19.489541147269456,0.3711905292259546,4.118286488492505,0.7290196078431371,1.643273243942414,1.005726084412341,0.8384772765748153,0.8851220702710081
21423,mase,4.947078398692779,0.5096518112604665,1.1043954521189363,0.3403063603063603,0.8555697678538506,1.1292480598261327,0.7589848049165563,0.9681385979022291
21427,mase,2.056899652725611,1.886017622365302,2.1255282084147136,1.6357179487179483,1.1633226255707394,1.4142974112470683,1.0555815959871473,1.055114274519695
21433,mase,2.022345476309593,1.823706889077109,1.4332092129850509,1.6325473565168225,12.551300575476619,10.609779397959471,13.875264017100097,12.16288527841643
21437,mase,1.6270824637089962,1.2858451791951002,1.202012674993684,1.4983500314122276,1.3484087228234392,1.3969238436951927,1.6656698066901727,1.9305036722127003
21439,mase,223.32082612886032,223.65438210959115,224.0978572409026,223.63351434812083,144.94026227193336,144.4720565684854,144.58327048862725,144.28650797066624
21440,mase,3.234132847202478,1.3289990208706497,1.6650974619740675,1.323175105485232,1.8524253937412964,1.3407668683223974,1.3782649198687686,1.2797255482438348
21447,mase,6.925141906738281,0.4032118994861117,1.7004046940303348,0.6287692307692307,0.5355511198530684,1.0857726432181694,0.7341719819260789,0.9325091974871295
21463,mase,0.5195051224663835,0.1742409788227981,0.3075796282303163,0.115710463315026,0.25377341712885393,0.08596055144254247,0.293751508849161,0.31822073519173555
21467,mase,7.496623319738052,0.8879256094853214,1.5444540308611423,0.9353393665158368,2.2006173908201037,2.6742370312030497,2.4524415334065752,3.3747643446310973
21487,mase,1.7143390487549652,2.6850837636898564,2.024871040423617,1.6121146670178672,1.0833563445769425,1.5799196054207847,1.5101709644525068,1.716502721740229
21492,mase,1.0840933244186608,0.910760806343335,0.929855376250984,0.8627706000574218,1.0909610025563472,1.1202110301395427,1.0447550246518562,1.0850287374947485
21528,mase,0.6950892774714796,0.9537767848083856,0.969193228104361,0.6012432012432013,1.0748309650125498,0.9398478116840318,1.0332959932982564,1.2405876771660003
21552,mase,2.520050617521206,0.1837010110505479,1.0333833525306075,0.212162101481814,0.36766229407344736,0.42251466112114433,0.376856957237446,0.41928621985520964
21557,mase,1.7917500442793923,1.7224657014996458,1.2840368666148705,1.1564913768730565,1.4223786609790943,1.1057387955277054,1.8342550014919705,2.19898617666739
21567,mase,1.823070081884374,2.256851898091017,2.041932231466032,1.9911834040546912,0.3589490424736617,1.101358552477253,0.3483061185523645,1.1488983722073125
21568,mase,0.9333001067957928,1.0019721515780249,0.8248546749552211,1.1410665554881747,0.929010388618961,0.76092889661052,0.6211704939644687,0.8689041905169842
21569,mase,10.370985808195892,0.6690021382040352,4.6363210930395375,1.142010582010582,1.7220986286799114,6.689378406887963,3.1939470071641223,6.7052227731734995
21578,mase,0.5861261363811017,0.8144318968139302,0.8429102168874107,0.5637866305996146,0.39215019528240097,0.4796141039312924,0.6622600833953373,0.9272190851525177
21579,mase,1.4021662621796185,1.190980145268066,1.33144914386166,1.3009144740517289,1.0420341931478265,0.9401210231284545,0.9425539672708998,0.9767960725183674
21580,mase,2.2194951694814407,0.6241844649894541,0.9122621644348622,0.5822305974316025,1.1161964854031907,0.47327744348359646,0.49259533021897256,0.5986006741312955
21587,mase,2.635104234110887,2.518453930481129,2.6007992624508733,2.2155128205128203,1.9781043992374403,2.296559171944456,2.3635912488813946,2.652164189079014
21590,mase,4.219337291990192,0.4617065247384357,1.327874884770142,0.7967324710687541,0.5538125644295903,0.5340888262244043,0.6028825195046693,0.5185676559441059
21592,mase,0.473341100724017,1.045023446878033,0.6952635718173668,0.8058191598360654,1.1415864871499317,1.0734652479272504,1.3346230734458604,1.5898612295126435
21605,mase,3.332782541002546,3.371348179373145,3.2817467596677563,3.1501527777777776,4.003756326644692,3.961650843686136,4.008566833968856,3.83936140209652
21607,mase,1.3278162456484586,1.2226947958224836,0.7463118902585544,0.896885813148789,1.01066513090856,1.4300860060677534,0.8539963795193706,0.9037865239443664
21608,mase,1.2534649956072672,0.8566778609890819,1.452790133275453,0.8792326580724371,0.40284358366036116,0.4700687255388425,0.916134304470486,0.9923219751428675
21610,mase,1.1623998296480618,1.369524407314937,1.1920498888053317,1.0543395909453614,0.35245913125129397,0.8177919129016734,0.4644527136406211,0.5886843347567664
21611,mase,0.6708415827004967,0.6857921525393137,0.9848158438179376,0.7297997526825959,0.36709207850840914,0.44047292872897714,0.41814090717190516,0.7566967632082299
21615,mase,0.938374586515742,0.4240895685169854,0.476064408453929,0.4202421475024214,0.3856828442551275,0.36903020773723627,0.3530892114983496,0.49479339218949564
21626,mase,1.0224377182344513,0.789634975820296,0.7253935696508215,0.727991009681881,0.6701349018745462,0.6521700704991503,0.5964708660572862,0.66615000546545
21629,mase,0.6658660054231731,0.6285570734173375,0.6716446764723109,0.6931642663327072,0.49620397767024255,0.5963942345030147,0.4474980811376872,0.796948756564891
21635,mase,1.0067414403975885,0.3432071311513129,0.5000595552277768,0.5572931167826759,0.5617529800166061,0.2989482584718409,0.34889190617511695,0.39057500894067826
21638,mase,0.7507112618620018,0.7529586315583964,0.6246898160509019,0.6822833085685982,0.8510702752776745,0.6917115327419555,1.0922869182868848,0.919164444023207
21646,mase,5.092641324911472,0.8058979177809984,1.3891939443754326,1.2089116517285532,0.4741518521014555,0.4400298089156916,0.5159671017417201,0.4704641236199273
21656,mase,13.330330933339496,1.803869886619948,3.232830811299281,1.5097435897435898,1.5628266007410556,1.804573203979518,1.4315216711875967,1.7831611001130308
21659,mase,3.92860324042184,3.626010005870681,3.271622402327401,3.107589285714286,2.70347508640154,2.738042953166556,2.5577535426363034,2.1220439072196364
21674,mase,0.3538355303268974,0.2865576072410318,0.2536240360854965,0.2615099596044017,0.48926337913230616,0.5500093460083008,0.4349087255972403,0.5624833778098778
21692,mase,3.6200324445962906,0.2540061974872396,1.2321670316159723,0.2816914062499999,0.592965689572421,0.4504038492838542,0.7635773295906657,0.5406139121713863
21694,mase,1.831015824682919,0.6122570017821688,0.6356375388157222,0.5791049382716049,0.4101321005052136,0.6112785014627654,0.3246227190913265,0.9874395563610994
19386,mape,0.3061851566316863,0.3095185563258231,0.2855753817036912,0.2524667723241296,0.20419481305032106,0.29377094483726424,0.28142690937188153,0.36312744129531693
19392,mape,0.7809879548474665,0.8957108693891629,0.8137745460176478,0.9851706010811416,0.6282698397388558,0.7044901648573365,0.8340271419802073,1.0873635649862257
19393,mape,0.1932479365848521,0.1823515805189677,0.1732189425737715,0.1956365918723659,0.07915961730205195,0.14968687615819007,0.16978906195352994,0.2836829177112948
19515,mape,0.4179742591776384,0.3738886917687757,0.3914707666015464,0.3799736259659717,0.48875143079948585,0.33620088811630433,0.37587196277299123,0.3729649513927499
19519,mape,0.4906756779298716,0.439618089308649,0.4236236683837236,0.517652868608019,5.5157661642433276,5.6744185282931525,5.440720969012411,4.184326288922791
19520,mape,2.2552919458636937,1.2352008342610097,1.2230031147448748,1.881190423030461,5.936414374877947,6.328716477294356,6.8239421253274095,6.910470986731142
19521,mape,9.866005575216413,7.872711581678449,7.6884952769096,7.119490479677824,8.077759357509562,7.1724482161888785,9.182473686649931,9.373420955824832
19522,mape,1.1006842663045096,1.040430877325473,1.211176373915056,1.1092887599764083,0.9118462353738391,1.0702632418963278,1.1002613993749408,1.2951022132342382
19523,mape,0.2322267805754495,0.2845688940678832,0.3089199818736812,0.1678896607739041,0.22413810112914653,0.18581193122004214,0.18287613606980288,0.26636218998014216
19524,mape,0.980003714095286,0.3614906648308289,0.4986847962536701,0.482768461120358,0.36403112913789004,0.17771617771939027,0.43915483735630123,0.5050794954984463
19526,mape,0.5253061264301276,0.1047908779458386,0.1930977425740469,0.1203069748803,0.07239018909369485,0.1105033426583901,0.06998043729153769,0.12369153889254814
19527,mape,0.4612753242141745,0.3759954455357385,0.3779751217986681,0.4050490488404415,0.3994452085821205,0.4265071648293486,0.4414515363231144,0.6493772564029777
19528,mape,1.938220544075176,0.4854763086060614,0.7714118899890089,0.8225759015594543,0.7482351060692872,1.662124113019137,1.0194778986299402,1.5314373731303323
19529,mape,0.459434118142197,0.5171725767523243,0.4365434669869856,0.4211686473787637,0.4197112869399603,0.43456013932729876,0.42511137401329796,0.5600268034734993
19530,mape,1.0122561938604202,0.4936356000393419,0.5127903741257984,0.5549474136006843,0.3507589933259713,0.3468706817717153,0.38193018813258967,0.38123928941241697
19531,mape,0.2363671621790451,0.2477645802920902,0.1990090634637131,0.1944191678852367,0.08901528451659027,0.09641960246418521,0.09268566902821901,0.10987877008194051
19532,mape,0.1510984549269775,0.1256498237437494,0.0940269523013844,0.0908648293059423,0.07671328970523461,0.07588908554306141,0.07495232234170782,0.08215759997203398
19533,mape,0.1327327808528405,0.191934233845795,0.1760340940045901,0.1353449992376376,0.11799847375773657,0.07546041767895934,0.14469359705224094,0.1782030087507977
19534,mape,0.4350929676127346,0.2636261386082757,0.3529144155398257,0.4436528603537345,0.23307314628769463,0.3252065980943347,0.26276415978485307,0.31280763596543726
19535,mape,0.173012225165173,0.078098581137245,0.1285798022609247,0.1015713956221063,0.09436576506429868,0.054057329284770125,0.04301805466885851,0.04875555828031483
19536,mape,0.3103586116436966,0.2596889471028529,0.2709372781496238,0.2963137558442177,0.16192353732670434,0.2280650739541472,0.20067471476809284,0.23576531913939622
19537,mape,0.1284733688842568,0.1907045096363922,0.1325328751910477,0.1146001254551783,0.05433954670971545,0.15498428530999075,0.17744636855109397,0.15244637491823843
19538,mape,0.2767673897230606,0.2586941795270592,0.2428639024662002,0.2147261857849688,0.2208645477536062,0.20684902412779438,0.1602721167482585,0.20908053079977948
19539,mape,0.3793141996404758,0.3514108709977985,0.2510664896000206,0.3018624739012549,0.039851460615864816,0.1763772593923552,0.04287786955674645,0.17304300259198507
19540,mape,0.2092647266429063,0.2420907947133443,0.2406954174105478,0.1995898902096542,0.05295705398793471,0.07988641984764204,0.06072013764989408,0.07656022571712688
19541,mape,1.0519782079483249,0.63208307714486,0.4383597861993032,0.6682323661587626,5.127330320130247,5.201060138466328,5.19511933319169,5.413158235806585
19542,mape,0.1348932711677473,0.0746074228115442,0.152462510638214,0.1043167266746107,0.03063132066750771,0.06688920705903872,0.05594920683983858,0.06654190945918947
19543,mape,0.3935260487548105,0.5756895752993504,0.5103498945171715,0.3875018966658423,0.09070691958526435,0.07810044672929956,0.11698107148632803,0.14345588855512398
19544,mape,0.40898646275265,0.1919910086875084,0.3448672707328708,0.2553252268125464,0.384022888782338,0.6793334557980035,0.6883607000568042,0.9473176740853214
19545,mape,0.1207308596409139,0.1501235680618573,0.1468030007984766,0.1093780317754864,0.08533027541204678,0.05423945508024657,0.06615520692636097,0.1035336466733275
19546,mape,0.5223788422144678,0.6734832705770377,0.587135760058165,0.5867003383895212,0.16445102440502393,0.34690872216605684,0.10512995454126169,0.3534690165124911
19547,mape,0.1614108140443465,0.1820493688267243,0.1088163786275185,0.1577347032071402,0.060951742742678006,0.10630948345202634,0.04867337255081494,0.12126984802651654
19548,mape,0.0624467073295837,0.0723716434424614,0.0700599732177382,0.0681353770296119,0.024248828565291498,0.036469350124773,0.046805805949678,0.05498396712560053
19549,mape,0.3876068167239729,0.3084421698298377,0.3187422639943936,0.4055105806857912,0.24870429521033544,0.27853838972782474,0.15793159838109164,0.11822809486405042
19550,mape,0.0881972685450286,0.0758729198976282,0.0745059044960154,0.068334242963255,0.03911545968087428,0.02848865294766147,0.02770750882807496,0.027418572118700746
19551,mape,0.1112494836330976,0.1208792714456747,0.0842858342778355,0.1211028098306523,0.04070662699308424,0.0852045459244747,0.05891271953781416,0.08632265150616772
19552,mape,0.0768495941177242,0.1046116606813145,0.0830245911013448,0.07076738855997,0.07390750288478798,0.1268524456515718,0.07138731587896087,0.11482718744983396
19553,mape,1.5152195833259374,1.0234030319374552,0.5951259849002937,1.1312048860571162,0.9204354404892937,0.9744180480240081,0.8673866146601542,0.9018335092637615
19554,mape,0.1820398672172111,0.1566282711600299,0.157215629619484,0.1172022204168385,0.033042327138347066,0.06332954841646644,0.024641002171565025,0.07005630258124823
19555,mape,0.2528475210918233,0.2430328905852866,0.2135874133395478,0.2160348135666881,0.11548262960782393,0.18757801923511624,0.11548695171199114,0.2077959063835748
19556,mape,7.245216938309928,7.891826666974844,6.886032429108562,7.525470518226982,0.9603465891561451,0.9987236683782742,0.9695876004713165,0.9634722559536808
19557,mape,0.6663805375487071,0.526935908638382,0.3749366732731712,0.5921072829491317,0.23477322053589664,0.3637238675835906,0.38846183162903675,0.5294890686017166
19558,mape,0.1518938669823615,0.1516888731019187,0.0982469112668257,0.1593345988109907,0.13755525764792526,0.14905858198774466,0.12792934363000535,0.14548332012351184
19559,mape,0.1197624717091901,0.1507731393541077,0.1488435531945996,0.1418747924327444,0.0995760138130576,0.09187118638313826,0.07420273275481806,0.09009475710459385
19561,mape,0.2624949932585225,0.1436859704455478,0.1687362150468425,0.1744596787765067,0.06710503856447321,0.12451432340599163,0.16319847275375604,0.19044212107136793
19562,mape,0.3768626296287187,0.3543099927101927,0.3945221138597519,0.3730583534325393,0.1753267059206749,0.20508716976120914,0.16252646946049834,0.18871365025446082
19563,mape,0.8645839106679173,0.1290374522504838,0.4259205419550497,0.1335609567901234,0.1624673327440938,0.14935303491259377,0.12544645093105455,0.15531579779569435
19564,mape,0.1340581512463523,0.1086390804334974,0.1058703420780338,0.1095553112336596,0.09617663026469139,0.11593838233792184,0.09567285479571942,0.1114976625925929
19565,mape,0.4669535846295118,0.1762219471260332,0.1946456835248442,0.176394415310722,0.08401511331570771,0.20503788354981456,0.13476919891580416,0.23779168814796256
19566,mape,0.0592683874136717,0.0576303424106393,0.0795229752475864,0.0885944614379871,0.09397654861082932,0.06178116830281428,0.06019406328218497,0.03785766380660076
19567,mape,2.009479594004366,1.7866688794206946,1.812052690574962,1.7851004433728228,1.8815643447957149,1.7943709039336788,1.8473305836281797,1.8891942588644777
19568,mape,0.2603925825926489,0.2579690600107663,0.1344780746509525,0.2742528206821533,0.05209700848475334,0.14937582369269037,0.05150306938819276,0.14798028523918066
19569,mape,0.4192286138853669,0.2586490929838433,0.3160623303495564,0.4690236742424242,0.3564116293645512,0.28004281616308524,0.37170737188113273,0.2518536729623806
19570,mape,0.1792298188665265,0.0698315589530012,0.0778942014500146,0.1185255715684686,0.0677523409013682,0.030757948289372585,0.03090861952536746,0.03414256129635569
19571,mape,0.1341962776749665,0.1375152404289486,0.1254581864532343,0.0861457838699793,0.049237087251944964,0.059702291968462266,0.03384983433313719,0.06406920363308424
19572,mape,0.203475095487482,0.1739667746767048,0.2082719495866642,0.2105318836643151,0.11789073509976229,0.1811820846002997,0.16675480686114988,0.15969873478981778
19573,mape,1.0145288372906645,1.1978589375606028,0.9954814538758968,1.2250262324169532,1.2813536684123592,1.0799147787679972,1.1519926159688278,1.2576807856662375
19574,mape,0.1652445508292295,0.1727133058558854,0.1718928335522184,0.1675834968829967,0.11917850097804811,0.13410382275210217,0.12523317069900697,0.13136845886259804
19575,mape,0.3787462542791413,0.054200190351862,0.119678341472949,0.1998022162568731,0.03717848749647547,0.0454226287831804,0.038967342044768184,0.04203840508131037
19576,mape,0.2208341022543861,0.1983667777402305,0.2262047925705393,0.237212265762889,0.18702349939160812,0.17185484272772503,0.19284174646991456,0.19613417275887116
19577,mape,0.387581586006134,0.5175228416202587,0.4071795243100263,0.4849740331106947,0.16544638108978185,0.24432011549483207,0.1450767437386204,0.23905107696793074
19579,mape,11.002615212192056,2.945919192232687,4.172905405444409,3.114133307868602,3.424748736829239,3.232317474126548,2.735757176528589,3.756575289832603
19580,mape,0.5125626603171818,0.3535049754431304,0.3631606110603596,0.3372881953518052,0.3185140660178226,0.22629980533192276,0.31664495517513275,0.3444620692542166
19614,mape,0.7074499158339739,0.5883532302112779,0.3977781607076912,0.5018415374835882,0.3854988773630602,0.4408544291752652,0.37631842158760737,0.2977102855967717
19616,mape,0.2689255580888292,0.0967168346150295,0.1309864904685886,0.0280492721189328,0.023921514226899296,0.024185000780401058,0.026050556494831276,0.034814345122622686
19620,mape,13.480478740873792,2.891959206557335,2.256204792209679,6.642602040816326,4.690707146175324,4.0198579351738015,4.604068484255876,4.427081261362349
19623,mape,0.1197172500663943,0.1215682865104186,0.1255293094903893,0.126299360325291,0.1317171530252491,0.13265272089268898,0.09182954848894823,0.14091170078349155
19624,mape,0.1760844338175938,0.1304805922900026,0.1582805108219061,0.1434369368260278,0.11723252716206709,0.09559599078601654,0.059138326488651055,0.08813786217852936
19635,mape,,,,,0.003230962488386366,0.01862321959601508,0.05977183911535475,0.022506521807776556
19650,mape,0.1815828934062185,0.2397855923511787,0.1404819837818192,0.1325505214658131,0.15335518772825302,0.34417758640777546,0.2786011224658338,0.25829246086072427
19658,mape,7.725326439468874,4.595151708845966,5.908088252947151,6.59164667165742,1.761201476783999,4.652574338789852,4.470467264140582,4.615878340949824
19662,mape,0.5119356760074221,0.04323536131582,0.1192794725081807,0.0641782600866116,0.04875987161001976,0.04539051788308144,0.21462840283302292,0.3182587142400038
19677,mape,0.6566198355698017,0.6159022567584982,0.493412374414837,0.6392722892771247,3.2741742554474027,3.025077353394809,3.358286979677045,4.239866237409387
19678,mape,,,,,7.345676634046766,18.205296410454643,6.907825046115452,12.703581068250868
19682,mape,0.1207188349304088,0.1020393880665669,0.1257045288394667,0.087761720017012,0.05125598951227635,0.07640132394817707,0.0510501335011149,0.07800426893608307
19687,mape,0.0909847852157688,0.0839301305269653,0.0827835448774248,0.0996637110009436,0.08015277309465905,0.10730474398847095,0.08397911014209875,0.10892876060926826
19690,mape,0.1309175107493202,0.2064368483869642,0.1938928556728525,0.4790837752066472,0.06841548847809613,0.06416817502003327,0.07627518297162274,0.11452798809292607
19704,mape,0.1105997890134525,0.1260130059495524,0.0979065226108309,0.0981585730194675,0.1535640973852896,0.11440546175716171,0.13526157883946033,0.09201787636491308
19728,mape,1.883747385877322,0.3503235889230662,1.0227422558039985,0.3519462481962482,0.42792778933145725,0.3797290155553887,0.3712602621205097,0.39121309901843454
19746,mape,0.5397710288996346,0.1364426913052108,0.2450726187325204,0.1825070942265295,0.13494723933532052,0.14206007050037264,0.15526028850466364,0.19259417589581002
19747,mape,0.2983533847109628,0.1683952319585556,0.1760690716128044,0.1718905089311069,0.10897159723546505,0.1761852039934772,0.172290782045385,0.15523535318759982
19770,mape,0.1715075100814225,0.1613601202998819,0.2332039895358438,0.1809321162435235,0.19081648809754134,0.1227701735300507,0.11380783325865636,0.1380007731346689
19778,mape,1.1935259653777854,0.8422742090203664,0.8820239611532636,0.7008396072699897,1.0112595719021433,0.8776603637846738,1.7732850013189618,1.7862261856215242
19779,mape,0.115458467301436,0.1229990752269098,0.1150670548497365,0.1193555497425809,0.03511201279018034,0.0564306784335893,0.03682084692738629,0.05840895468846156
19789,mape,3.376960008375699,2.1259798540401293,3.238606481888267,2.5862082041678485,2.9740820607765013,2.1000633592214233,1.8572713862485388,1.871313599593737
19790,mape,0.1029130566541721,0.1150691933133367,0.0968668893897095,0.0793684401990043,0.025986058303198497,0.06144171842914529,0.0313420357868322,0.07142837152834247
19791,mape,0.0559680665840813,0.0639760059611933,0.0662501085864999,0.0523933255927331,0.055783858169315734,0.05776816781209357,0.053029958694740406,0.05254716571627263
19795,mape,0.4768020376282284,0.051648080347713,0.1207795140484725,0.2028447198811298,0.03806978047443121,0.04250089473754984,0.06984838182097003,0.09420037860102698
19804,mape,1.5608299334876643,0.2153988154252193,0.407872544680649,0.2122565702271584,0.6355848641307266,0.5091849628455444,0.7239029242936208,0.5634621589004526
19805,mape,0.1103806427170476,0.0950863891087638,0.1034711030636227,0.088876948111559,0.032571001930991,0.08888396775830089,0.0356791289152176,0.09123374804820641
19812,mape,0.2327557556402691,0.2580950332420683,0.1876949669266589,0.2460362917712848,0.256020589516312,0.2716325605904882,0.23031833661572612,0.3352909902856272
19821,mape,0.9089610454385054,0.9321491172281676,0.9638927785100702,0.884110368757135,0.5585630118157243,0.6552322431691435,0.6544679073192087,0.7040466753301297
19829,mape,9.376151593567837,2.5754381096721857,4.930874855675446,5.638980094315779,3.6728072391118096,4.950631085728487,2.7109629544565257,6.138961669323079
19830,mape,0.2912768526337927,0.2381026830781644,0.2538850758010995,0.370921008947998,0.867694126562522,0.5212087352862079,0.6252235937903267,0.6016236240623232
19839,mape,0.914030703125129,0.5791017382432743,0.7406469490344487,0.6260154112803029,0.45629384920733645,0.3968177435982204,0.5004824602624454,0.30446269087101446
19840,mape,5.6434351539628285,1.1242902985464522,1.7945790979062133,2.9295123456790124,1.952284272771152,4.310475337798655,5.89094666003728,6.415562797574545
19852,mape,0.2521771537549624,0.2271573293517532,0.205268302565325,0.2338169749606863,0.2742462973493241,0.23958427204007743,0.33794949633135984,0.3938934567794383
19855,mape,5.9774274826049805,1.1824656068473776,4.712492942810059,3.3422222222222224,2.2198957337273493,0.9829141166475084,2.7303136598180844,2.2771332815841396
19856,mape,1.1134144805038475,0.797206659357237,0.7480612389739744,1.0403617424242424,1.0990694173658737,0.2965026048985509,0.21432213759181476,0.40773634209892046
19858,mape,7.646385740868271,5.867849795039946,5.488609121829276,8.986185577301097,3.113021246556664,5.836730875168555,3.554647218476868,2.594309128867884
19865,mape,0.8649781793401918,0.3784212019261107,0.493535086585518,0.6283264188185324,13.836470693398509,10.47867628710986,12.70144438712559,9.007423502004622
19869,mape,2.8517825250831588,2.421021389954713,2.9335092968495204,2.497770494732225,1.003622164642506,12.38783431404401,0.8305193795439971,9.81744114740966
19873,mape,0.4641056580112125,0.4744638131896216,0.3851398006214966,0.4214822090118102,0.13488501025216523,0.21751001102327028,0.15939346337048646,0.23020269987016867
19874,mape,0.482267622587671,0.6709871989285506,0.3952047366819625,0.5747975771648371,1.0981387672732577,2.3040046017367324,3.250584874294132,3.6536639834181264
19875,mape,1.689377974074017,1.5490664114481605,1.6206723598287271,1.4759807426507212,1.6821789665876548,1.5158388673324792,1.5823621685269993,1.740979761321564
19891,mape,5.427957650877989,2.5251532712082945,3.404231249525983,2.94691599681183,1.638122266247159,1.845362536304923,1.2474456412661854,2.556167116806895
19892,mape,12.180170409234014,5.988996248637892,6.328209216778094,7.407635531135531,30.830093792506627,24.849483699783057,13.068003957815952,9.969409538955285
19893,mape,0.9724776082961194,0.8160410202946933,0.549719795256356,0.7020123680101507,0.6676893822296648,0.6867215287005307,0.6710200596645542,0.686018025778762
19894,mape,1.1852096506175944,0.920448919113784,0.6824709428853226,1.2027337481741225,0.860881917054231,0.8952350615612217,0.8602953085133911,0.8018452132432147
19895,mape,1.4652748318890936,1.1868036548054126,1.1258539104091887,1.198844155766497,2.911804975303199,2.931936115140796,3.6649170928704056,3.8903112374563986
19896,mape,4.399124850296766,2.7138835878901637,3.236624519979538,2.9217529032254097,4.6095054496289425,3.878231087051125,3.849930654767583,2.5575419758394995
19897,mape,2.237788066508822,1.0876476124976762,1.7354168910791747,1.8599599024795104,1.2173192026036597,1.004830208912048,1.1439536594320523,1.0104244075309738
19898,mape,1.3967855995351557,1.1932699859996352,1.3335491574993283,1.4867043443763066,1.375693776693521,1.2669109387890316,1.375457505748083,1.194784802375572
19900,mape,0.7514171065189946,0.3990450645735677,0.3824092122858304,0.3608758921075346,0.41589135805467176,0.39025885511648783,0.5734411108336039,0.4788411654158907
19910,mape,4.31900477118915,1.225453959979756,3.491473383102424,3.2877376356282606,4.904063973472867,1.4862038562214046,1.7420883510637377,1.220685353478891
19911,mape,0.1055399869013507,0.0794691699892732,0.0681025039452369,0.0728876806779644,0.14355772102760953,0.10760895212520606,0.09700046880000802,0.10431203579064698
19912,mape,0.2179091504277387,0.1850328388505155,0.2049769336409878,0.2954917443455248,0.12464707544122582,0.10811227695450423,0.23887522112484913,0.09907095323726586
19917,mape,0.0782568268158768,0.0741381994107031,0.0551432349374242,0.0361545681037303,0.018760915891643554,0.035812817364478826,0.0547424243093065,0.05031358796825004
19930,mape,0.1663168960965554,0.2164244548004727,0.2168159247242771,0.1942108726139142,0.28170897924354715,0.18154021596933564,0.21387500238301127,0.24811891851271672
19932,mape,1.2779392927494844,0.8324136035685441,0.6604261388170489,0.8871576627357178,3.763818267468075,7.482395279293079,2.4329351041708716,7.6429771346978805
19933,mape,0.1352542967116071,0.1088362447216707,0.1395252681774256,0.0910720018425812,0.06177408049210101,0.07280720026647194,0.04885756873872397,0.08211663771060546
19949,mape,0.4156850365304239,0.283611017651794,0.1821160123046459,0.3803059875282275,0.16446482616864935,0.15440191871557796,0.15392336162170434,0.16018716647268538
19952,mape,2.5191972488455203,2.103954397719743,2.4175773270052985,2.315168089742892,2.6629590395325615,2.2721986758513024,3.0026316654893446,2.798724593945598
19953,mape,0.1497263493847627,0.1499587703443381,0.1594674255848091,0.1215802832987038,57.72568370685003,54.80391884115109,51.97145385284259,55.8815172205535
19954,mape,9.450928866317849,1.91066196142376,3.7659902824036178,2.0312211328976035,3.8041904190613383,2.89072014865619,2.9189487234959155,3.127034331216445
19956,mape,5.652248327877539,4.433072893024896,4.310796530624797,4.568790630280201,3.2587113858523,3.002542662008899,2.038974712785377,2.097437835947952
19958,mape,0.6432585308305906,0.6477686418986169,0.734236573545378,0.5877130875721057,0.04472460729976931,0.046777042650318894,0.026212643702325008,0.035222386010423525
19961,mape,0.7173403317051845,0.7135052072867675,0.7017491383743336,0.8627026726900954,2.8059088452360252,2.8666903437629188,2.8322561067894427,3.3176041264077973
19972,mape,5.1823667973972345,5.3372664748067065,6.030461554295973,6.618689696309979,18.92267186138842,15.382492198999946,12.001498953031343,14.702515770058394
19976,mape,5.050384926191737,2.9884042708333043,4.234340328634248,8.294896529230929,2.5878672627019808,4.48835680041278,2.6202093947369374,9.78319680024642
19977,mape,0.0862219196233017,0.0943560307114315,0.1073566221958303,0.0819058686589558,0.03815883711658716,0.062107961807410024,0.06827870565661769,0.060446704388624
19985,mape,5.955236636891084,0.9671135222037696,0.8204198682341589,2.228642857142857,1.4780631996336437,1.4491586202666875,1.3519957397349929,1.3921216561050012
19991,mape,0.2099808994955156,0.3880693214469512,0.3305742498971707,0.2158859047102145,0.1982432488348044,0.17279821083801333,0.1800870916545578,0.28075860835266725
19995,mape,0.2469257062714735,0.2894082239977042,0.2572040324693933,0.2925134550845646,0.3021903336878976,0.28327081699860834,0.3000734836194102,0.3031822206358785
19996,mape,0.8185057703875215,0.6288852849691587,0.8832718794566775,0.722011441233419,0.6286184700093546,0.6119142430262958,0.7180875291437431,0.7737663288939108
20003,mape,1.574863473654008,0.9723513142826335,1.7544767150663545,1.3156447256447257,0.7791948171086004,1.223671636915932,0.9063607230644123,1.383884289049405
20005,mape,0.0925837781311162,0.0793070375157295,0.0799851413615597,0.0746883606144973,0.05629653161327662,0.0493727718852517,0.050716798304606014,0.057658011821518
20007,mape,0.0726446826307466,0.086690575053708,0.0908080941783929,0.0877094206083038,0.05593926715830625,0.055968093563940946,0.06143652428102288,0.08286950676833388
20010,mape,0.9262376522931456,0.5426119940779811,0.6330883048043296,0.4709396739650984,0.48686506039568733,0.35346141443241424,0.33466817734106274,0.25566987196182367
20016,mape,0.611354073448457,0.5216655062570438,0.6625460720061362,0.6493644030415391,0.5087848858630578,0.6034976479963974,0.4516878132341935,0.43865852957425083
20017,mape,0.1107225936330021,0.1538602594496991,0.1763117687312765,0.1349482746412151,0.12106987853492998,0.20273175531178556,0.16222691169807754,0.22470331640134678
20019,mape,0.2708390684432381,0.3279101534967635,0.3290383513989555,0.2688816298210554,0.3086728529862749,0.29148033653760724,0.1962217154117531,0.39920594239474266
20023,mape,0.5783029950691824,0.4107058222633475,0.3724003236126892,0.4633952923391498,7.822036256223336,8.054197177113922,7.392468662148222,9.167981631809184
20025,mape,0.4970635898138205,0.9158564958054578,0.9298435551588126,0.7684188622384394,1.2111362298806492,1.855307606804123,4.233562101533459,5.312221488736756
20028,mape,0.6381994780651266,0.5336006052176498,0.6035748112240251,0.5267258216965991,0.4805285204214752,0.4530192362175215,0.4780953930218017,0.6597348627121701
20029,mape,0.083326780692319,0.1587575209449379,0.1036180644620747,0.0798384353164589,0.12443015488651449,0.11180406984875987,0.10927047849836767,0.1122777037354534
20030,mape,11.016127893659805,0.428310471385881,2.5115710351202223,2.7430833333333333,0.3159118529823091,0.5004150132890101,0.3619840978472321,0.612667437063323
20034,mape,3.5655853798475223,2.147706750484275,2.8444859396805726,3.1705704531670813,2.854940618636096,2.3781537386350293,2.354973682071922,2.440128826696242
20042,mape,1.3365948444135325,1.0201430636512832,1.029397135417469,0.9342475600523804,0.395050654195735,0.3446082186891625,0.3163802019255141,0.5175177688431365
20043,mape,1.1328515763243432,0.4594481309018712,0.4781425383611706,0.4990831722290056,0.29713234927951526,0.34261167692186284,0.274656487027435,0.32323138411009406
20045,mape,3.009646056274468,0.5911806274964837,0.7133492082304845,0.592597442680776,0.5572935529066352,0.6395164065890842,0.5626414345055031,0.6315694044927231
20046,mape,1.8415080147141665,1.8463312439682624,2.006672658684255,1.8407610393543452,1.4818451060490074,1.8959183946691494,2.0176126200746194,1.794163303474769
20057,mape,0.9716662105552516,0.7381348737897752,0.7653550544678179,0.930694210627644,0.5877241967964497,0.7116875884087457,0.5415988415309569,0.5518339671156216
20059,mape,0.1700078265373332,0.086973731999558,0.0952674807952725,0.1070163202100713,0.04461420130995159,0.05988527262743599,0.04513617219369658,0.05250649181205853
20064,mape,1.3279521254512727,0.2541131715749878,0.6382859325774284,0.3914458892596147,0.23306680912362213,0.3631632925428719,0.23317055051062838,0.25698366494930286
20065,mape,1.8670376455513,1.6998318973617024,2.353843933461261,2.1323584916912703,1.7724635487174423,2.160477026528012,2.3087369138289873,2.6763541179163806
20075,mape,0.3129126177326173,0.2016453222828734,0.1687625947334892,0.1727094483993863,2.7492417503099467,2.875784818882,2.7603513968077635,2.95424315229966
20080,mape,0.748672502876347,0.2579184613964229,0.2144200762905399,0.3329650403608737,0.20944785534033636,0.1336900176049055,0.2265289592307873,0.14076549245777162
20085,mape,1.6935055438293056,0.9948605257628133,1.0851420923613573,1.0352619417060511,1.1526023322013457,1.107558326439255,1.3120393434569861,1.7359442147375665
20088,mape,11.511042343364384,9.186658124820426,8.37560175162757,9.44415863586707,12.030204064448249,14.509774635158209,10.867353254605742,15.494349670541595
20089,mape,1.2223850288533584,0.2400095448015357,0.5785110169543383,0.5824500466853408,0.8889712317069791,0.8040246463011181,0.5649374294953792,0.4435034444512934
20090,mape,0.9788051714980082,0.7171192405231569,1.1556590166347045,1.2920245277777749,44.28110100706388,27.7064026133838,38.26027557682857,34.40910635352746
20095,mape,7.487175101137087,6.731249490592999,8.34312950481331,7.685913850352102,5.051471501039666,5.668504864642275,5.263380985320075,6.2388062351837075
20100,mape,0.186146170417203,0.1262207161366531,0.1423621814351647,0.1206834216166633,0.08657199845556805,0.07423744215622999,0.0711314539822726,0.08068215732266454
20104,mape,0.2208940799975315,0.2465766833994334,0.2204829079224094,0.2838299464898108,0.17152981007489773,0.21077033963003583,0.20120694061930292,0.2659272987383636
20105,mape,1.1218311602163755,0.607717057555663,0.3863956745780607,0.7310217717959115,2.352819609891372,0.37856803517011134,0.36376533062626903,0.3735337198054054
20106,mape,6.073844129341632,1.232417682097624,2.2401139877775456,4.677276741020194,2.542712994458316,4.6439094178665625,2.928692299074127,3.2244173547279233
20107,mape,0.0332413914937696,0.0901481390351698,0.0631568775595198,0.0497946751589522,0.032015800470883836,0.04138596371935978,0.03328347176277457,0.04131631381736784
20108,mape,0.6009164412782309,0.5089698728483172,0.5708286429160099,0.5802945041605146,0.3274275790890055,0.5013641959449027,0.41741710354764155,0.3648142539168336
20110,mape,2.2753507282329863,0.34732649586928,1.146081891066756,0.7922216610549944,0.47381747923008954,1.3747782317246882,0.61064592090692,1.437005532122354
20111,mape,0.2007734335369874,0.2149578757650248,0.1595620150031891,0.1288795672275009,0.08144293379871456,0.08431418418505081,0.09894014141182729,0.16285217551330816
20114,mape,2.639924789946756,0.1259929307371428,0.3696231035170731,1.507932098765432,0.13347197307480707,0.12045163342982163,0.14022519132237377,0.1449304390836645
20116,mape,0.2468197149478122,0.2811668692598926,0.3055475086542363,0.2527424082015635,0.2161398308512622,0.21607612582692118,0.19895358755322454,0.26161000096541853
20119,mape,0.4485478377627094,0.4414566817501218,0.3138690317737022,0.355450066951078,0.10809460737772317,0.1690468741774276,0.1627139272819782,0.14346294428021406
20120,mape,1.3287434578835322,1.45210553444449,1.368600953044147,1.0637387533139524,0.17361656811240286,1.0090818523030711,0.24762028396982075,0.9183905077519388
20123,mape,1.3594232218694655,0.9682508286677884,1.4788525412964155,1.7990789473684212,0.5555473884256572,0.49947383767835035,0.6957493253308817,2.0595982816174403
20127,mape,3.2989744645530976,3.139716161796212,2.8729449210046765,2.696473946167776,14.128608732527333,14.63410753856592,15.236744253481419,14.932625896177427
20133,mape,0.0980032390149995,0.1664066573481525,0.1071396658417394,0.1053902368278311,0.06142377800971424,0.05916696909216809,0.055365512495924085,0.06601834243625908
20136,mape,2.324951369918948,0.474863129955874,0.3718867691579621,0.434987954353339,0.9513063724588271,0.7415049463486254,0.4864259385558032,0.5912956654176413
20138,mape,0.2344335563115616,0.1382677827832373,0.1087582090875046,0.1713194682258893,0.18268665339052115,0.19156499696111826,0.14294024076531037,0.16531129029254146
20140,mape,0.70046655428126,0.7026207654126961,0.5975592480496599,0.6134782577749819,0.6938997154870525,0.6553813804942114,0.8882433230888857,1.0427097193184303
20147,mape,0.2900809973434833,0.3076255669044802,0.3291495679248104,0.3127039082812171,0.3221721672530509,0.35233203376781014,0.27800189099114075,0.29890823579898784
20148,mape,0.2181323382575904,0.0743439180147539,0.1021552082675639,0.086555380685707,0.0645546820049813,0.07813266439236827,0.0927748307253268,0.0642387895382238
20149,mape,0.2978295732912177,0.2023342346446499,0.2881370796279541,0.1994247448837273,0.22144434892719425,0.1883380680422534,0.1817907941931853,0.28624912909896905
20151,mape,0.0969120414142493,0.1194285639643734,0.1082175635133285,0.1038057435948574,0.14209495894598378,0.10920795076330345,0.1358285380352957,0.1066722968267742
20152,mape,3.724398334879659,3.543080688853887,2.7107175062915485,4.007962441807485,3.2867023451624306,3.530101427850928,3.911342470743988,2.9959478765044527
20153,mape,0.1446287283520527,0.1159227913468851,0.1161117230013628,0.2074862205753168,0.09904907369894014,0.11878031563194684,0.1292081044466632,0.20936209424649532
20155,mape,0.6856425749455942,0.621873907879126,0.7377510997495873,0.6532432248089507,0.6029773226389489,0.8124091041933443,0.5249866841906476,0.7810698628001144
20156,mape,0.4110469987744111,0.4052055493869912,0.3635390317299515,0.4067159751954909,0.4312679377285789,0.22692074477343535,0.34561717774684375,0.36840501801369974
20162,mape,0.2869735940557106,0.2442937537519275,0.2274189680818851,0.3481721163034071,6.387269860645154,6.855995778960626,5.840081916892012,6.864246812281843
20166,mape,0.771612195987223,0.8291039296401458,0.98274752837632,0.8160347413155065,0.7955206476606868,0.79148467225152,0.8473649430056174,0.7559182077114917
20167,mape,0.1894729073568635,0.2155045648935577,0.1954778660110296,0.1700309815049499,0.12372308746271367,0.12419016060317281,0.16219511548971055,0.14147605098054683
20169,mape,5.90907998766218,0.6889180540306302,1.8519709996287783,8.161190476190475,1.4855793543067979,1.1819093117007504,2.1948183546095716,1.3847294036253
20170,mape,11.407305838517084,9.495964700344482,10.722852723724918,12.69955050904048,171.52170401407508,159.8914909637994,174.8683627342465,164.81931142423593
20173,mape,3.0850698780543646,3.7275423523363074,3.4831306977224696,2.8792257641914043,2.433657743499668,2.4284276712152435,2.452167649596111,2.422081843455077
20177,mape,0.6072299231636513,0.2720676744725901,0.3874350211364356,0.3247071629006816,0.4139692848189562,0.28332537437230354,0.1956744158025479,0.24114605211788018
20183,mape,0.4002514431908426,0.2747598869608149,0.1931525954828511,0.2694786611075539,0.419333789753454,0.3500466432794703,0.3547261413714452,0.3734723183968969
20185,mape,0.0902122861925545,0.0946430468710464,0.1165310413853377,0.0776578014351273,0.047238299851459914,0.09108717182090216,0.07700592760463643,0.10009089828248618
20188,mape,0.1651392978284822,0.107453491883876,0.1240550933389898,0.0946295754216263,0.062380303771446446,0.05614546051423677,0.054570218999902526,0.05735437281678392
20190,mape,0.1345752217197205,0.1530823100791094,0.1872161509047265,0.0745239631539481,8.949495816541976,9.672496595333364,9.547398496914779,10.170080656644533
20191,mape,0.5459505516210172,0.3395327043102579,0.5865101355954239,0.5742269436414592,0.30730927315472784,0.42406817650683554,0.5717513238253428,0.6017510152428701
20193,mape,5.607578487623207,5.6812651189223535,5.272752089716509,5.169665353210496,5.809363455858646,5.584420309678868,4.96639442120955,4.647279985999909
20194,mape,0.1604107699774826,0.1334846936947481,0.1483218912618327,0.1500998183928299,0.267659483467328,0.2789184551167821,0.21021699390006413,0.22092007155468213
20195,mape,0.8736721002607889,0.7328387743953427,0.856148037990443,0.9357637296868068,0.272304637285263,0.26740336369823364,0.2695302840930629,0.3488983387090826
20200,mape,0.9307376083030424,1.056145252135484,0.7306109908244606,0.9060420106156192,46.9054047117271,45.76590180599715,48.55575101360284,52.40682865170759
20201,mape,5.758480754057547,4.735477589152267,4.093640603384428,4.671534704461495,2.576057816035323,1.8322051616188904,3.216056588525906,1.544636460051161
20203,mape,6.692897671147893,5.403642164441035,6.58920545303499,6.389528806484713,7.02777237389388,6.200102418088088,5.355895609975481,7.705524391557773
20204,mape,0.5994667580297462,0.5525329339657653,0.4717982068878084,0.9588409824408436,0.4806320115668636,0.5368329734650743,0.49289073218923973,0.7099488288586483
20206,mape,0.4066055537405681,0.4303421001096432,0.4438130385297275,0.40571527208989,0.406177111875446,0.41410988618984773,0.48718890017083727,0.41524813726127696
20207,mape,5.452817741681035,5.035168238014977,5.568179217001607,7.021999805320239,100.6715374017516,9.685039066438154,26.8837859743859,20.508900695306146
20208,mape,0.4555002523454446,0.5369014900390066,0.5029811559502837,0.7356053772818638,0.29828802378219765,0.32999047697156275,0.3094832405332075,0.3230723569751528
20209,mape,0.7372061867949131,0.4094429922176666,0.5250578607994453,0.3680824372759856,0.871539092621394,1.633441640566103,0.9570268271176516,1.8596546865766987
20210,mape,5.26426190532804,3.9086456135088,4.107259576439401,4.211399053874424,26.97352633239332,32.58212521797853,31.31929832795005,39.95787980351898
20211,mape,1.4198956935413145,1.2009009799181796,1.3619429647863817,1.4921461873903357,1.2000494770292303,1.2929276921456518,1.4105044614481557,1.6593057927942219
20213,mape,3.5899015501433724,0.7031194969404906,1.0657253452431477,0.5665252100840337,0.5874308752319801,0.6758500994408152,1.1869954619458114,1.3905962413160469
20214,mape,3.282570426018684,0.4493862088492195,0.8465956217203385,0.8746520146520146,2.2617142619279327,3.0260495686026476,2.5141380886236826,2.23320449250085
20216,mape,0.4704211704207282,0.2931465632374856,0.2577190094617339,0.2738533309542493,0.22667279941861557,0.26243175668892577,0.22952658002881624,0.28122200992096935
20218,mape,16.25190793999997,11.234302111852296,11.869041652488573,13.345915403162593,14.999828787110378,21.634281855242513,20.45588752848859,25.899949838737555
20221,mape,1.839003304332729,0.4058118283202601,0.4593123273396886,0.2973440355940356,0.4208721338450689,0.32821323462875873,0.39054442991598,0.5373330768377559
20222,mape,1.5345679378483663,1.2175611900042902,1.4708936991403156,1.2951933397644853,0.06372659652605342,0.07007383197574475,0.06005357877815534,0.0676151888846025
20227,mape,1.929618790605056,1.1624141836546906,0.8552559520251177,1.09083283405955,0.8487556237627305,0.7689027177742104,0.9427060652229348,0.8696328939089502
20229,mape,0.1229802179634564,0.1662580315440452,0.1545601970183628,0.1364576428470499,0.13396124402369314,0.06924794121207105,0.07479291631072328,0.14025168989591963
20230,mape,0.8307810549132809,0.5162152584307931,0.37659865227953,0.5322882271717635,0.353128629936004,0.42131507766295634,0.5157791796007006,0.4323171883055066
20231,mape,0.3369346514133478,0.3390556497175119,0.3989637137089461,0.335287547512064,0.28987799569072675,0.24567113667518312,0.22298365893882016,0.263580346391447
20232,mape,1.9085823474488528,1.989092092744843,1.7813300778991703,1.7549681180963688,1.4687075307893553,1.9361034263195276,2.2793766145429046,2.493765083685815
20233,mape,0.1391863415395222,0.108607732765037,0.1514255908242349,0.0983972568630949,0.033131872928223456,0.06110642602704318,0.026729133127796272,0.04999845570670738
20234,mape,3.411049075784906,3.0403272182921888,3.4625371518208543,2.7878991096219985,0.9285102285437762,1.81152330222165,0.7063420075232947,1.7818462415839293
20237,mape,22.763411776115408,21.112978908625703,20.36659686601937,23.45796087529209,70.21113314534743,76.03348244419271,87.60364559134626,93.29792927309383
20250,mape,0.1799366621696586,0.1403219343946442,0.2268683737154276,0.1732538684975072,0.22107719139354856,0.1517529659279421,0.18086697472596222,0.2469343028623805
20253,mape,0.4052862205171966,0.430088462192413,0.3891628416540726,0.3485851519610572,0.24151024139442784,0.3373663163169016,0.4500801649582842,0.7417726705961147
20263,mape,5.521917491488987,0.1840223969357023,1.135078806236938,0.6798796296296296,0.2080381163844356,0.25464856249314766,0.20527302402037162,0.5023808302702727
20266,mape,4.746052602132162,0.6301365925978809,1.3058482784695091,1.265377777777778,1.8219444998988399,1.3927683216554145,1.3381212976243761,1.7378400321359988
20268,mape,1.0061768248387255,0.2620627237736845,0.2903594023320714,0.2624397432466468,0.27321666005219997,0.23492791127028217,0.2789949324397576,0.24482552338624275
20272,mape,0.6489411732689905,0.4372763184304667,0.57983938264209,0.5142463767838877,0.15343061965737592,0.292253378451867,0.14854539467344244,0.3486293350616102
20277,mape,1.374226333953772,1.2762700791543482,1.2989529403211053,1.3111506226835197,1.2145481967154534,1.262542746611078,1.2508409440576171,1.2743007162233586
20278,mape,2.0123198073429696,2.073218637640503,2.271547487494816,1.3766192902343746,0.2867798770572919,1.250008374572961,0.8286945707153591,0.6970901770676513
20280,mape,0.1226004550574318,0.143735479972849,0.1210365830236305,0.1484294134381047,0.11512755700144556,0.15334808181385495,0.12825201902424324,0.12564563039839519
20284,mape,5.20240315769368,4.847605441529325,4.202181974904795,4.808677034716561,14.050186897590129,16.497701454131043,16.72508568891975,14.40956491004346
20286,mape,0.448447198592391,0.3827805489102555,0.4897807965268305,0.2839350726423578,0.25099093408851547,0.31158009015946736,0.28429497791181035,0.46776579694820275
20292,mape,0.537319838518237,0.3945079373974542,0.4493150312661322,0.3413753882079964,0.5159410231842403,0.46945750604234465,0.20218118466852153,0.2437526866081237
20293,mape,1.7992712235526755,1.885893678938241,1.886392107404755,1.7316512207038928,0.6879519159352636,0.6882141741563674,0.7599420529926632,0.9014877399778813
20296,mape,0.6858787325213961,0.3450261005987658,0.625937747084137,0.5997760579108224,9.257182731624113,4.012067198225627,5.9733589352011345,6.445708554406859
20302,mape,,,,,0.3067076438003116,0.4924292630619473,1.0120872391594782,0.8974989238712523
20303,mape,1.462864845532805,0.4683584419678654,0.945116658341406,1.14838075511664,1.0250721914032335,1.1697046100320636,1.1286787796965962,1.1013569342116911
20304,mape,0.2064543400776446,0.1422763016909595,0.1402889870462423,0.1294669936067982,0.175527683778092,0.09348874559028683,0.08724398481502486,0.08540016511112417
20305,mape,8.376297148540168,3.533605931229796,4.082801516831664,5.586202020843252,2.1549583579749396,3.394611800938565,2.4272804151782053,4.3460802409648185
20308,mape,0.5740516395463046,0.6102828327694477,0.9024187470510524,0.8331817423655782,10.430018099272482,9.600055951557998,9.83478103857449,8.197161956170751
20309,mape,0.3212225644180206,0.4441623950433284,0.166350056973536,0.3504460233408684,0.37384426089896966,0.348002908332816,0.3308153540655928,0.5117553248969977
20310,mape,6.430738658367159,5.599599654835133,7.046869051539416,7.052367607250284,15.445357423527659,19.537262815478552,18.66910449481763,22.081801774572895
20312,mape,1.2277812584485792,1.0091024252583891,0.8765149219258485,1.121071288420088,1.1879096851583801,1.0532114431505977,1.1718941795423556,1.3574119272171765
20313,mape,0.2058245171600746,0.1883310044075331,0.208658603188852,0.2008799639047118,0.2384135635173577,0.21646771524096747,0.21085212642514767,0.1313627129831237
20314,mape,4.481147723727756,0.6759314056054571,0.9906613490206224,1.4038462962962963,0.37555772669521376,0.6255923376775082,0.50367603905407,0.7004360052538507
20331,mape,9.35293108622233,1.546416946430681,2.57675773302714,4.312916666666667,0.40187372940557975,1.710148807366689,0.9995714059582463,2.7018339424221605
20334,mape,0.9518069644396444,1.0342956996271735,1.036062452737041,1.316975227738152,0.23890224109036184,0.749967282993957,0.20700102517694471,0.7926654003009553
20335,mape,14.708487463016205,14.330242398767371,11.292386602576627,18.145062967335694,45.51862181855716,39.020209726661136,50.957558465382405,23.205105427195672
20344,mape,2.359007273704512,1.412191465584734,2.08003936756974,2.5317333791970853,24.158518205157822,10.882695318193683,13.777020270942351,3.5505000907168265
20348,mape,0.3075180392086484,0.0779830673488614,0.1529002568343646,0.1142709974171006,0.10225812399482413,0.052387006070742856,0.03819207469225826,0.05744200705745157
20355,mape,0.1382617958695392,0.1588846455114893,0.1407004262618787,0.1445012684280812,0.07835758021537126,0.13114435927362533,0.07599901854598694,0.12853089952549218
20356,mape,0.8491361834857868,0.5519673572481114,0.4013868828393099,0.5782159594267102,0.36356898867467713,0.4420539758334756,0.3477992643030821,0.2926474814260414
20357,mape,1.3596569083995942,0.8343852228398702,0.8648332301273015,1.311901326752601,0.7763591767587008,0.8473978028590385,0.8313360185854821,0.7627766801311834
20359,mape,14.112648963928224,0.7680758758211407,4.627348739653826,0.89,0.1259166101614634,0.22125460538599226,0.2720218002796173,0.1216873170600997
20360,mape,0.5350054159501446,0.5779995434985933,0.5919028927557571,0.5207292773432148,0.06554046369081581,0.35653662836009226,0.10280469406663792,0.3495915794920639
20362,mape,0.1771636172148195,0.0999463531980447,0.0996530341960536,0.0758306047393017,0.1308771096641043,0.06242118805495974,0.06087274350325848,0.08759697166946476
20363,mape,0.1851426440845641,0.2700501553114484,0.2509962537055565,0.2494192908566409,0.231018861197357,0.1213536414899797,0.1835034328669648,0.11711738949796754
20364,mape,0.9650021441217832,0.8062278667266602,0.8590440129077729,0.7536190614536525,0.49821034738766046,0.5640622147742221,0.40484031173483004,0.831157161569018
20366,mape,0.3679295379807953,0.2977998063546098,0.2153164220511053,0.3256008584666774,0.29570562061994876,0.3726282151597988,0.24982756493093433,0.18465750203948372
20368,mape,0.3753686431712336,0.4059141212434179,0.4716939074967869,0.4847436108246168,0.3457578260723175,0.24329880450321306,0.2270182617728843,0.3413478474585248
20370,mape,0.1472411777128734,0.1960803726998853,0.1213863015052631,0.1700976646458142,0.13990897127241123,0.11662425982932231,0.23424376448338563,0.2652175068565103
20372,mape,2.51756975320961,2.9956820693601616,2.2159568255443296,2.976029513941543,0.6877000254995828,0.7884484245523162,0.8557293323121978,1.0042148706757539
20373,mape,6.186166763305664,1.0447182919232176,2.858591198921204,1.9275,0.7844296097755432,1.2473159035046895,0.7476008964909447,1.3730431000391643
20374,mape,0.2208555858380816,0.2204518117510754,0.1962840515264703,0.1533407450712393,0.17106268003006037,0.19805887801724922,0.17813592579711715,0.19374954961458524
20375,mape,0.3202766218703011,0.3033199093040175,0.3089096719580454,0.2871895818839029,0.2386484909450578,0.23905918989290786,0.1548599688682602,0.23157472518678496
20377,mape,0.5701895183164644,0.4481025605007879,0.4483323421827263,0.5168453335342998,0.35547731601412375,0.34751124108676623,0.4417474936305024,0.3551525059321694
20378,mape,0.0799625677749816,0.1066034221369619,0.1108712181836859,0.0796716637583719,0.09148278345227943,0.08741813680839743,0.10629173194119973,0.07184790671112924
20380,mape,0.3367384119810602,0.0834997284472678,0.1301180604867001,0.0609384972231519,0.07503180363849604,0.06799737525169486,0.062113695724846964,0.10572950943773186
20387,mape,0.6449165048848711,0.6650437494646195,0.6710412458627979,0.5739443729192995,0.4679164385105355,0.48927185839074266,0.46067923992168275,0.5331884915927501
20392,mape,0.0906726048377681,0.0666297730222909,0.0962823352081556,0.0564136263615131,0.0303992492727759,0.0409798000406911,0.03458469922986754,0.04162204765724299
20397,mape,0.3613421132169818,0.3798051361804201,0.3738917412769603,0.3562805490153026,0.18343977743779594,0.36062262830984076,0.2837375421119026,0.1901724026602013
20398,mape,0.1142622249867425,0.0650873070862356,0.0721148550025955,0.0704284140684312,0.19585672789198785,0.10994260574231553,0.16856052972857172,0.24185249648304769
20399,mape,2.3066142451028093,1.9743600768266245,2.2321817539825,3.185756806968969,2.875815622327262,1.9375569677971802,2.8862501270407717,3.3235333721865254
20400,mape,17.76902331443779,17.888384140614146,17.708649764177114,17.392273480818027,44.177538063176065,36.97474938027955,35.63115837883433,30.729971078793646
20401,mape,0.575481298704454,0.5366470971331428,0.5277824961304897,0.6340963331411399,0.6524541380654163,0.49586583706596277,0.5841273904494764,0.6732962420868905
20402,mape,0.6535941736394996,0.5617242001832502,0.7432660391362799,0.7226755990343525,4.893111289789946,4.087625543119522,3.703519737684632,5.384338461488773
20405,mape,3.5767441495626136,2.2775600908202374,2.555829333844404,4.566014680915603,7.229543999940337,0.660546546203193,3.3639911968196485,2.7786030540217928
20406,mape,20.429522832234703,0.7235651105874509,1.7309513474504157,3.9171666666666662,1.942992364918744,0.5250730183389452,0.7434809936417474,0.7493058719016887
20408,mape,6.589450412326389,2.3536307043195976,3.403132795735642,4.738773148148148,1.127695639928182,1.022583297741266,1.6278823157887399,0.9349559920805471
20409,mape,0.1265722162245449,0.1452597498475637,0.2276565617391683,0.1328543818800903,0.05294200206056688,0.11604524692603599,0.11650698368039847,0.08210194789513744
20414,mape,0.5087504748826153,0.4550348978284877,0.1190465363050242,0.3525226741988796,0.5203133738618779,0.37988081337913787,0.4351916377033157,0.4118231763973686
20415,mape,1.141611891416214,0.2560944943486009,0.2581350716356998,0.7300527089867812,0.3869954170673976,0.39394841928759217,0.9330796535105663,1.4523283552030586
20416,mape,0.2894764985215953,0.3828027312860598,0.3182095152773531,0.3630129488252839,0.2685706048636743,0.23209030585042914,0.18248470849892093,0.18574117486384906
20417,mape,3.0728727626882573,3.2835012501877667,2.449774393223104,2.503900903724189,4.442947414565528,2.5663638743274095,3.090764512184653,3.53535527986584
20418,mape,0.3605770717880314,0.288487239019367,0.333443694755936,0.3373064628036302,0.41996796156535093,0.45014085682449473,0.6067450350670419,0.8925110341342268
20421,mape,0.6641874917602233,0.7113410413720975,0.7854577474282981,0.6130028639915606,0.5779564437583489,0.521908633764216,0.6421627158178091,0.9748353676213019
20422,mape,1.253556885040617,1.3798456646443356,1.1619192411273396,1.5908978370389997,0.9517161370786857,2.188969628994768,1.009029957704718,1.8763858777899536
20423,mape,0.5667731858613038,0.4869221378982112,0.549286882027797,0.5381667302979425,0.30273169081166684,0.7198747401922588,0.5502542431581777,0.4016117625245361
20427,mape,0.1965157366571051,0.237251023900334,0.1832973178384676,0.2525967546943805,0.22811915524283335,0.1864691655794826,0.47065466136072637,0.32225572815536413
20428,mape,6.411307861529114,1.6871310112645674,5.255688930876613,3.757059030475697,3.317505268841911,1.2160500142352038,2.745983541947624,1.6073932084162168
20436,mape,0.2510819218465838,0.3005413051105647,0.2660779168968348,0.2995766912051285,0.2083056819041843,0.28591812634573477,0.18294079296692628,0.1770964970022077
20437,mape,5.478688124284217,5.271701952786451,5.874180953383913,5.763871905561615,6.493908007362601,5.610930395620987,6.852841000938714,7.714253408302216
20440,mape,0.2007126538135943,0.1230070033311794,0.1166555922143978,0.1416230780621292,0.11578793235093089,0.13623172004473574,0.14664149586887115,0.2352025446361957
20445,mape,0.6526738827061624,0.7410437075258063,0.6597988996284075,0.6217028132145704,0.8563007407749446,0.8587396497918178,0.8599082388951581,0.8605562715236202
20446,mape,0.3520936157378393,0.0943622131068188,0.2350450360445634,0.1388290601454616,0.22447042734587408,0.10409880111707519,0.1020150161987347,0.10123422386441108
20447,mape,2.5961154229977077,2.694293703662821,2.2705458333437885,2.496261721269412,7.265872889712546,8.413809886730522,8.536406608362874,9.185985742891832
20448,mape,8.83974524553229,7.763391242664884,13.64030108248933,12.415324612131714,8.700011549552835,9.19476710287965,9.905776647538158,13.602351175000827
20452,mape,0.1853805520873075,0.126739827990264,0.2165205169195485,0.2068142615511095,0.18456261882415093,0.14199385400307338,0.1470379723337003,0.14861737695496702
20453,mape,0.7158210621479113,0.599402040531134,0.7685337692349088,0.634342912488703,0.537757517421227,0.500164994049786,0.5081662438226285,0.4003961299951649
20500,mape,0.7661391935348385,0.6420869780561149,0.8722102636540909,0.6480459476580149,0.4166711965498352,0.2507900164354991,0.3240410205684194,0.32494125562323417
21007,mape,6.07697584717362,0.4789235791519087,1.294045966256548,0.4652731481481481,0.5211894912852181,0.518761960003111,0.5272055677793644,0.7332886780853625
21008,mape,,,,,0.03666599260436164,0.14945024914211696,0.12809581889046562,0.3085312247276306
21035,mape,8.011243911016555,0.5931093892870173,3.047901017325265,1.0947619047619048,1.4856596500785262,1.2442161617455658,1.3957760598924425,1.3197047224751224
21040,mape,9.142622152964275,0.5065713327471196,2.3616552601257963,0.6139583333333334,1.1905865260848294,1.9768116617644276,0.868267572036496,1.6146918899483151
21059,mape,0.5401835866490806,0.1363903746061807,0.164485676329165,0.2266374891352961,0.05853692750003773,0.16219966951791148,0.054520935095456156,0.1892962368691713
21061,mape,0.3611633223250161,0.454075294424429,0.2991618064357412,0.2667329087799281,16.846733267691025,15.68435619156866,17.56403300220443,18.477723227268548
21080,mape,0.9553547415574204,0.9200203786473492,0.8895187052084226,0.7932130562936334,0.6783568042090002,0.9119687117340453,0.6362784338014954,0.7481359949929719
21084,mape,0.4994047475738832,0.3092457475170771,0.363493020966493,0.2327478601963904,0.338314273680701,0.1801020122433893,0.28111202780993394,0.3179408400270152
21094,mape,6.658835434619292,1.447158494206051,3.2475459622432736,1.889570105820106,1.877173347342792,1.0999561587916902,1.5604046534819156,2.408434615564094
21107,mape,0.5907527711418139,0.5727936724787956,0.6622255254780725,0.5287029877935255,0.3774403128634213,0.3694424325087229,0.3507243640846782,0.2949681023228303
21121,mape,4.839472568062184,4.506722037552553,4.112873591098362,5.171768144313407,3.2005277646344332,3.908543089629679,3.597127963136382,3.7360211773079155
21131,mape,9.773097677944468,0.5432899208512073,1.574995997629198,0.7283554421768708,1.176237026314256,0.578351599734927,1.1982616020888879,0.8594269458579008
21134,mape,8.078712272644042,0.604137137553522,2.4208050878511536,1.093611111111111,0.7826162264302925,2.787337338482892,0.967125510065644,2.5712609578061985
21136,mape,,,,,0.47801035498562494,0.8637066358384201,0.5424905546477135,1.0258988892351741
21142,mape,0.3460874004128,0.1872595157701782,0.1421612144669187,0.1708087933939803,0.07587953193046597,0.0896438051988683,0.12922756857945325,0.14073680460756843
21147,mape,5.135346857706706,0.6698690349865655,2.143390565779474,1.4307777777777777,0.7412042827016175,0.7836920064105731,0.7797850061345984,0.806949319813388
21158,mape,,,,,0.6846639028301946,0.26292030899612995,0.5492195586363474,0.36028713870931556
21160,mape,6.493354352315267,0.8697181189523762,2.6316721748250225,2.2200104166666668,1.1227058253906392,0.6848987766989956,1.6257875438089724,1.1753716007426933
21161,mape,0.285267707389052,0.0639747218241525,0.0327539123336764,0.3099524506704844,622.4517124519157,622.895422854359,739.4735733175862,783.8297380496781
21167,mape,0.5918074849119398,0.5269575794252298,0.5520293464540934,0.5683524986393045,0.16578449509434443,0.20895624425569573,0.226443358334457,0.3539057553916465
21171,mape,0.1946684673163692,0.1871361886999999,0.207011567031486,0.2081103034485521,0.12678003287935344,0.23294764895687717,0.1430664851430769,0.16158304138654433
21186,mape,6.981378767225478,0.1019731083979331,2.126934883909093,1.0353472222222222,0.8276903883174613,1.1465994472856875,1.2954487668143377,1.3088453257525408
21196,mape,5.415363348098029,0.6158863884071812,1.7414900045979906,0.8379623015873016,0.8494814700865871,0.56405163134532,0.6511348797215356,0.6268383230797198
21202,mape,2.9309355185188064,0.348567327645126,0.4693005211532511,0.3659976967476968,0.5088581498137112,1.3030347994269222,0.44312443473642804,1.1693045368433466
21226,mape,0.2700002247395778,0.2040231455611615,0.2101963500221439,0.1954997115374721,0.046504568433362994,0.10129913412133147,0.05111617817914993,0.09987336701348787
21231,mape,5.401427253252147,3.55565058307206,4.960612871313251,7.008696870330812,2.3719656605342205,1.485791265149225,1.0417249066228402,3.488644460796643
21236,mape,1.0899858516536698,0.8301470982708845,0.6285163900138562,0.5934334987666068,0.8055269697169976,1.2362757626077587,0.7972631147624619,1.230184371819246
21258,mape,1.5945035307975917,1.4842273228192766,1.6247576061853557,1.624247884164375,1.5956471225570008,1.6647898572398316,1.5635487489343203,1.6041929854520764
21261,mape,0.3011276215610764,0.0512590760262405,0.1620813099220237,0.1703748580139014,0.05195614036449913,0.057837536038481935,0.08985365628431424,0.0790819430179927
21262,mape,0.0594267948162617,0.0679155195240269,0.089616083187732,0.029927832659618,0.014548769731222547,0.0288980442312569,0.028075624870872857,0.09226522858023707
21266,mape,1.2367075119300135,0.5266923117314534,1.207684184148873,0.5028620629370628,6.725815105308556,6.572759569025735,5.903503517692678,7.531898360662814
21271,mape,0.9148972556542944,0.9003658780223738,0.956685980130332,0.872078416654746,0.13664442831376064,0.1268748309368417,0.19321542664310032,0.2361922255416443
21306,mape,7.08792849949428,0.2937834460909105,1.9000389852694104,0.4296428571428571,0.34206100636058384,0.35409581495655906,0.4329499668545193,0.38959647052817875
21308,mape,4.26063524919843,0.4603173577242128,1.1440409079770602,0.84421875,1.3634869203996405,1.742855132361989,1.3121852455315766,1.909605915794507
21309,mape,4.124868036199499,0.5369719200330123,0.8701397575477443,0.6055489417989418,0.4316125771671376,0.49767346880423324,0.7428491976841417,0.6889175773297668
21331,mape,8.726122114393446,0.56638865282178,3.384930981530084,1.373148148148148,0.3539155705107583,0.3503225269141021,0.3337960726133099,0.5085171014070511
21342,mape,0.4237322404227528,0.3634318309343913,0.3816175393405002,0.3562317386834072,0.20571394097482346,0.28783432417622,0.20057790047818516,0.20795056642690637
21351,mape,0.1085795551224092,0.1929211898507518,0.1629968217722638,0.0825027464155303,0.08304711159820687,0.14360494947321023,0.12539326244124976,0.10771722488115915
21352,mape,6.767593375638,2.739326403235636,5.058950709901064,5.923706133735545,2.0009641162237437,1.4511888959299126,1.6906883118555642,1.8057890538136843
21356,mape,0.8371375293607399,0.602770190296734,0.7439736320991145,0.5340341940563149,0.2582933299143788,0.27443175562537014,0.245321727858587,0.2415855372897155
21361,mape,0.2823112915116346,0.2712286935908493,0.2124325512276802,0.2364803484327129,0.28964529829769825,0.2581872405344588,0.28311067476039115,0.23367175922032576
21366,mape,0.5913315341415843,0.6574415118299562,0.6806774594167964,0.5333510515068919,2.448791180823294,2.884204387805602,0.6420396178672063,3.0404501098983276
21376,mape,0.1822627234566844,0.1458611152099026,0.2593650545499911,0.1453233310347232,0.21681626727676195,0.47816347555856503,0.2580003602324708,0.2897599777191214
21395,mape,0.1445129587096815,0.0775619577227025,0.0910709387976941,0.0701668023899247,0.05159778067038975,0.056308357962857936,0.04509870103669382,0.052666300023649894
21402,mape,17.94077410016741,2.0262953098013687,4.393324737037931,4.221428571428571,1.0114339623186324,0.28905514544910854,0.8859325564569898,0.5554405550161997
21406,mape,6.717164195667613,0.2891828892368216,1.7334991316903725,0.4639545454545455,0.42114212512969973,0.3996136592494117,0.43506879872745935,0.4496917482879426
21407,mape,13.4148678249783,0.7863332417379153,4.14384155223767,2.277361111111111,0.3134408686999921,0.2546584528905374,0.56593472538171,0.5768674004960943
21411,mape,0.2855910947165872,0.2444734591985282,0.2979402685270422,0.3001278367384565,27.693884469042917,26.915314018896023,31.017169869069928,28.967308800320584
21416,mape,0.6683346805384018,0.4463332904826528,0.6410282987684549,0.5725497048415265,0.3309996593003111,0.37776257342084346,0.34621532770574864,0.42619275574089716
21421,mape,8.964820543924967,0.0992234609287645,1.8049555743734045,0.2937499999999999,1.3435369438595242,0.47270329462157357,0.5461542063289219,0.3982007112767961
21423,mape,4.348938741439428,0.3654167190502319,0.9227524992747184,0.2992115384615384,1.1466384630512307,0.6845761217452861,0.655264753875909,0.5723517485238888
21427,mape,0.248047256566016,0.2255841454642878,0.254071665709664,0.1989197215663162,0.15327759380221717,0.17399888971135116,0.15184313154088006,0.15475238063821567
21433,mape,0.3667780590595491,0.3006102405337781,0.2406672512034943,0.2726353940594205,0.7845997126477647,0.6263023729633092,0.8586254717931648,0.7221785638992998
21437,mape,0.3214787005366989,0.2581622356994419,0.2430934936892129,0.3051850085968592,6.695539751511506,7.148491220847465,7.192128653487667,8.04260952262991
21439,mape,0.8054966866882877,0.7694104738783152,0.7908765620731283,0.7618611837082605,0.7169325041391148,0.7215031409952635,0.7207659249540951,0.7133667454563491
21440,mape,0.807082303292629,0.3304095455070809,0.4115137466863183,0.3597236895011107,0.3906427080479448,0.31698265166094425,0.3192969547456454,0.3485067872844145
21447,mape,6.144033952192827,0.1543875813701481,1.742789626121521,0.4810227272727272,0.50436845752928,1.413402646780014,0.7660273065169653,1.1906171523862414
21463,mape,0.2473947835315237,0.088490137754047,0.1535498483355036,0.059585588181975,0.12344072675626909,0.04748744346811404,0.14994340301589604,0.1626111538106501
21467,mape,0.5747692375813023,0.0696096369948796,0.1183631447549594,0.0704904164462988,1.26331283122386,1.2546818799782342,1.2629320861038211,1.189723937079279
21487,mape,0.5217153305030421,0.7647339985468545,0.6063075099584965,0.491299478215206,11.161996257693156,11.497343897898176,11.412627532421261,11.541501710180519
21492,mape,1.303762034088616,1.0919462487264662,1.1315040847397266,0.9985880453794048,1.18571482958654,1.3286396979894175,1.0266089703343377,1.1074370252299557
21528,mape,0.6432568433903085,0.8649407440808884,0.8712711750881049,0.5569255116772882,0.86919123077834,0.7673314395957298,0.8360200897492457,1.000904271605564
21552,mape,1.0663730788977237,0.0876225827623222,0.4251738985215506,0.1002261351909184,1.0054286110625785,0.8914073573334641,0.9929330774372936,1.0597953116994465
21557,mape,0.5548181517012144,0.557299324638732,0.4590329159938636,0.409803746241098,0.19312828615739136,0.1568203718104518,0.2389276014965199,0.2776673335958552
21567,mape,0.3639879870518293,0.4571296527301533,0.3860033199995215,0.3786265035361481,0.07601039024739362,0.30225434814814156,0.07892555335414003,0.310336715364404
21568,mape,0.2296637447959974,0.2341021629027415,0.2004750188056242,0.2641053601923678,4.507464108354179,5.358798287577359,5.311977276673996,6.429503225492761
21569,mape,11.87082036336263,1.1085938115788778,6.388323783874512,1.7366666666666666,1.5628857678837247,6.014004256990221,2.870157480239868,6.031007475323147
21578,mape,0.0948764730635629,0.1324151320423519,0.1382045175280509,0.0909786218863873,0.06920629747676355,0.08172856469384834,0.1194048551455375,0.16755359195091776
21579,mape,0.5492490126573313,0.4332643389295496,0.4951699761708461,0.4799493070767734,0.27042049530634804,0.2598445937783936,0.2721709527088252,0.302655500635246
21580,mape,0.6677620490653134,0.1960259329645679,0.268725620545108,0.1786434291423326,0.33731105406364753,0.12762350053419774,0.13983191966468903,0.17570415732919822
21587,mape,1.2006770198516952,1.176769425381695,1.2151898459297603,1.0307087573056255,0.9325511583034801,1.0767669107618296,1.1115162633509748,1.245786692470485
21590,mape,7.525823152982271,0.633513693096377,2.203065694524692,1.3732371794871794,0.82826353278425,0.8069565820473212,0.7109391087735141,0.5204955218014894
21592,mape,0.0807800841897176,0.1754829681947625,0.1182276577741918,0.1337399789998918,48.536079619410025,45.97991924633866,57.72851800557018,57.50933991213117
21605,mape,1.152791894440905,0.932243648481836,0.9405958634843864,0.913541138536564,0.818803241518061,1.0856618235879445,0.8605143934415743,1.903825853587387
21607,mape,0.2140935183503823,0.2182708035004307,0.1546869799253681,0.1799793886120808,0.19137861803984704,0.24762029873026614,0.17094314843464203,0.1830266267375046
21608,mape,0.4192200630117198,0.3042336854589541,0.4749298345784979,0.3227351938359398,0.12095299178368683,0.14796757051818418,0.26659873215506913,0.28930794262123194
21610,mape,0.195417941598104,0.2248990195056303,0.2020391279794504,0.1896448673252337,0.06562971211392885,0.1478235632657408,0.08531835819278331,0.11359170947587185
21611,mape,0.0996682582808938,0.0981642175985971,0.1356877872296634,0.1055884889553357,0.05708750481212854,0.06871190112324203,0.06807473271387271,0.12131306962496609
21615,mape,0.9315417803861266,0.3875086653956846,0.3943628402502386,0.3803501722937407,0.3224385964343787,0.23760863508879002,0.23390390681926762,0.33409837489379773
21626,mape,0.2985908324960833,0.2041918307707293,0.1958111983434803,0.1875354252109912,0.15215448485893351,0.15346078788160553,0.13483989627606238,0.15446282257118807
21629,mape,0.461022559057859,0.5219359895540325,0.5807759444123595,0.4964485311198343,0.508933743931377,0.5842653559559177,0.46050764143308787,0.7816285042023464
21635,mape,1.7240624682012486,0.7372765817617358,1.139341929481656,1.2641313033467898,1.165657572465441,0.4520717128903583,0.6511943396816451,0.7865581176968282
21638,mape,0.2029147334847395,0.21302698099165,0.1698561786541025,0.1863129540431125,0.2319736976942463,0.1954129758698295,0.30028796867286695,0.25888336758609143
21646,mape,8.483421256325462,1.3685097729104845,2.651226418939504,2.3085454545454542,0.8773834878279838,0.8079048126568029,1.0809723284141517,0.8579094906648
21656,mape,4.976749762510642,0.4189594559343785,1.2468363309326844,0.4222435897435898,0.6562819229231941,0.9790064794045907,0.5203330251905653,0.8420320066037001
21659,mape,1.1552643596471208,0.7352191818447122,0.8049665301990763,0.7344035558823394,0.23004876659989115,0.23239279517400513,0.2211864120544205,0.18725266207697094
21674,mape,0.1537100478794609,0.1233135068192962,0.1125637337331087,0.1168031831294652,0.18407093382533107,0.2060007028812872,0.16721933110221474,0.21137844573437178
21692,mape,0.9141506879102616,0.06618905975587,0.3098869675563441,0.0746881200396825,0.8093298438154621,0.8916559042753998,0.896396032454055,0.809414373503791
21694,mape,0.9438386454624774,0.3405458097142884,0.3265987190737658,0.3190398799257432,0.19878066878422865,0.35287500977681685,0.18955742565616696,0.5515616164050612
19386,smape,0.120857457624464,0.122902763130097,0.1138039900259266,0.1017281306155432,0.08665176996241837,0.11813422047663996,0.11440543004294024,0.14183362740234276
19392,smape,0.1688688947981105,0.1724661290069045,0.1597972724034716,0.1789672422288841,0.15268465573340761,0.16286014073847868,0.15684203626984172,0.19609272380537612
19393,smape,0.0834065728861352,0.1012707714302978,0.0921105037671717,0.0880475229506941,0.037385580771859946,0.0655560649493352,0.07459249178874715,0.11775535180914981
19515,smape,0.1526745000203256,0.135517408050153,0.140046160991717,0.1363365279855578,0.16829795911391696,0.12218302865321304,0.13248827298020213,0.133943051086275
19519,smape,0.1729195418955182,0.1628366880014795,0.1569915746673939,0.184662248473329,0.12506908210752668,0.15405874410278572,0.12139135615974944,0.15213616287753454
19520,smape,0.3394318573527887,0.1484370761138607,0.130785455209609,0.2112432053180675,0.3334927756942532,0.33314756287714575,0.3463086196267221,0.34631969492707587
19521,smape,0.3723163954470515,0.3356283248329268,0.3322938885109673,0.3234456102272529,0.3638900474472392,0.3303082532271047,0.386955324778108,0.40233387709690244
19522,smape,0.2594994092366798,0.2412217480519875,0.2793677656335211,0.2648162483517124,0.22029331174491806,0.25183515686128743,0.254334710666924,0.28757581255979403
19523,smape,0.0952329698953129,0.1140791306926716,0.1236627635395051,0.0718640595640866,0.091533187038003,0.07756293368078739,0.07554993975214333,0.10737196134807908
19524,smape,0.3249603689630738,0.1432097866847817,0.1879103925267435,0.1771510091841954,0.1392828343348949,0.09211835118234814,0.16851406046356254,0.1870479381660092
19526,smape,0.2434584916057693,0.049554184730696,0.0869681911771983,0.0539665555274576,0.03397044494316128,0.04887962325296173,0.03333520037152945,0.054893514346517944
19527,smape,0.1307147177890631,0.1590735550419592,0.1391849841808362,0.1846725037507799,0.12318105362707923,0.1389833124548271,0.12517274566240622,0.14824416966525028
19528,smape,0.1237349534590544,0.0821005049447687,0.0957219148131553,0.0983621849652222,0.43153027431289076,0.5273746628877378,0.4805578750341472,0.9021938687913386
19529,smape,0.1038393067289976,0.0997774205443888,0.0862141327088544,0.0853365787450204,0.09961796412521595,0.08752942911814403,0.08854592915233796,0.1096491222385544
19530,smape,0.2997327859669033,0.1487761051448284,0.1773473702579392,0.1712141401832524,0.11836418511601406,0.11460374754436724,0.12382376506787211,0.1180630722591764
19531,smape,0.0917638022472822,0.0997986261941054,0.0826327291771597,0.0802233812765635,0.044128967942247785,0.04404059571887839,0.04399970252763237,0.04885145281543077
19532,smape,0.0674265392539152,0.0598531433955189,0.0458994247522171,0.0449482624104973,0.040212112682194,0.03776951901823092,0.03943512640644509,0.04110879381715838
19533,smape,0.0586851373355593,0.0841363006805851,0.078150887957959,0.059830634284168,0.05491568814668232,0.03580961998911765,0.06589836175233672,0.08003196592364857
19534,smape,0.1629532645128901,0.1107404037736037,0.1395429748878423,0.1650585970172681,0.09770550315468464,0.12680474570213893,0.1074606721371915,0.12225815499071764
19535,smape,0.0750391295503841,0.0371424598052372,0.0569464405112073,0.0450697444872038,0.044024227463258146,0.025953518428120867,0.021035649020344407,0.023740750167255478
19536,smape,0.1381490154757471,0.1222986187584498,0.1257190000661531,0.1259274760375722,0.08232356128871883,0.1251344756147425,0.10551827539778967,0.11330500652025689
19537,smape,0.0674127249813506,0.1069627165863867,0.0714025395198938,0.0595679152813933,0.027028075617671635,0.0852373631480051,0.1001679610875332,0.08411092695701364
19538,smape,0.1242172859447659,0.1160721805823569,0.1213629375977046,0.1087400090089214,0.13099497187097262,0.10307506520202564,0.0889796037407991,0.10377999107637176
19539,smape,0.1418194339176907,0.135456655149191,0.1036417221219246,0.1209727257955257,0.02025494440130013,0.07900554423422028,0.02187543258327104,0.07834808978192444
19540,smape,0.0794007742816474,0.0955958643352859,0.0925319120127662,0.0783218209674135,0.024073027602895425,0.03816701709452827,0.028254948307630763,0.03447554548938725
19541,smape,0.1983207056655144,0.1331702185953651,0.1179713966974067,0.1417621531793614,0.18479761536278647,0.19357553268909683,0.18835450061817077,0.1922457190762348
19542,smape,0.0585999270066611,0.0351429238857855,0.0673326338918956,0.0463228353282689,0.015266587457055197,0.03335227397123813,0.027087378261077773,0.03315146163452409
19543,smape,0.1052178038583158,0.1557699773750428,0.1379824203055957,0.1096620828213881,0.042275326468648476,0.03631999961008872,0.05296204215307933,0.06378670645467749
19544,smape,0.1646946139293278,0.0848357478376878,0.1414094601483574,0.1085220110541222,0.15702102312379934,0.24950597701551402,0.2518236757907393,0.31544322199304065
19545,smape,0.0553012504462621,0.0663573743735457,0.0653881896865913,0.0494440123540309,0.04050465833899386,0.026016673102945285,0.03159022513307298,0.048311714719308826
19546,smape,0.1836978040222334,0.2182576154116021,0.1895401251961482,0.1952498671297304,0.07252148196287295,0.13598402568318368,0.048035696435519235,0.13978686008308763
19547,smape,0.0722237729740442,0.0835486866782315,0.0510179447336766,0.0763597319060457,0.030273105959525055,0.05180840775355169,0.024870368522790048,0.055291168120784766
19548,smape,0.0301704679337439,0.0378595678246667,0.0350509972763278,0.0353295272590463,0.012049864157722807,0.018281259042628575,0.022867667136150606,0.026352677864892465
19549,smape,0.1522339309791094,0.1242156502852651,0.1260870886498852,0.159355279324091,0.1013799831783029,0.11265424878821682,0.07371481105107387,0.05581916038700791
19550,smape,0.039164505198244,0.0379881079497191,0.035791886405374,0.0312618544466594,0.01908114222338363,0.014231256441883059,0.013703737176344573,0.013736864320134205
19551,smape,0.0505447302161281,0.0550263974777246,0.0400967264869059,0.0594420603961218,0.01961382296048046,0.041487645105266306,0.02838109303883503,0.03936380717511242
19552,smape,0.0363702622829242,0.0502453154477293,0.0401610195017774,0.0338111282287431,0.03884025231116843,0.06821987235936393,0.03750788443295997,0.06149987683426123
19553,smape,0.3739257995853792,0.2924786602500792,0.2120177232403353,0.3111450958646775,0.27064073519518383,0.283403921369243,0.26199780409265283,0.26903546180608306
19554,smape,0.0723664759497097,0.0633168683873109,0.0653793122389126,0.0481372145577174,0.016213449194436916,0.030432083880510538,0.01221178331774191,0.03306506282804403
19555,smape,0.112002176159924,0.113741294771637,0.0988019195952993,0.1017187484439218,0.06155374560155845,0.09987778856882287,0.056049725587430786,0.09390784670986799
19556,smape,0.2349365607195055,0.2364558363401965,0.2449579273248706,0.2388486288423163,0.276055334499702,0.23997022172011773,0.2545911068945689,0.2761396811772213
19557,smape,0.2093902104638583,0.1972543970030038,0.1766883540921613,0.1807627426460159,0.10170355540613506,0.16314842839790564,0.1473381062470083,0.1721702848107536
19558,smape,0.0725773575622324,0.0725091971685274,0.0481729834995061,0.0713492613013407,0.07040840868680788,0.07409285419417483,0.06566072944619679,0.06946828100460847
19559,smape,0.0526501052161986,0.0658267168812481,0.0649701585798107,0.0618275006341491,0.043307950730171206,0.04379964904862083,0.03279471219432823,0.040960908909791593
19561,smape,0.1090389721241407,0.06636393436812,0.1010726496869588,0.0747433400425978,0.030623266799509965,0.061812725532772936,0.0727997193762718,0.08279392247570656
19562,smape,0.1265918180555441,0.1286337271981427,0.1412380435281334,0.1297215781206852,0.06819064706382608,0.08604960354979795,0.06379382704927368,0.07902978113320637
19563,smape,0.3487100055237591,0.0571872309420882,0.1612234395532245,0.0593916137304108,0.06918253882727404,0.06447407703219439,0.05739085562688463,0.06684930005552785
19564,smape,0.0711032986484931,0.0564462796860326,0.0530657122435999,0.0566135808277929,0.05196278797369523,0.060995415245592884,0.05005498657211561,0.057662781347042204
19565,smape,0.185734184765218,0.0736982490699136,0.076921947817197,0.0626540371358732,0.04425505063381442,0.11579738922163979,0.07341926107706603,0.13619957072986277
19566,smape,0.0299945746759837,0.0300425678306599,0.0422178893241199,0.0471355004062225,0.049640425784041826,0.03208463245581406,0.03119528058276407,0.019386996385617875
19567,smape,0.2642867322247208,0.2396202938601495,0.2419939005714727,0.2395887209552434,0.24085666452398755,0.23656877755042746,0.23945429764000176,0.24591826218679508
19568,smape,0.1011008106771142,0.1077291735704913,0.0634073445707004,0.1140830896486314,0.027168590605073036,0.0715716962019442,0.026055797782284423,0.07103452654401353
19569,smape,0.2037015177488693,0.1017664292934207,0.0959336970118821,0.1337592462924361,0.1061951985073638,0.08074573431448478,0.1045943029739449,0.07461845080933968
19570,smape,0.0808588928145104,0.0330402927934053,0.0374859832414727,0.0520431551676877,0.03219315481365611,0.015049917831289243,0.015012921796553419,0.016584320681136522
19571,smape,0.0552295636848561,0.0595746949449352,0.0555676885490714,0.0393689409774154,0.0234588739253466,0.029450886236578624,0.016315233862781792,0.03108665227546125
19572,smape,0.1064375577359303,0.0907030088279807,0.1105635109260307,0.1116790656395495,0.06307859665961674,0.10188437529127195,0.09271672725403012,0.08846638294749956
19573,smape,0.1441542602310315,0.1482495232159403,0.130145712428154,0.1610648867102704,0.1454095190791162,0.12559176301747865,0.1260663171709673,0.14968502327319574
19574,smape,0.0787538052087681,0.0881741210962463,0.0858133799581041,0.082859744460072,0.06365338571008318,0.07436348485397644,0.06837383593949534,0.07258202992710275
19575,smape,0.1806956466958069,0.0270702165438051,0.0574507522245181,0.0890239052876208,0.01775629141666348,0.0215483399107954,0.018373465078888887,0.02043069665782083
19576,smape,0.1284744088148751,0.1034776296290597,0.1346864269461676,0.142391971304438,0.11608118048991761,0.10114398033800716,0.10275153730300425,0.09642507949455881
19577,smape,0.1347076059309798,0.1713081751840102,0.1382087064617035,0.1623479172056907,0.0869844582464295,0.09787346434052943,0.059379549837208306,0.0959592527384834
19579,smape,0.7509723065513773,0.4401820247457674,0.4989850003922311,0.4505473757280012,0.49868057386417675,0.49276352891216785,0.48355857056436197,0.5093718380940426
19580,smape,0.1868003403318038,0.1420015235645373,0.145230511469394,0.135889104796495,0.12998995147146866,0.09573421750247439,0.12947670500548425,0.1378017113001441
19614,smape,0.254029320186289,0.2059676242900193,0.1580513902974173,0.1744545519049443,0.14898118902452734,0.15859715910455247,0.14599920775857123,0.1359093154890322
19616,smape,0.1351348156348096,0.0459720095675873,0.0600531439542988,0.0140493673634723,0.011759076032705294,0.012117966807588414,0.012771872054227253,0.01697322708043448
19620,smape,0.3020477436492393,0.1692722927266247,0.2517629378939532,0.2384531231050844,0.621168264567267,0.5933941563752354,0.6209444166334674,0.6138812963982578
19623,smape,0.054818835829359,0.0560491602296171,0.0548175131267337,0.0560290829500741,0.071088267375793,0.06980386831908897,0.04834826375212349,0.07397815849910129
19624,smape,0.0737243518168686,0.0594327198561068,0.0681669113630641,0.061095095364072,0.053994536124498275,0.0446217308472455,0.0286447406276824,0.04151512156931725
19635,smape,0.0,0.0,0.0,0.0,0.001611990183142135,0.009166139601140256,0.02850152360106263,0.0113564809015209
19650,smape,0.1037759946549732,0.1432646048354542,0.0772515592467373,0.0722014244898459,0.07957130846936113,0.21455123075683222,0.1673678874324932,0.15450913089487303
19658,smape,0.226854245206781,0.2057274691434644,0.2177598892467208,0.2494647506208283,0.9011641282337847,0.6768030794771911,0.7511128631894546,0.771981071343968
19662,smape,0.1971513286490316,0.0220365219672926,0.0554917328698787,0.0335008310938194,0.02357273944569078,0.022822293752879183,0.126384863291768,0.1957765856289521
19677,smape,0.1933285969038181,0.2225948552790536,0.204491404228279,0.2130099893083197,0.2836231869806634,0.26098990121953275,0.26096724545873645,0.2914192515585696
19678,smape,0.0,0.0,0.0,0.0,0.7346373058429384,0.8752065715979225,0.9463551339587136,0.984941423871368
19682,smape,0.0550694504084072,0.0460930742945828,0.0568516487194158,0.0423786105643489,0.026844785675940175,0.039107574879056764,0.026506730585788344,0.038982863539414346
19687,smape,0.0421535242489327,0.044140709025755,0.0407700363144833,0.0514991917629317,0.03810528866307431,0.04929842180996714,0.043291638652766334,0.04950933044639605
19690,smape,0.0584752413529378,0.0901129922386693,0.0862779008058509,0.1900833042020508,0.033427729362938,0.03140530332314113,0.036637345707091894,0.05342014214479296
19704,smape,0.0588359568949798,0.0676306358911827,0.050146472061263,0.0484707377454222,0.08439597506188716,0.06151890225829312,0.07343409846355192,0.048624679762753906
19728,smape,0.4920640181178024,0.127483076652697,0.2622414020809578,0.1078138235674383,0.10919448841288949,0.1284410800097187,0.11637653818866485,0.12347407799196446
19746,smape,0.2255323292145111,0.0733811976552205,0.1185253465370033,0.0782513776937127,0.06334395099325049,0.06447756525891053,0.0681735452672743,0.08162127294910841
19747,smape,0.1616507419225633,0.0926373100566639,0.0890132192600315,0.0974237962416784,0.05988146376339179,0.10138962491293163,0.09926539801939026,0.08866846906133842
19770,smape,0.0960154588205775,0.0995259735079871,0.1196007551975229,0.1024320125673459,0.10185957700872854,0.0771397812830939,0.0717924702029641,0.08181948609878101
19778,smape,0.1953357711171829,0.1728474516433948,0.1800812906362437,0.1674214040331179,0.8017968782634017,0.6918071005405676,0.983490831483584,1.0
19779,smape,0.0443027835685819,0.0605238686936604,0.0504560894754125,0.0525129488369841,0.017851662420774756,0.028802800568291334,0.018883240486476355,0.029839851125537387
19789,smape,0.339736596883424,0.2466174795991748,0.3396780194965266,0.285756565830823,0.31384570029524334,0.22719701548629,0.20545569191853258,0.2080759907453785
19790,smape,0.0463285828860067,0.0506705120389113,0.0449993761560399,0.0375432163685371,0.013188515989261355,0.029724650246624233,0.015937585108313404,0.03401647331414903
19791,smape,0.0273918195380958,0.032530919722217,0.032018963430457,0.0257778249744357,0.028140915709025955,0.0287316952800964,0.02630270558892674,0.025506657477626624
19795,smape,0.2230728552866284,0.0270948558054484,0.0578170473662688,0.0892527728726386,0.019089138128572367,0.021027665582184437,0.03327238246821654,0.0444155560550887
19804,smape,0.5537959184249808,0.1377054945501077,0.2418477448377986,0.1134171887651551,0.17159467553528382,0.19604980003495875,0.18794395394916424,0.19500857566380816
19805,smape,0.0494674245850272,0.0465883958834511,0.0490849039617466,0.0401646268418192,0.016448845069301783,0.041824644700577104,0.01726474902059811,0.04331989836579304
19812,smape,0.1247563703849948,0.1132201242048384,0.0993407272512951,0.1148902271653325,0.1480566656048663,0.14391986681421207,0.12898405294434198,0.16934396015926007
19821,smape,0.2949975035214138,0.2996341756944322,0.3068533242417616,0.2899670758473614,0.20033357856052064,0.2238543591591281,0.22075176373186667,0.23466135146744327
19829,smape,0.1744679877543143,0.3180268560329528,0.2057000993688554,0.1733869825873008,0.6802878964317435,0.6973515504791366,0.7351529092075517,0.9998216386231419
19830,smape,0.1350354732072158,0.1167650068220756,0.1142486958146576,0.1390141537325388,0.2512610173953018,0.1881618932544016,0.2021466189699002,0.19820891703358795
19839,smape,0.2798089460350951,0.2064878909958412,0.2469919895837084,0.2182081903059919,0.16961888902142458,0.1512236747112973,0.1820956027750563,0.12608486459637597
19840,smape,0.3661253195487259,0.1760099682146822,0.229440845084205,0.2929946488009826,0.4708926009411972,0.4408165483907813,0.4873886681399009,0.5061230155425505
19852,smape,0.0984024823840786,0.0962706916463941,0.0901249738200671,0.0967398056934251,0.1045434072969049,0.09295687406905567,0.12519058137781947,0.1441209718343949
19855,smape,0.2098741030498163,0.1096414737846751,0.2183896855710382,0.2001210854440173,0.4010102992413493,0.3599443808141461,0.45484736770689493,0.42412070955446346
19856,smape,0.3479419915441423,0.2669601914876391,0.2516897704160034,0.3213451983679444,0.3408321969166945,0.1837837567247407,0.10599450345643474,0.2778999429980581
19858,smape,0.3561050658174025,0.3571225386698203,0.3411744952243022,0.3442867433241716,0.5244316495048711,0.5289816388177854,0.4568462406334729,0.44894328330304223
19865,smape,0.1998217412097965,0.1140419215826992,0.1405724972616265,0.161071468587042,0.2849550030971884,0.2829203644148488,0.2810583966058385,0.3221604827528372
19869,smape,0.1289568429940719,0.1118066154819283,0.1291557082696401,0.1267926951285776,0.21887300588267175,0.2705735516788262,0.21584022743519962,0.2638324905792955
19873,smape,0.1494776849682365,0.1600860622879235,0.136933593266106,0.1501675692048113,0.06709429538999986,0.10063576933546645,0.08581411079234413,0.11312460622262284
19874,smape,0.1511128361165011,0.1978025103853012,0.1017146990856722,0.0830134648794222,0.60745730021146,0.6369699624294595,0.9079759105895816,0.7447422843449307
19875,smape,0.1640741808075157,0.1578070660641993,0.1617925285761275,0.1520876197770664,0.1624530529507464,0.15487713586875837,0.1553097763971634,0.1730934486658936
19891,smape,0.5429917408281228,0.4306445624222772,0.4832914748134714,0.4635962999078074,0.32448553787811446,0.3397821871191277,0.2479846161034876,0.4089937438735955
19892,smape,0.1557899921630105,0.1099055774105963,0.1093139978211894,0.1321619598913826,0.8110180618353359,0.7958945362218504,0.7778365240379848,0.8691305518764444
19893,smape,0.3124959534932086,0.2826059486598533,0.2084563531715276,0.2528464243942742,0.24285622855590697,0.247588661109271,0.24397590577880507,0.24567775774619982
19894,smape,0.2046838789688132,0.1911314498080693,0.1663324651997867,0.2197315997424783,0.1877196850657648,0.1898876686270835,0.19305932206462842,0.183850212058157
19895,smape,0.3945010429244125,0.2423581965876083,0.2334989431270764,0.2289578626455773,0.3680226920832927,0.35628172589083834,0.35663400552007163,0.3498994123771055
19896,smape,0.4799131252264436,0.4115205269051833,0.4143545681145449,0.4215444816038902,0.44051133340780557,0.39301850579571507,0.41181875227556697,0.317248922782686
19897,smape,0.5365690938918145,0.26300110956448,0.3709391650908588,0.3833679675069926,0.2941475348925165,0.2518307539553566,0.27158685586805215,0.2574714217477167
19898,smape,0.3275462488410653,0.3061127924131294,0.3187491400026401,0.3492834454719916,0.33451210037537427,0.3152313216292522,0.32832400150866525,0.2991114065975708
19900,smape,0.397802155640691,0.1908850890732625,0.1264318858717272,0.1028817277051884,0.20909962564901374,0.19277258708457679,0.4062656546027483,0.2797112851936615
19910,smape,0.3869171212206759,0.3770978543703995,0.3158272561210931,0.3022134725147017,0.513793308972954,0.5647885949719692,0.7072387360796815,0.6551964949894562
19911,smape,0.0510535726101178,0.0401068396474104,0.0355414692798242,0.0376640493942259,0.06565256536017093,0.04965867705156306,0.05210257873708459,0.04845731397483572
19912,smape,0.0811727446091519,0.0754870610776033,0.0802755985316751,0.1144294865108234,0.06305288184246705,0.055681829131535396,0.1383699123804447,0.05150584266588493
19917,smape,0.0370706241195868,0.0362834509826912,0.0269087273928237,0.0177559983281218,0.009406735751817035,0.017470087881505662,0.026432553857716548,0.024223286574286983
19930,smape,0.0758563883652275,0.1126353027568026,0.1031876039970686,0.0825618917901004,0.1174120271891675,0.07673018562441235,0.0917022086707848,0.10288462096245392
19932,smape,0.2123454039019313,0.1960503374863815,0.1557199986050507,0.1776605025483929,0.5932384526406168,0.663711368296378,0.6842864758707544,0.9482788113908018
19933,smape,0.0635774367409491,0.0525605877065272,0.0627516771739668,0.0454725267399745,0.03179489490268637,0.03473349808127725,0.023415321104639054,0.03847704516176604
19949,smape,0.1656761134626853,0.1126002046969757,0.0835627701300245,0.1446762325216731,0.07739232364228502,0.06860907989101658,0.0698209994920971,0.06749489241516221
19952,smape,0.3388737146401284,0.2981624963579667,0.3281308364513668,0.3269847235503718,0.33718466309833073,0.309758302251113,0.38106929136049417,0.35057193949549864
19953,smape,0.0657323519152855,0.0646576340791684,0.0699831997883177,0.0513052950431386,0.3110024399021471,0.32294773840036334,0.3377277392355295,0.3194168176130442
19954,smape,0.5219711415858517,0.3134182615433094,0.4345586947465225,0.3187836410260095,0.4899757102936062,0.4496037314472113,0.4523922936291595,0.4588667024770195
19956,smape,0.3326380461862965,0.2633733562500857,0.2604971816215712,0.2767257218851097,0.23837751552257272,0.2718710262386285,0.25304212050801317,0.3487158306049552
19958,smape,0.0977872010546951,0.1074925494979901,0.1257647501194995,0.0924317794403625,0.02168167114617227,0.02405825341939607,0.013303486707026031,0.01729330143839736
19961,smape,0.3996742056895476,0.3500951722799527,0.3348267400930643,0.2822950905585661,0.17938499220336532,0.2957737094681531,0.22287539288201272,0.24499287430185845
19972,smape,0.3723289404474897,0.4190772345871323,0.43388630038396,0.446041620312349,0.7075970683596275,0.690234157064988,0.6416665087827843,0.6939121984369274
19976,smape,0.2825898722778689,0.3057893829694496,0.3011960940492149,0.2965210642360097,0.45407013040176103,0.5940688229476452,0.6304229642092766,0.6464097897695532
19977,smape,0.0413842520946749,0.0469540102938847,0.0565255160376782,0.040584789678175,0.01958105732617952,0.030924409673023408,0.035695905060801746,0.029965161261360625
19985,smape,0.7154303140851955,0.2840636639069825,0.3725849915275448,0.4636742235810575,0.35515823265595264,0.3548535012001739,0.33077079478953275,0.33985509296445815
19991,smape,0.092114705228184,0.1545747740541337,0.1349095889460446,0.0954534607840896,0.086816925118823,0.07665478050313873,0.07976121256205533,0.11773177142627972
19995,smape,0.1318457570992096,0.1736771457380185,0.1492727413238636,0.1752297226793654,0.18469182468601622,0.16747879733047855,0.18256579746845497,0.18283403253134123
19996,smape,0.1631936981231612,0.1212181879010261,0.1485262880778414,0.1285744119695215,0.12503263153088914,0.11788611477413759,0.13435433512867656,0.14240468781257545
20003,smape,0.4309613757142491,0.2739314940273596,0.3923529102554396,0.3342907570439878,0.2414685289352515,0.3226483247968619,0.2731066172643471,0.35152635191726717
20005,smape,0.0419619421747166,0.0392293159472602,0.0383407732090678,0.0360894549293617,0.026745839779798757,0.023902459408906136,0.024065660960842394,0.027220727338660808
20007,smape,0.036416218357659,0.0434794114804764,0.044478280925082,0.0457346755529007,0.0289785024739501,0.028494508924816378,0.02960364838628314,0.03947160725898345
20010,smape,0.2999438737076102,0.2043718162936382,0.2298867083377823,0.1828517506628541,0.1900260995450743,0.14478891426732232,0.13815534250468275,0.10901725890624012
20016,smape,0.1865279655635035,0.1947798679843567,0.19521827786045,0.1832885390230835,0.17861382812916715,0.19987507651536734,0.1867080154793052,0.19867689118392193
20017,smape,0.0594918509563073,0.0850124110094782,0.099174983339269,0.0729006993103193,0.06511296409654518,0.11471250869525175,0.08956426334074749,0.12898342023059944
20019,smape,0.1263299976463297,0.149851827674576,0.1416984455906581,0.1346011834211326,0.13785320193935305,0.14005888039405356,0.09556759496183048,0.16080229423533593
20023,smape,0.1403415145288822,0.0975496719130879,0.1038973377507602,0.1109695443136982,0.31487241835650187,0.37757144367832735,0.31994070501171923,0.345744362660182
20025,smape,0.1135485685960021,0.2831035605190349,0.2731012137564058,0.2149405578624505,0.6131498642178274,0.7792102584500552,0.7367850262190316,0.9782666870341034
20028,smape,0.2270088211954398,0.1813749651162994,0.2015069519435272,0.1771376128458544,0.16439513353561092,0.1588307863680818,0.16765112613231553,0.21174033026305195
20029,smape,0.0440900706635697,0.0894920013104112,0.0518099696400985,0.0405377266501632,0.06941173769503928,0.06036362776795715,0.05937078030875956,0.05625542103036759
20030,smape,0.5488927335622226,0.1334805586257571,0.32458043312156,0.3372131561118454,0.23361881442618604,0.3729523298137216,0.2442292646274383,0.4783317713876072
20034,smape,0.4586846381728083,0.2823266865084709,0.3809085697770868,0.3666650299837664,0.32882787646526634,0.33744369343206254,0.33708791874648,0.3466652193658168
20042,smape,0.339010774487663,0.2695638342330601,0.2691182058230095,0.2484682080300338,0.1334237616500822,0.1441574133035813,0.1430508098694413,0.31863770156967175
20043,smape,0.3695789062256984,0.1355524756002152,0.1419839228041671,0.1487717845689928,0.09541267861389091,0.10490158758893497,0.09081041968528177,0.10150049471602017
20045,smape,0.5007954440681889,0.1645726006641076,0.2232195796054383,0.1657310146344715,0.15616274090955368,0.17365018806466712,0.15719335961202305,0.1720660230753751
20046,smape,0.2471141502982771,0.2494815738100164,0.2654819379744336,0.2479704468213065,0.22220672862845425,0.257808579155009,0.27120223333048504,0.24775372720189537
20057,smape,0.2681446227684397,0.2148109651170099,0.224147547897785,0.2616777386012974,0.1863061762394159,0.20240727282274096,0.17694917258521023,0.4303020075582799
20059,smape,0.0812828992991919,0.0405219803028321,0.0480203142211751,0.0557125912802124,0.02180329110565898,0.03010656511994,0.02281040748419837,0.025270506817406144
20064,smape,0.3728814873962089,0.1116982725744748,0.2293420123917205,0.1536277292008434,0.10181869747622725,0.14522498215934138,0.10164450737173895,0.1082996390383039
20065,smape,0.3428437904342955,0.3358091173426134,0.367974952077672,0.3603478997747442,0.2829976619551011,0.3430158858026899,0.3335411882435249,0.37336804032473353
20075,smape,0.1439243582974804,0.0852792696841458,0.083093101814195,0.0728791319937552,0.11294749500390205,0.11369742138802127,0.12465062594647322,0.11615165050257177
20080,smape,0.3709258735078791,0.1053187655316546,0.0928873989355764,0.125602243785684,0.12123009082473908,0.06999247520956384,0.12663036967353092,0.07306994848950148
20085,smape,0.2331525528748705,0.199699081786421,0.194295230791022,0.184939328381467,0.19695518952244717,0.19060976075533415,0.20058276498772473,0.24552932019602064
20088,smape,0.2712462966867864,0.2730138818832489,0.3016015350760992,0.2623513569594085,0.3274117010338771,0.3169837358470509,0.3621892923233781,0.3485037934218145
20089,smape,0.4890622844219735,0.099230983824749,0.1935454470061408,0.2007033120579383,0.12898373559566653,0.15237967113145018,0.2387132837394941,0.313961203400287
20090,smape,0.2679126988485443,0.2189215944579921,0.3061130230683512,0.3408879307292873,0.426454388069279,0.38104970612475486,0.3886225319318746,0.4247324980793453
20095,smape,0.6045490685529769,0.6120609690882054,0.6548500704844398,0.6499214094831337,0.5537519555375794,0.5894118148926445,0.5729163556973833,0.5941116926869344
20100,smape,0.0767504969570773,0.0537231738581488,0.0607206535387321,0.0492314599484092,0.044657576047515204,0.037241603161996005,0.03619177270130611,0.04098793659384589
20104,smape,0.1015635303703238,0.1142860066311238,0.1020583450993804,0.1198022176022458,0.07794032880946827,0.10121554127365769,0.08742395089153018,0.11031878384538264
20105,smape,0.2886809710649184,0.1801561305766654,0.1224342169300719,0.2177731450749725,0.4719679534124758,0.15847544369937475,0.11951856954229154,0.19220029002281264
20106,smape,0.5649521234820651,0.3303297438871959,0.4376410662056147,0.5363521063012328,0.42494667454803287,0.508479996835998,0.4386896049226316,0.4616765598983839
20107,smape,0.0166749809142511,0.0479769408389967,0.0334291240428392,0.0258586791409508,0.016454324414123502,0.02105956972033891,0.016717787605134912,0.020346406093971845
20108,smape,0.4469533142485397,0.3503929217778061,0.4112752250071287,0.4142297275819885,0.20612340756701994,0.35133711036115045,0.28001805493097365,0.23728902151595857
20110,smape,0.6425347149443453,0.1427302694309916,0.3219749129532804,0.2567239149525945,0.18838325370376155,0.3643510232858695,0.20594124130071068,0.3725797936867061
20111,smape,0.1101729710704766,0.1290494108293426,0.0937868818870491,0.0755176616294213,0.0437846245154946,0.04079239694884665,0.047304599379374285,0.07446947922066777
20114,smape,0.5651758748564573,0.057518180358657,0.2070213609257163,0.3943479239727554,0.06166290563809867,0.05672161911912827,0.06546329555594294,0.06640509464605239
20116,smape,0.1042830920957321,0.122020647362634,0.1206439766797412,0.1085138863528807,0.13360783078171415,0.11698070591651767,0.12165270375105673,0.1336237084288798
20119,smape,0.1412220019418781,0.1443423986389344,0.1055980191166973,0.1198424579795122,0.05263232162197687,0.06840541578013182,0.0735768202098256,0.05903289122126787
20120,smape,0.3664388786049042,0.3900858295736151,0.3497474631818429,0.2749746661267953,0.09599550277414454,0.2986310561197883,0.15536040143228308,0.28903720695685803
20123,smape,0.4809789119128134,0.3081864728140797,0.4091015976417971,0.4500444379833782,0.20481626854323773,0.400442647506297,0.4448868855688059,0.9074368459714298
20127,smape,0.2561500423843542,0.2727581790561234,0.2549221956339959,0.2343638720794221,0.2762306625262983,0.2921823059168704,0.29602315095934384,0.28514498231766017
20133,smape,0.0438702971609146,0.071711038720685,0.0507328828352667,0.0468286160580875,0.02947690342244713,0.028940268873319543,0.02743205406229275,0.03085443723230452
20136,smape,0.3000276761599884,0.24325326108386,0.1458708017175867,0.1651086469635876,0.31731459777499305,0.3686264200917122,0.2459344181278716,0.434030293061887
20138,smape,0.123986090686163,0.0720379254011019,0.0559392077726765,0.0929394075346093,0.10170429146210942,0.10568754369437985,0.07262844507690663,0.07457587595846953
20140,smape,0.2402493146514312,0.2225818826351503,0.2037672269170057,0.2010514322712354,0.2167562198267335,0.20969629944696688,0.2560198385252417,0.29071302138274796
20147,smape,0.1613861361111844,0.1719813149075933,0.1890067938162873,0.1807122997013662,0.18184722876307163,0.20456232858294512,0.143414229024607,0.14699395494128678
20148,smape,0.1035117945314629,0.0390686466888674,0.0510009302327685,0.0410335829100622,0.033269568734895415,0.04179121437510315,0.043943493462431725,0.03268766216895345
20149,smape,0.1537158375161119,0.1111915753335191,0.1246084981384948,0.0932211417949106,0.10651914438432744,0.10059718356960107,0.09586854611136532,0.17697085824304373
20151,smape,0.0487767798570987,0.0638797220362951,0.0510130980383725,0.0509595347236513,0.06481133721954874,0.05288998442944085,0.06322729144373099,0.0517140629982922
20152,smape,0.5782535059530858,0.5635811867482353,0.5138436185322269,0.6040726505175356,0.5539532485235195,0.5737420622376908,0.5865862505370047,0.5364727973998072
20153,smape,0.0705392037286759,0.0559508334724092,0.0567613868028324,0.0904215223472441,0.049385975484732815,0.05698794588495976,0.059871320127447815,0.09017236970297768
20155,smape,0.2379549924079883,0.2281286284547715,0.2532793491487812,0.2321208970249874,0.21851490649341515,0.27349078510462155,0.1957191876948586,0.266102388261738
20156,smape,0.1608557126221121,0.1620051934135415,0.1470982543362648,0.1618880823416183,0.17034092421145758,0.09782290508380012,0.14172754857001876,0.14861741792829306
20162,smape,0.1016684540434303,0.0946919054365807,0.0892737962636787,0.1268642200130702,0.07784091752432758,0.1130397128944163,0.07853238517019036,0.10912003073086757
20166,smape,0.0974460078985814,0.0888047282763029,0.1165055299308084,0.0818573604368097,0.07624300426557021,0.07761810086360171,0.0775481665548369,0.0828475458212912
20167,smape,0.0831247404721134,0.0943064799564371,0.0871643305122341,0.0765389046288953,0.05896058306840383,0.06107591701934039,0.07281234854242492,0.06598905987122516
20169,smape,0.5371832939520798,0.1936095794402034,0.3462931234284938,0.5602817230634732,0.33377639590285707,0.3570831066174744,0.438107611608355,0.3544663277999509
20170,smape,0.4798628628099181,0.4072181113774146,0.4800267389290558,0.4985172947628027,0.7222057660563099,0.7063103910338199,0.7297718467382964,0.7215868976316584
20173,smape,0.4935578793905535,0.5189331639361778,0.5217390274297257,0.4796418345348987,0.4375626493584559,0.4335272937241248,0.44236656825664966,0.4349393119420709
20177,smape,0.2567967674804779,0.1187607857536034,0.1521655370605691,0.1181147553276229,0.26690959201136477,0.17080099607572563,0.11185554896770974,0.14286050474294226
20183,smape,0.1478116664533057,0.1021403414558943,0.105273489214792,0.0984257910610728,0.15280996327606422,0.12939784467066656,0.13104697920107172,0.14110275891798707
20185,smape,0.0415422477036754,0.0438703554333321,0.0545207540389309,0.0362610767918958,0.02184314257409957,0.04145111078831871,0.035285111298775394,0.0455913440499265
20188,smape,0.0751448050819497,0.0525807133359346,0.0590358601664329,0.0466044137076851,0.03044111843826849,0.02897233319541087,0.027920504503192264,0.030039279645409558
20190,smape,0.0701745437616704,0.0809479244502814,0.1007395385797723,0.0354806359966552,0.11637042409475375,0.09633460179181698,0.08178089882767846,0.0845143198207955
20191,smape,0.1873621729839776,0.1254030912352007,0.197224608832529,0.1948231096975038,0.11433053682012344,0.15098606411261672,0.20105127717585966,0.2074101167097702
20193,smape,0.5183657528137295,0.5290425034987366,0.5009320407446471,0.4932500216001447,0.519999200709285,0.5123988570024787,0.48677465981541523,0.47437901780839403
20194,smape,0.0876261259461188,0.0727348759976674,0.0838403767145575,0.0841463505571515,0.15891778284498145,0.1658197318426845,0.12073634280998186,0.12726897367587456
20195,smape,0.2156290196711757,0.1952956497968007,0.2180823361035566,0.2290486615454988,0.1149365181769152,0.12444981460344712,0.10838691430454178,0.1291594101146775
20200,smape,0.1341677358435623,0.1563881070146848,0.1195081677865334,0.1377922289218403,0.6185401168065887,0.6035944418550065,0.6250217210139508,0.6104448582148383
20201,smape,0.6248571199373655,0.5298540821008797,0.5226190417467794,0.5264038207949902,0.40729498748694865,0.3655435381402977,0.4393428902440538,0.3644581971388339
20203,smape,0.280791417470412,0.2608022373560311,0.2784429984628254,0.2766835913145814,0.2883662088334268,0.27050168497282695,0.2569589526483288,0.3008703670622359
20204,smape,0.2155852161269173,0.2268161616552364,0.1924438540663557,0.2578710632818106,0.1892787941962439,0.20054518146746636,0.19668060854330946,0.2227567160473665
20206,smape,0.0819470701826422,0.1116520220977878,0.1280576769453196,0.103138837297754,0.08992708428316236,0.07977358494001358,0.09346644763254604,0.08134640669244714
20207,smape,0.2414972201685512,0.2322270255843569,0.2404798833247683,0.2528524228029984,0.9013269802579598,0.9187338521570785,0.6517172945026589,0.8146943068621767
20208,smape,0.1787846567634786,0.1959334874263099,0.2052233277119012,0.2469739163903897,0.19533079970939476,0.21826853133757212,0.20480995441620467,0.21360320874994795
20209,smape,0.0917719138601019,0.0508990891210756,0.0673045608987155,0.038788398585919,0.7907601599645879,0.7553900128104616,0.8547303799818148,0.9450756625861467
20210,smape,0.0785376476229262,0.0886785417659109,0.0982278741692281,0.0841437555944478,0.6760661938111547,0.6744069820234367,0.6674388385063607,0.6732025533821794
20211,smape,0.2197449574154968,0.1947160027037918,0.2307721971754301,0.2360993257531359,0.19537762212068205,0.20306344648640573,0.2178158672915268,0.24928596420161236
20213,smape,0.6305605993900707,0.2223349324024904,0.3598954143281131,0.1996281220682567,0.22470194867473714,0.25832940730003423,0.31182723329655354,0.3246889034796767
20214,smape,0.4995578234508721,0.133687780604897,0.2050529211700295,0.1567569206415063,0.39077326066487994,0.4573559837769347,0.3745895045035017,0.3777602241460011
20216,smape,0.1809392603251106,0.1428664629188878,0.157547727042513,0.1372221725692849,0.1162389552757798,0.147532967047358,0.11593239090584112,0.14081924131207074
20218,smape,0.361184191686572,0.3137724075204503,0.3336128488669433,0.3391720318614916,0.4058218420736645,0.4442056861465847,0.43350923979512795,0.48977503910039794
20221,smape,0.4966324667399797,0.2468531385342333,0.2110835857694805,0.1347183693707518,0.14930114218509924,0.15411524761324333,0.14675466661726688,0.1783454467390648
20222,smape,0.2824819840863744,0.1181709601414992,0.1466778946082948,0.1199865996702266,0.03038081924705078,0.034564682265450286,0.029043144092850803,0.03312063380487525
20227,smape,0.3770688783866442,0.2823932035365508,0.2137204642613018,0.2772717830336282,0.21970373814824606,0.20060995171973595,0.2402233909745208,0.22586642744904767
20229,smape,0.0598792218706937,0.0928343538457652,0.0833259879487159,0.0713233108724961,0.06219270505463868,0.034362427884779084,0.035565390479132084,0.06377784897619826
20230,smape,0.3132624645284955,0.2259315861847276,0.2221587334658722,0.2346321781180286,0.22359583368442473,0.2393989242232012,0.22533544263656083,0.24834463057311704
20231,smape,0.2085868887760414,0.2141234787365543,0.2586706481626795,0.2107619916254728,0.17865437115234378,0.14354560612568784,0.12202631959522897,0.15715923478361327
20232,smape,0.3676041594256005,0.3500110407863717,0.3261651224862935,0.3371721355940195,0.3257589066613299,0.34339867792584716,0.35623507768237456,0.3640714088661788
20233,smape,0.0501823169546921,0.0458202321136842,0.0601815728170605,0.0379382592271124,0.016752405992377224,0.03163686801160097,0.01346218890636673,0.025622159206576366
20234,smape,0.3795214411256268,0.4205300628322261,0.4081177985395088,0.3851941256506228,0.2492344898737591,0.3435871334011068,0.21584157588350827,0.33809910928065423
20237,smape,0.6812852027882534,0.673159264039628,0.6610414212244371,0.6817566711229556,0.663198477860076,0.6719852877924781,0.6871830794697051,0.7064601849960979
20250,smape,0.0748866988048746,0.0677531347928423,0.0945802383302097,0.0738316900298236,0.09457807993601447,0.06773193279539591,0.07894250146237528,0.1042581010435463
20253,smape,0.2637277849143113,0.2818108723054812,0.2498809453990103,0.2211806681663805,0.14517089449745535,0.21489480990369747,0.3149701522435444,0.6078397388443366
20263,smape,0.7122134547326325,0.1008490507306418,0.4066513739538926,0.2394111275639583,0.10588422190290596,0.15369254438499072,0.10108896575334521,0.19649243408665987
20266,smape,0.5840681812627622,0.1719032881607969,0.2755154419314202,0.2591197559501157,0.35157934751397035,0.31177615854388,0.3040011395068047,0.35160297721889416
20268,smape,0.3405715023960149,0.0827656662305464,0.108890584329117,0.0836130056556877,0.12468183759308113,0.07359629864925012,0.1365192263925514,0.08580679952844134
20272,smape,0.2079229818339419,0.1912953535920822,0.1963266004697564,0.163136224669582,0.08735509432854198,0.11312714879619835,0.06838849679539948,0.12902933528953078
20277,smape,0.1171677976551451,0.1057376803322388,0.1128005613175128,0.1084650571869483,0.08243063370691528,0.09312312456728568,0.0899888871511499,0.09474518756390861
20278,smape,0.3497562884179961,0.3573340493281824,0.3520561330549274,0.3351636272476457,0.14842042271149408,0.2816282135328088,0.21809370914726336,0.208535443499926
20280,smape,0.0640623768471572,0.0729211400222391,0.0647280924621845,0.0778387037896228,0.06001971552645036,0.07567229778713057,0.06810723393055922,0.06786377307075148
20284,smape,0.1925943742618367,0.1817277487338311,0.1544746531172405,0.1871365698681074,0.3518389752037668,0.4127175437580985,0.39426146282460234,0.3752714168814106
20286,smape,0.1685913804429556,0.1814810830265892,0.1852806013093657,0.1262834822966466,0.11885495413556657,0.14020841234547016,0.12129306380862565,0.17741324508008657
20292,smape,0.3711001105270283,0.2491776665901254,0.2925888546740142,0.2089030969598996,0.3549643262158535,0.3098663784532874,0.11463981682763115,0.14088176180229112
20293,smape,0.2592072855845726,0.2726512494953779,0.2827136196335529,0.2496575257668958,0.18927794541069387,0.1870498616617065,0.20183831770748595,0.23112497523489642
20296,smape,0.2195080147486152,0.1156174670709544,0.1957336557086108,0.188319905822817,0.3279358627536219,0.14978891510849401,0.20477585541951834,0.22022141175357748
20302,smape,0.0,0.0,0.0,0.0,0.15358476164965237,0.27282341076824923,0.30118763152999006,0.3793520397245381
20303,smape,0.4822408605120915,0.18264104281616,0.3007276724718011,0.3271618628125642,0.2090598818124273,0.23867309718581797,0.2371406844970631,0.2505904907784216
20304,smape,0.0902394986801147,0.0679455734481656,0.0650230121351347,0.0620332197607972,0.0779800364560766,0.04422936743153038,0.042093734596434174,0.04340675710150271
20305,smape,0.6097540314226001,0.435889400599411,0.4936667505183714,0.5492082082398086,0.4296668080513778,0.46222761354328745,0.45553198026808694,0.5022220575068828
20308,smape,0.1643089156972136,0.1864652887405211,0.2416126786572955,0.2297486885676916,0.30674414651598014,0.3064697733301513,0.3066941861504346,0.2677150900726187
20309,smape,0.1383421093627944,0.1648063656668827,0.0743471384104652,0.1389399588091364,0.14311914988879482,0.13841152901414902,0.13316084579196538,0.1840671520156246
20310,smape,0.2676532715165138,0.2320968274628023,0.2908381697497574,0.2634925261971371,0.34137881155087857,0.37052724429710343,0.3882304488874287,0.407385550233237
20312,smape,0.1884823656305949,0.183090658276527,0.2045492368250898,0.1749680758483206,0.1662560687136393,0.19635641606612836,0.18599227220496112,0.17471224130606808
20313,smape,0.1177083503597108,0.1067948201663863,0.1191282592256164,0.1143325000913825,0.1381944156717998,0.1237723796308976,0.12045377047937499,0.0714922398622501
20314,smape,0.582874361729925,0.2002331107802635,0.367013187893632,0.2716213935777482,0.20123435513981594,0.5094405655149764,0.39549005249577973,0.4724232942391
20331,smape,0.1950013136691165,0.107518122189101,0.1093965412115353,0.1413535401252741,0.1901773082430457,0.42416400466653875,0.25022461133222307,0.45712607780170633
20334,smape,0.295059080615978,0.3529166355033196,0.2423044989928488,0.2508191310366324,0.10406052732448479,0.24737545537457717,0.10835906193131888,0.23467517296030893
20335,smape,0.4233390935318065,0.4502809811068273,0.4121062912280259,0.4740614975935258,0.8667294337919444,0.8582690482368678,0.8742139035498845,0.8124203367192142
20344,smape,0.4392328501795913,0.3335167470210252,0.4136262277524694,0.4546032830054985,0.4647778209347482,0.3646228964132896,0.4561793382406028,0.37224459979452823
20348,smape,0.1410243533286086,0.0362516387120889,0.0664800312316413,0.0492345220126649,0.04790841984545419,0.025902176329914595,0.018712694381882944,0.029919299128360857
20355,smape,0.0645633172912079,0.0716755163703434,0.0724155199941331,0.068057122115312,0.03695081648909829,0.060297180325098614,0.036428692378008304,0.06154293132467497
20356,smape,0.1996033645127325,0.1402193464135112,0.1042218649834896,0.149863859623633,0.08125911508160229,0.10497233719904618,0.07583414597636454,0.07596343005357827
20357,smape,0.1511267025968777,0.0852937841782937,0.0849319089068556,0.1662226563163709,0.1068352234236882,0.07816623718105185,0.08801113642847078,0.13853764487717
20359,smape,0.0911494268268185,0.0378839670762879,0.1001643441106334,0.0383178877802533,0.07295417051709423,0.11322950773908033,0.1270611628583492,0.07555483194950528
20360,smape,0.1859517919285107,0.2103207755130408,0.2119420361143359,0.1903762054434699,0.034054491193264674,0.14599663626146087,0.0547585330628862,0.14492687175678923
20362,smape,0.0808682525142209,0.0462315487387037,0.0471467800808118,0.0370590035877437,0.060582237035225965,0.03159700205717898,0.029504701611536826,0.04104457133834175
20363,smape,0.1045201289352944,0.1589485402300813,0.1455149158183053,0.1439324517963084,0.1345258864880231,0.06402123190195926,0.10089202110946467,0.05916150039421794
20364,smape,0.2464769882864017,0.264869250992221,0.2486089571534628,0.2650727285311374,0.16399247250473212,0.16932399845410798,0.1444099839211121,0.1831224042089977
20366,smape,0.1462490719901789,0.1224219106394619,0.0923941273711672,0.1299700187641593,0.12392469353309009,0.14946512103886453,0.10685273296308731,0.08185312325360755
20368,smape,0.2162465800151974,0.1881665960789445,0.1920672666653035,0.1992218186004608,0.1592855657577589,0.13313868419723252,0.11393315210038198,0.17278450520026858
20370,smape,0.0696086692325779,0.0884983347666631,0.0598929267044876,0.0778845787540074,0.06362039945919988,0.0540128089581898,0.10039040946216037,0.11228371148815398
20372,smape,0.288183515610254,0.2646939956214637,0.2774359103845596,0.3043620792743124,0.2371546635084481,0.1689436628316766,0.17937964026862796,0.19519159394934907
20373,smape,0.1796680866098018,0.0759763917187824,0.1200049650604181,0.1086425772630907,0.24441516862867038,0.3489089387827521,0.2299443968985182,0.36634194934980335
20374,smape,0.0967041202020835,0.0962932695550632,0.0875893858540195,0.070513176463223,0.07660651864811666,0.08727040088185098,0.07896559637016799,0.08528821297637322
20375,smape,0.1648493471301653,0.1721488147056055,0.1704075527662177,0.1387940618851863,0.09724384183067397,0.11254255468162166,0.06755240576328181,0.09507004555002924
20377,smape,0.3940418103445608,0.3230116441937317,0.303372123730961,0.3185868242483685,0.20781833816594675,0.24313584514225633,0.3133664512901501,0.2368564575759865
20378,smape,0.0409764656639589,0.0561442461675678,0.053111101087327,0.0414059893857847,0.048551109551117966,0.046820523363722395,0.057019048984685156,0.0357014690701783
20380,smape,0.1647861197408111,0.0373064949277062,0.0644377842056526,0.0292071329704991,0.03538548114374254,0.032673016711768754,0.03180293739468145,0.049342686707393196
20387,smape,0.1923665225002001,0.2010514564191398,0.2016313045974856,0.1848800135783776,0.22026183506783348,0.24388976936267126,0.20816135446398498,0.3014577037240065
20392,smape,0.0399462235602978,0.0334179478963551,0.0438787577597485,0.0268572591765374,0.014929472344389409,0.019804439214690463,0.016816202950361223,0.020563019078012962
20397,smape,0.2299574320618087,0.2419573005197295,0.2396684883700812,0.2280875553933457,0.10218780255917143,0.23024888426353274,0.17639703716543453,0.10836443714451544
20398,smape,0.0516907814709627,0.0327134477180452,0.0349115156666296,0.0339909093550063,0.08762682677349098,0.051895114606454934,0.07689412992174743,0.10636612366436757
20399,smape,0.3910791887843578,0.3595912999660945,0.3954226433594758,0.469718676003622,0.43986459151693186,0.35844371816132725,0.4265425999020218,0.4789104863009039
20400,smape,0.4047379332441186,0.41470175117179,0.4089249561103215,0.4153209674141934,0.6411883283175089,0.6155418169333859,0.6123983851140605,0.586750895859177
20401,smape,0.1905518166028998,0.2099915122890133,0.2036950911952585,0.1891844784156543,0.20940886664380529,0.15456500800870698,0.18065304173277885,0.20382517366420494
20402,smape,0.3182477775967196,0.2221428953528997,0.2225135763250351,0.2178324587953771,0.3055899340067061,0.270555821261796,0.25588223355295814,0.29655550815275156
20405,smape,0.5687037212128531,0.3691343430912672,0.421490477641617,0.4823847793132439,0.6382204277633362,0.2792173180398311,0.4417799670605377,0.44780285843882467
20406,smape,0.4807209411223849,0.1558660002552034,0.296212671770119,0.3056241865757573,0.4510684813601902,0.22949856512735606,0.27978531948770047,0.2635934088865504
20408,smape,0.4794825427722265,0.2707223377329828,0.3570346863123166,0.3912746205849578,0.39131868791032304,0.3639845038404287,0.4079944186694105,0.3718157251422176
20409,smape,0.0606649213753642,0.0754586910470548,0.0927801258625408,0.0667104734803789,0.027440394470808774,0.06294295684034297,0.06224331353441957,0.04406273647517245
20414,smape,0.1650984674007688,0.1530202007919334,0.0587823014025118,0.1256141128891095,0.16231749442173835,0.12946121982192083,0.1386703508462851,0.12978899950481906
20415,smape,0.4540115866677428,0.1106731415176501,0.1114771088230448,0.2353407541422461,0.2115081165094381,0.2296718572831612,0.6453931603996815,0.887662319850882
20416,smape,0.1729642664493552,0.2397955676100466,0.1921967526867764,0.2254346375258708,0.15961103630157641,0.13379251651451105,0.10264639796412561,0.10358829951005923
20417,smape,0.4883241540341013,0.5089571868721123,0.4395491717933713,0.4397099730802097,0.5675884800506865,0.4513242135797537,0.4949319455659722,0.5180920581923449
20418,smape,0.1312717891380536,0.1491105832531987,0.1333432792643049,0.1330442570767233,0.16780954337826254,0.14229130931270687,0.1860484250228236,0.25709730164176875
20421,smape,0.2227781753572447,0.2337660022971601,0.250305143447519,0.2114715492296421,0.20404005517085155,0.18817906245135982,0.21642897352246127,0.29040248405907526
20422,smape,0.2786860965733821,0.2967723080543422,0.212752000171765,0.2945022286027148,0.2505407415922443,0.3500378444268274,0.24471244892388874,0.34052699049569224
20423,smape,0.1963917462109492,0.1719333765848732,0.1882477619219315,0.1901238306812147,0.11283112238369333,0.23451099926427277,0.18125076878602886,0.14261455855456745
20427,smape,0.0886137624466607,0.1120764759319665,0.0823258113444534,0.1014235466271956,0.09878872894308105,0.0933410788416922,0.17592236367063138,0.13007988378405555
20428,smape,0.7689842942535885,0.3361051977731126,0.586132793860365,0.5058086929846153,0.418087192513974,0.35837847726876715,0.3976425969395463,0.36170220723026536
20436,smape,0.1138386230811113,0.1672527197581899,0.1315096914584044,0.1551748789093252,0.10165593178591376,0.12794323987241304,0.0941482851488539,0.08420139210918792
20437,smape,0.1715945746701748,0.1764467322066928,0.1865772930371407,0.1721922070736702,0.20746334402366182,0.16666922303989326,0.20745269127149848,0.231013558732563
20440,smape,0.0887088490683051,0.0593088620985913,0.0582940248592352,0.067217259114683,0.05603221672388137,0.062026750240514614,0.06731477998534645,0.09994520769325249
20445,smape,0.525416969365429,0.6091075022501165,0.5216498305382162,0.4815933213377354,0.842263058262466,0.8432024361815388,0.8442871114351183,0.8420398948284622
20446,smape,0.1618072751050557,0.0437888317121228,0.1011650152668444,0.0635778496576317,0.09914238033018498,0.048569836792279865,0.04759860322678485,0.04735724707437491
20447,smape,0.401441458216741,0.3920371984729378,0.3511583392654226,0.3830376411863507,0.3059155430981571,0.32874140309215893,0.33412429379443265,0.35547111026610295
20448,smape,0.4011459595475393,0.3497710576930071,0.5035488785697602,0.4777183590338022,0.39467468759411783,0.3916203602093878,0.4102248605472345,0.46034001919879736
20452,smape,0.0792093398622598,0.0597563424779198,0.0944803773470447,0.0879146396615081,0.07878900123514443,0.06939004648816018,0.06987474179057263,0.07484848955740661
20453,smape,0.2419516520824493,0.2088224118042412,0.2550657156767439,0.2207832674513829,0.1983267576472295,0.18650669544576387,0.18946095377812436,0.1551219788166376
20500,smape,0.170431350919254,0.1727567039128461,0.1976606653776706,0.1766802122453327,0.15620676035798395,0.10914748624183507,0.13096340773901113,0.12703886895096156
21007,smape,0.7167565119092506,0.3126432936075925,0.401039255331743,0.1904794266079799,0.35094235560470305,0.35774454903348607,0.3625888220951213,0.6087207870367266
21008,smape,0.0,0.0,0.0,0.0,0.01844747290995434,0.06821939509582942,0.05836255560011483,0.1304839568952287
21035,smape,0.3611673437686044,0.0751145850450933,0.2217037187544029,0.1174283400572152,0.3907620767496261,0.3617834455659781,0.37512726905670796,0.36832851806071304
21040,smape,0.3795156340579454,0.1110485345273512,0.1796964079855902,0.0952825415726585,0.3618350091302095,0.44433683727144785,0.3253661967677941,0.4233712127034129
21059,smape,0.2554542809340672,0.0591527225705438,0.07572222171103,0.094333639870155,0.02795458938662581,0.07407324985253211,0.026323074940910438,0.0854967677951467
21061,smape,0.1331635491659334,0.1587202847712674,0.1169312440697633,0.1051550172423951,0.18110244954092314,0.15850083926034386,0.20078368466929333,0.22547550173388503
21080,smape,0.3418162820051283,0.3480319766602606,0.2691882570696056,0.2295328455879411,0.15714924253659157,0.22239143747913243,0.16957778981345767,0.1848425481765075
21084,smape,0.1638685632737443,0.1126220737872239,0.1262325708593454,0.0853121606431934,0.14189001874164037,0.08113833483676484,0.11989959510202525,0.13274238059069665
21094,smape,0.8432493933325932,0.3669373382117889,0.4626965718303135,0.3826382754618175,0.40602397898575715,0.3276960496702044,0.3861623493878827,0.4199643109264552
21107,smape,0.2253764654587999,0.2208101576819118,0.2463365148199194,0.2067398394147123,0.15383470335473223,0.15098868685478678,0.14467983452096833,0.12568142799916723
21121,smape,0.2934136645902865,0.243072095798827,0.2595671556455368,0.3149824625583612,0.18926962268216088,0.20391189588799474,0.2230669143158624,0.21307899350709925
21131,smape,0.568488838701559,0.1760153567368203,0.3690176723350928,0.1693349733263938,0.31474783792677874,0.38243580237070535,0.3442950520448775,0.3016063490867263
21134,smape,0.5354636851234588,0.1576153093493802,0.3066345740674653,0.2009827974349374,0.28720327549677815,0.48767374623054116,0.31794643981217363,0.4594634487041323
21136,smape,0.0,0.0,0.0,0.0,0.3725588505192768,0.4542805968369544,0.37610020873596406,0.4763848389363766
21142,smape,0.1429717654026265,0.0829932467884948,0.0652708093972629,0.0777907980761909,0.03875307195700342,0.047409536488523044,0.06085536337717115,0.07819480906566931
21147,smape,0.6599862628608483,0.2203083393757275,0.4072077861625024,0.3071801619451958,0.28927093595913117,0.30154232001613346,0.29091694514938576,0.31161066356708145
21158,smape,0.0,0.0,0.0,0.0,0.5205597978076848,0.15493304586093593,0.2870982259146826,0.24694076602348586
21160,smape,0.7636960958520319,0.2474529310425613,0.5080605140896971,0.3869686572405357,0.3043883184625803,0.28237208344945963,0.32929619935710996,0.31500857668291715
21161,smape,0.0374844763918873,0.0074260574825874,0.0037311430615556,0.0414550656483965,0.8004305067015915,0.792554288940979,0.7831403126093827,0.7859327867974671
21167,smape,0.1539323475088158,0.1471712143379548,0.1525186857828828,0.1529941347430173,0.06530078373542736,0.08124985005054407,0.0862950646047861,0.13176101169007365
21171,smape,0.1070205550545531,0.0948939708467292,0.1178311562110785,0.1111262592257126,0.06755875381070263,0.13997160336991865,0.07330557681230793,0.08330068521196794
21186,smape,0.5995096526133384,0.040946200980209,0.4084587643855526,0.2199425861131794,0.26891999929498256,0.33606827212044904,0.3422614673777929,0.3587320537235108
21196,smape,0.7679721365983131,0.2412547971136505,0.4566534844028025,0.2459658735290546,0.194788473793308,0.34268770720581176,0.24541272522293067,0.35226012488476577
21202,smape,0.6845953035332017,0.1445642408651327,0.2373666978478749,0.157158377449574,0.18374324150527738,0.3524495878347495,0.19261218645783615,0.3253386243120849
21226,smape,0.1012369298635307,0.0855469570255276,0.0866529970452494,0.0815510629058615,0.023415798558151086,0.04886062820236703,0.02585582189396023,0.04941240435509237
21231,smape,0.5957652542104722,0.4836957805965711,0.4411886597739115,0.3524388859709979,0.3274266197418594,0.40528339034760746,0.3071799540543357,0.38296626314872434
21236,smape,0.3855184781828441,0.6998575520673426,0.3421118019572964,0.2985509217265053,0.6920515668951068,0.9852458868865747,0.6910029146218366,0.9829389801157683
21258,smape,0.274310901329364,0.2473970423308628,0.2631926957376064,0.2626365533208426,0.2566320823392902,0.26526238226728643,0.2548357638122263,0.2603310652694279
21261,smape,0.1394993235435661,0.0246065251535051,0.0726043775352741,0.0756905039452434,0.02302375150020882,0.025802704789848776,0.039603605436454976,0.036500902287596705
21262,smape,0.0281730806125783,0.0356842985742609,0.042703802125971,0.0148498463756229,0.007349526880878823,0.014532387510858669,0.013890232753067937,0.043403640307448164
21266,smape,0.1903405266115329,0.100823494591573,0.1834468904552565,0.0967866698456158,0.4834258831202544,0.4814436525332788,0.4624431298341399,0.5069706174016434
21271,smape,0.0977290498453075,0.1018651017999036,0.1099164467774717,0.1053202575438338,0.06138598845557065,0.057605192159502966,0.08408711181111508,0.10089002654587939
21306,smape,0.3525022922720053,0.0557919564057171,0.2008093056924353,0.0700658520086874,0.20493855589618168,0.19403650772731107,0.20663075411091908,0.19075682167782762
21308,smape,0.7468639717016876,0.1692896520223958,0.3265466184162591,0.1999503628034774,0.2812078099401956,0.3462691834800911,0.277765365254479,0.3584192674294552
21309,smape,0.6411585042252639,0.272955918619593,0.3447940877839547,0.2551042456153066,0.24920209636699486,0.2797992587456982,0.2383051029322877,0.2400046785840032
21331,smape,0.455097442148404,0.1264731985747396,0.244933870265496,0.1545357080896697,0.21003096959258954,0.25225419062482796,0.21011351441290527,0.3739058123102866
21342,smape,0.2768967838443057,0.2270973064778626,0.241481837954426,0.2232648017290033,0.12048996603676418,0.17934188616642888,0.11573373955543954,0.12032633040684278
21351,smape,0.058468139777305,0.1091095445790015,0.0901055444620187,0.043446794711685,0.04387116593627664,0.07945810371287362,0.06862693512347313,0.05803814332571852
21352,smape,0.546979818680954,0.4116517070940185,0.5030301663538025,0.5683485641775107,0.38749565555355603,0.3596398791718654,0.38330688715749983,0.3897158052348439
21356,smape,0.1717398102194381,0.1490231740385627,0.1779545122244641,0.1242453247016883,0.10365834379909417,0.10957053574010864,0.10189631369054239,0.09996845983770136
21361,smape,0.1742480819922155,0.1684018589192709,0.123312995068744,0.1424873650905759,0.17309135559269997,0.1565600357749648,0.169092908827286,0.138330108717443
21366,smape,0.1662432490672346,0.2125448563487563,0.1905590363470053,0.1387544232491361,0.3632841677021323,0.2895797614806973,0.220492761729939,0.2774148509566863
21376,smape,0.1060589258266081,0.08074394899612,0.15359092426323,0.0793385687751228,0.12442143152665519,0.31624353217487017,0.15208297535081894,0.17229282563424883
21395,smape,0.0690601195195458,0.0384972017234164,0.0431539136909592,0.0327271492236556,0.02468027394930173,0.02751826046749693,0.021725766203007403,0.024722345103034
21402,smape,0.3747302093166077,0.1889526912829107,0.2898863058711319,0.2539593431049125,0.33691223674851095,0.1443091952596032,0.5648364228544467,0.2300583065890279
21406,smape,0.5081410829976092,0.0991300078705786,0.3125133554641339,0.119853063007096,0.2599560398312794,0.26946956481360457,0.23293449680305056,0.23988923432363865
21407,smape,0.5908984379629497,0.1868292439538603,0.4193875809938525,0.3109538964271772,0.19062553415025307,0.17185505203289272,0.24774873547519619,0.2515245472754703
21411,smape,0.1113301973819383,0.100815230676294,0.1236091795064483,0.1242469839534835,0.49873359405002166,0.5053720374984718,0.48307847456055814,0.49699911260284263
21416,smape,0.1742287575186028,0.1352903358620528,0.1789869209421704,0.1653240416654337,0.15710894964819752,0.13677900277703536,0.16154709196846295,0.1489167218935172
21421,smape,0.2257374915480188,0.0210803036381033,0.1756643826741922,0.0435833947932187,0.36225957452429713,0.3472066975490507,0.2268519826070536,0.2682830935465661
21423,smape,0.5940698826443873,0.1360326972964158,0.319185701821386,0.0883673396602259,0.29425479255330966,0.556194320551842,0.29748659499621183,0.4126625579805819
21427,smape,0.146982205640232,0.1307249097290569,0.149428229175361,0.112123515268364,0.07515509633939074,0.09116451103047617,0.06809319584187971,0.06910369058320959
21433,smape,0.2365155372046331,0.1929096705505895,0.1428590825812196,0.1667072194957121,0.6641261473820961,0.4644760062746172,0.7074931029515428,0.5846426153792478
21437,smape,0.1271631382745669,0.1037127658379823,0.0975422293169576,0.1173317366062126,0.14471693890156576,0.1471559593546851,0.16588556679603647,0.1820429796643141
21439,smape,0.7056641714205675,0.6840719463547055,0.7001127859559154,0.6798503074188412,0.6778165335801627,0.6726229096156865,0.6731748757535917,0.6665447179974889
21440,smape,0.4066204626530413,0.1562996669191788,0.1793409757792576,0.1487651191028681,0.24417698655365763,0.16334983667701772,0.16833330486795878,0.1555149171384841
21447,smape,0.51721908044821,0.0649361686431691,0.2390562593714861,0.1276197946285104,0.20880680784890263,0.37272965554935583,0.26000141910794705,0.33582020562928105
21463,smape,0.1296537115483826,0.04080806526822,0.0677537096862132,0.0283373409253775,0.06619936344501298,0.021750025439082683,0.06766025662164137,0.07274589831688205
21467,smape,0.3186924637186532,0.0319143988174121,0.0586190712356403,0.0339291429730782,0.11317972092943489,0.13467094276277156,0.1252552617118385,0.1697553102072239
21487,smape,0.1704474392221949,0.2381799100159417,0.1944841011007346,0.1650887030909766,0.12976077205056255,0.17056041961426843,0.1648724801735232,0.1810178122439926
21492,smape,0.3302268325985934,0.278570436204253,0.2825215636486923,0.2671836138390857,0.2727494773567254,0.27589732221832697,0.27246137886179156,0.2755782091868348
21528,smape,0.2170502947123691,0.2833456938247425,0.2853020799608224,0.2042999004001451,0.2827376644765585,0.2582339240807281,0.27512424677169267,0.3106882918264835
21552,smape,0.352030233631914,0.0371017616711526,0.1644686087464963,0.0423481698372059,0.09304681953824523,0.10768644858360785,0.0951585992868339,0.10130795162522271
21557,smape,0.1103175421427647,0.1096618426181727,0.0906742305221449,0.0857415449105478,0.07490231596990561,0.06107746785445459,0.09245157632401449,0.10774441649736394
21567,smape,0.1352423376763943,0.1659133837548193,0.1528121801720159,0.1465445738438345,0.03680302301966224,0.11836752606128538,0.03795965640769824,0.12229646358349162
21568,smape,0.1234673720509717,0.1212466928908689,0.0981383304643584,0.1409433827505716,0.15727244344560692,0.12821433530287119,0.11019418544420068,0.13512831902053687
21569,smape,0.1604833661398959,0.0491379809323382,0.1247521384661155,0.0707014356928772,0.41672580751190436,0.7459936746682927,0.567525651480027,0.7455614291256734
21578,smape,0.0454430270856708,0.0617572863934589,0.063464868708831,0.0437400918792333,0.03296900082582535,0.04036595759778692,0.05425884602260805,0.07384818820660767
21579,smape,0.1733627146181053,0.1546322542335322,0.1682813378093104,0.1655148271113337,0.11889753248545792,0.10711670084570665,0.1065700222127021,0.10766642625821803
21580,smape,0.3551013059369962,0.0921966725516885,0.1410257289661928,0.0862803069071058,0.14057129931526846,0.06634311611742671,0.06781659459157635,0.0817047839830009
21587,smape,0.3141156837265038,0.3073736461718844,0.3122675177077153,0.2870449481198244,0.26856977560805906,0.2926251888166702,0.29686327543509733,0.31561891934654723
21590,smape,0.5762380684638693,0.1823490242653399,0.3871666236227427,0.2739561179591004,0.2935442548561916,0.28314011417097706,0.4343951871485676,0.37542164142053586
21592,smape,0.036774691368519,0.0857546313787037,0.0552939471881196,0.0641791661118486,0.15132841151206577,0.14825858741783304,0.15535519853114957,0.17479355297482094
21605,smape,0.8797884607531903,0.9200484810177856,0.8962325004460475,0.8132317038996499,0.7883059027728929,0.8339849449214761,0.8224223136240979,0.8363424392536252
21607,smape,0.1265809096958078,0.1078152229642606,0.0690609161953507,0.0781344907349039,0.08885337307246151,0.12740708188585118,0.07499843059438228,0.07876881797260477
21608,smape,0.1559429498945244,0.114762609377288,0.1720330472333627,0.1155598387422741,0.05494623797691174,0.06353816983392509,0.11156523808169035,0.11900817998994251
21610,smape,0.1047440895106292,0.1257082348938082,0.1077203437050227,0.0945471132066324,0.03454223358984384,0.08101592480138381,0.04579662842545215,0.05858643768882129
21611,smape,0.0481521236215138,0.0494460609519433,0.0711656765054826,0.0523395965159363,0.0279578067989094,0.03362212939290568,0.03202572150685351,0.05542010928143334
21615,smape,0.444605877746452,0.1661909746457194,0.1934331416577699,0.1648765358039355,0.14218831880243718,0.14127087806873917,0.13850828193047018,0.21734988333009278
21626,smape,0.1324238008424546,0.0988504671376524,0.0914002523888774,0.0901711845185618,0.08319322429936925,0.08034770717541334,0.07304325310837174,0.0823199018842115
21629,smape,0.1922447226932445,0.1815099274903812,0.1911914635561151,0.2031722951859032,0.14014724541247559,0.16157208621798141,0.1287156633030046,0.19881382244196702
21635,smape,0.59933820987002,0.2360181919030689,0.3100742524716491,0.3299484344089903,0.29324687677019745,0.19041774507268883,0.2115644354079796,0.22415361962653158
21638,smape,0.095254354580089,0.0952940413088643,0.0803461593930412,0.0877875456204813,0.10137538522321234,0.08587390872729278,0.12609016159037145,0.10915833092051687
21646,smape,0.5374022443243244,0.2248871195624596,0.2986189650729453,0.268911564369005,0.3235787471201845,0.29812259178881423,0.32782186764831206,0.3160544261471529
21656,smape,0.5595936630850379,0.2163835195298954,0.3107829138920145,0.1724247334451902,0.2721868742377015,0.3043458328020232,0.24941310132430383,0.305509942048699
21659,smape,0.2709846907548617,0.2390208285266986,0.2150127336301552,0.1991525220454935,0.13948773627144012,0.1419256639450904,0.13115338398911702,0.10435715524820006
21674,smape,0.0783601012220055,0.0624997793719571,0.0550562134409939,0.056711977062465,0.10261414113351124,0.11682836238425533,0.09200823374947524,0.12048850207505508
21692,smape,0.3944271388467176,0.0290715694431429,0.117361288626161,0.0322341331460381,0.0927501343292574,0.07505423531603832,0.10984105207252813,0.0892447057264871
21694,smape,0.4048162246803251,0.1375638947918687,0.1432660137679624,0.1316074138849627,0.10712291554376822,0.14277863665352186,0.08276798539882296,0.20655199333656243
